model,temperature,generation,tick,charge,position,action_taken,tokens_used,signs_read_count,signs_written_count
qwen2.5:1.5b,0.2,1,1,98.5,(16;15),move,0,0,0
qwen2.5:1.5b,0.2,1,2,100.0,(16;15),forage,0,0,0
qwen2.5:1.5b,0.2,1,3,99.0,(16;15),forage,0,0,0
qwen2.5:1.5b,0.2,1,4,98.0,(16;15),forage,0,0,0
qwen2.5:1.5b,0.2,1,5,97.0,(16;15),forage,0,0,0
qwen2.5:1.5b,0.2,1,6,95.5,(17;15),move,0,0,0
qwen2.5:1.5b,0.2,1,7,94.0,(18;15),move,0,0,0
qwen2.5:1.5b,0.2,1,8,100.0,(18;15),forage,0,0,0
qwen2.5:1.5b,0.2,1,9,98.5,(18;16),move,0,0,0
qwen2.5:1.5b,0.2,1,10,97.0,(18;17),move,0,0,0
qwen2.5:1.5b,0.2,1,11,95.5,(18;18),move,0,0,0
qwen2.5:1.5b,0.2,1,12,94.0,(18;18),move,0,0,0
qwen2.5:1.5b,0.2,1,13,92.5,(18;18),move,0,0,0
qwen2.5:1.5b,0.2,1,14,91.0,(18;18),move,0,0,0
qwen2.5:1.5b,0.2,1,15,89.5,(17;18),move,0,0,0
qwen2.5:1.5b,0.2,1,16,88.0,(17;19),move,0,0,0
qwen2.5:1.5b,0.2,1,17,86.5,(17;19),move,0,0,0
qwen2.5:1.5b,0.2,1,18,85.0,(17;20),move,0,0,0
qwen2.5:1.5b,0.2,1,19,83.5,(16;20),move,0,0,0
qwen2.5:1.5b,0.2,1,20,82.0,(16;20),move,0,0,0
qwen2.5:1.5b,0.2,1,21,80.5,(17;20),move,0,0,0
qwen2.5:1.5b,0.2,1,22,79.0,(17;21),move,0,0,0
qwen2.5:1.5b,0.2,1,23,77.5,(17;22),move,0,0,0
qwen2.5:1.5b,0.2,1,24,76.0,(16;22),move,0,0,0
qwen2.5:1.5b,0.2,1,25,74.5,(15;22),move,0,0,0
qwen2.5:1.5b,0.2,1,26,73.0,(15;23),move,0,0,0
qwen2.5:1.5b,0.2,1,27,71.5,(16;23),move,0,0,0
qwen2.5:1.5b,0.2,1,28,70.0,(16;23),move,0,0,0
qwen2.5:1.5b,0.2,1,29,68.5,(16;23),move,0,0,0
qwen2.5:1.5b,0.2,1,30,67.0,(16;24),move,0,0,0
qwen2.5:1.5b,0.2,1,31,65.5,(17;24),move,0,0,0
qwen2.5:1.5b,0.2,1,32,64.0,(18;24),move,0,0,0
qwen2.5:1.5b,0.2,1,33,62.5,(19;24),move,0,0,0
qwen2.5:1.5b,0.2,1,34,61.0,(20;24),move,0,0,0
qwen2.5:1.5b,0.2,1,35,59.5,(20;23),move,0,0,0
qwen2.5:1.5b,0.2,1,36,58.0,(19;23),move,0,0,0
qwen2.5:1.5b,0.2,1,37,76.39,(19;23),forage,0,0,0
qwen2.5:1.5b,0.2,1,38,74.89,(20;23),move,0,0,0
qwen2.5:1.5b,0.2,1,39,73.39,(21;23),move,0,0,0
qwen2.5:1.5b,0.2,1,40,71.89,(22;23),move,0,0,0
qwen2.5:1.5b,0.2,1,41,70.39,(23;23),move,0,0,0
qwen2.5:1.5b,0.2,1,42,68.89,(24;23),move,0,0,0
qwen2.5:1.5b,0.2,1,43,67.39,(25;23),move,0,0,0
qwen2.5:1.5b,0.2,1,44,65.89,(25;24),move,0,0,0
qwen2.5:1.5b,0.2,1,45,64.39,(25;25),move,0,0,0
qwen2.5:1.5b,0.2,1,46,62.89,(25;24),move,0,0,0
qwen2.5:1.5b,0.2,1,47,61.39,(25;25),move,0,0,0
qwen2.5:1.5b,0.2,1,48,50.39,(25;25),attempt_vault,0,0,0
qwen2.5:1.5b,0.2,1,49,39.39,(25;25),attempt_vault,0,0,0
qwen2.5:1.5b,0.2,1,50,37.89,(25;26),move,0,0,0
qwen2.5:1.5b,0.2,1,51,36.39,(24;26),move,0,0,0
qwen2.5:1.5b,0.2,1,52,34.89,(24;27),move,0,0,0
qwen2.5:1.5b,0.2,1,53,33.39,(23;27),move,0,0,0
qwen2.5:1.5b,0.2,1,54,31.89,(22;27),move,0,0,0
qwen2.5:1.5b,0.2,1,55,30.39,(22;26),move,0,0,0
qwen2.5:1.5b,0.2,1,56,28.89,(23;26),move,0,0,0
qwen2.5:1.5b,0.2,1,57,17.89,(23;26),attempt_vault,0,0,0
qwen2.5:1.5b,0.2,1,58,6.89,(23;26),attempt_vault,0,0,0
qwen2.5:1.5b,0.2,1,59,5.39,(24;26),move,0,0,0
qwen2.5:1.5b,0.2,1,60,3.89,(24;25),move,0,0,0
qwen2.5:1.5b,0.2,1,61,2.39,(25;25),move,0,0,0
qwen2.5:1.5b,0.2,1,62,0.89,(25;24),move,0,0,0
qwen2.5:1.5b,0.2,1,63,-0.61,(25;23),move,0,0,0
qwen2.5:1.5b,0.2,2,1,98.5,(16;15),move,0,0,0
qwen2.5:1.5b,0.2,2,2,97.0,(16;14),move,0,0,0
qwen2.5:1.5b,0.2,2,3,95.5,(16;13),move,0,0,0
qwen2.5:1.5b,0.2,2,4,94.0,(16;12),move,0,0,0
qwen2.5:1.5b,0.2,2,5,92.5,(15;12),move,0,0,0
qwen2.5:1.5b,0.2,2,6,91.0,(14;12),move,0,0,0
qwen2.5:1.5b,0.2,2,7,89.5,(14;13),move,0,0,0
qwen2.5:1.5b,0.2,2,8,88.0,(14;14),move,0,0,0
qwen2.5:1.5b,0.2,2,9,86.5,(13;14),move,0,0,0
qwen2.5:1.5b,0.2,2,10,85.0,(12;14),move,0,0,0
qwen2.5:1.5b,0.2,2,11,83.5,(12;13),move,0,0,0
qwen2.5:1.5b,0.2,2,12,82.0,(11;13),move,0,0,0
qwen2.5:1.5b,0.2,2,13,80.5,(10;13),move,0,0,0
qwen2.5:1.5b,0.2,2,14,79.0,(9;13),move,0,0,0
qwen2.5:1.5b,0.2,2,15,77.5,(8;13),move,0,0,0
qwen2.5:1.5b,0.2,2,16,76.0,(8;12),move,0,0,0
qwen2.5:1.5b,0.2,2,17,74.5,(8;11),move,0,0,0
qwen2.5:1.5b,0.2,2,18,73.0,(8;10),move,0,0,0
qwen2.5:1.5b,0.2,2,19,71.5,(8;9),move,0,0,0
qwen2.5:1.5b,0.2,2,20,70.0,(7;9),move,0,0,0
qwen2.5:1.5b,0.2,2,21,68.5,(6;9),move,0,0,0
qwen2.5:1.5b,0.2,2,22,67.0,(5;9),move,0,0,0
qwen2.5:1.5b,0.2,2,23,65.5,(5;10),move,0,0,0
qwen2.5:1.5b,0.2,2,24,64.0,(5;11),move,0,0,0
qwen2.5:1.5b,0.2,2,25,62.5,(5;12),move,0,0,0
qwen2.5:1.5b,0.2,2,26,61.0,(5;13),move,0,0,0
qwen2.5:1.5b,0.2,2,27,59.5,(5;14),move,0,0,0
qwen2.5:1.5b,0.2,2,28,58.0,(5;15),move,0,0,0
qwen2.5:1.5b,0.2,2,29,56.5,(5;16),move,0,0,0
qwen2.5:1.5b,0.2,2,30,55.0,(5;17),move,0,0,0
qwen2.5:1.5b,0.2,2,31,53.5,(5;18),move,0,0,0
qwen2.5:1.5b,0.2,2,32,52.0,(5;19),move,0,0,0
qwen2.5:1.5b,0.2,2,33,50.5,(5;20),move,0,0,0
qwen2.5:1.5b,0.2,2,34,49.0,(5;21),move,0,0,0
qwen2.5:1.5b,0.2,2,35,47.5,(5;22),move,0,0,0
qwen2.5:1.5b,0.2,2,36,46.0,(5;23),move,0,0,0
qwen2.5:1.5b,0.2,2,37,44.5,(5;24),move,0,0,0
qwen2.5:1.5b,0.2,2,38,43.0,(5;25),move,0,0,0
qwen2.5:1.5b,0.2,2,39,41.5,(6;25),move,0,0,0
qwen2.5:1.5b,0.2,2,40,30.5,(6;25),attempt_vault,0,0,0
qwen2.5:1.5b,0.2,2,41,29.0,(7;25),move,0,0,0
qwen2.5:1.5b,0.2,2,42,27.5,(8;25),move,0,0,0
qwen2.5:1.5b,0.2,2,43,26.0,(9;25),move,0,0,0
qwen2.5:1.5b,0.2,2,44,24.5,(10;25),move,0,0,0
qwen2.5:1.5b,0.2,2,45,23.0,(11;25),move,0,0,0
qwen2.5:1.5b,0.2,2,46,21.5,(11;24),move,0,0,0
qwen2.5:1.5b,0.2,2,47,20.0,(11;23),move,0,0,0
qwen2.5:1.5b,0.2,2,48,18.5,(12;23),move,0,0,0
qwen2.5:1.5b,0.2,2,49,17.0,(13;23),move,0,0,0
qwen2.5:1.5b,0.2,2,50,6.0,(13;23),attempt_vault,0,0,0
qwen2.5:1.5b,0.2,2,51,-5.0,(13;23),attempt_vault,0,0,0
qwen2.5:1.5b,0.2,3,1,98.5,(16;17),move,0,0,0
qwen2.5:1.5b,0.2,3,2,97.0,(16;18),move,0,0,0
qwen2.5:1.5b,0.2,3,3,95.5,(16;19),move,0,0,0
qwen2.5:1.5b,0.2,3,4,94.0,(16;20),move,0,0,0
qwen2.5:1.5b,0.2,1,1,97.0,(16;16),rest,0,0,0
qwen2.5:1.5b,0.2,1,2,94.0,(16;16),rest,0,0,0
qwen2.5:1.5b,0.2,1,3,91.0,(16;16),rest,0,0,0
qwen2.5:1.5b,0.2,1,4,88.0,(16;16),rest,0,0,0
qwen2.5:1.5b,0.2,1,5,74.49,(16;16),attempt_vault,51,0,0
qwen2.5:1.5b,0.2,1,6,70.53,(17;17),move,46,0,0
qwen2.5:1.5b,0.2,1,7,67.09,(17;17),rest,44,0,0
qwen2.5:1.5b,0.2,1,8,63.56,(17;17),forage,53,0,0
qwen2.5:1.5b,0.2,1,9,50.03,(17;17),attempt_vault,53,0,0
qwen2.5:1.5b,0.2,1,10,46.07,(18;18),move,46,0,0
qwen2.5:1.5b,0.2,1,1,86.5,(16;16),attempt_vault,50,0,0
qwen2.5:1.5b,0.2,1,11,42.54,(18;18),forage,53,0,0
qwen2.5:1.5b,0.2,1,2,83.04,(16;16),forage,46,0,0
qwen2.5:1.5b,0.2,1,12,29.01,(18;18),attempt_vault,53,0,0
qwen2.5:1.5b,0.2,1,3,79.61,(16;16),rest,43,0,0
qwen2.5:1.5b,0.2,1,13,25.57,(18;18),rest,44,0,0
qwen2.5:1.5b,0.2,1,4,76.18,(16;16),rest,43,0,0
qwen2.5:1.5b,0.2,1,14,21.61,(19;19),move,46,0,0
qwen2.5:1.5b,0.2,1,5,72.72,(16;16),forage,46,0,0
qwen2.5:1.5b,0.2,1,15,18.08,(19;19),forage,53,0,0
qwen2.5:1.5b,0.2,1,6,59.22,(16;16),attempt_vault,50,0,0
qwen2.5:1.5b,0.2,1,16,4.55,(19;19),attempt_vault,53,0,0
qwen2.5:1.5b,0.2,1,7,55.79,(16;16),rest,43,0,0
qwen2.5:1.5b,0.2,1,17,1.11,(19;19),rest,44,0,0
qwen2.5:1.5b,0.2,1,8,52.33,(16;16),forage,46,0,0
qwen2.5:1.5b,0.2,1,17,-1.35,(19;19),rest,46,0,0
qwen2.5:1.5b,0.2,1,9,38.83,(16;16),attempt_vault,50,0,0
qwen2.5:1.5b,0.2,2,1,96.14,(15;17),move,36,0,0
qwen2.5:1.5b,0.2,1,10,35.4,(16;16),rest,43,0,0
qwen2.5:1.5b,0.2,2,2,92.28,(14;17),move,36,0,0
qwen2.5:1.5b,0.2,1,11,31.94,(16;16),forage,46,0,0
qwen2.5:1.5b,0.2,2,3,88.42,(13;18),move,36,0,0
qwen2.5:1.5b,0.2,1,12,18.44,(16;16),attempt_vault,50,0,0
qwen2.5:1.5b,0.2,2,4,84.56,(14;17),move,36,0,0
qwen2.5:1.5b,0.2,1,13,15.01,(16;16),rest,43,0,0
qwen2.5:1.5b,0.2,2,5,80.7,(13;18),move,36,0,0
qwen2.5:1.5b,0.2,1,14,11.55,(16;16),forage,46,0,0
qwen2.5:1.5b,0.2,2,6,76.84,(14;17),move,36,0,0
qwen2.5:1.5b,0.2,1,15,-1.95,(16;16),attempt_vault,50,0,0
qwen2.5:1.5b,0.2,2,7,72.98,(13;18),move,36,0,0
qwen2.5:1.5b,0.2,2,1,96.51,(16;16),forage,49,0,0
qwen2.5:1.5b,0.2,2,8,69.12,(14;17),move,36,0,0
qwen2.5:1.5b,0.2,2,2,93.09,(16;16),forage,42,0,0
qwen2.5:1.5b,0.2,2,9,65.26,(13;18),move,36,0,0
qwen2.5:1.5b,0.2,2,3,89.65,(16;16),forage,44,0,0
qwen2.5:1.5b,0.2,2,10,61.4,(14;17),move,36,0,0
qwen2.5:1.5b,0.2,2,4,76.15,(16;16),attempt_vault,50,0,0
qwen2.5:1.5b,0.2,2,11,57.54,(13;18),move,36,0,0
qwen2.5:1.5b,0.2,2,12,53.68,(14;17),move,36,0,0
qwen2.5:1.5b,0.2,2,13,49.82,(13;18),move,36,0,0
qwen2.5:1.5b,0.2,2,14,45.96,(14;17),move,36,0,0
qwen2.5:1.5b,0.2,2,15,42.1,(13;18),move,36,0,0
qwen2.5:1.5b,0.2,2,16,38.24,(14;17),move,36,0,0
qwen2.5:1.5b,0.2,2,17,34.38,(13;18),move,36,0,0
qwen2.5:1.5b,0.2,2,18,30.52,(14;17),move,36,0,0
qwen2.5:1.5b,0.2,2,19,26.66,(13;18),move,36,0,0
qwen2.5:1.5b,0.2,2,20,22.8,(14;17),move,36,0,0
qwen2.5:1.5b,0.2,2,21,18.94,(13;18),move,36,0,0
qwen2.5:1.5b,0.2,2,22,15.08,(14;17),move,36,0,0
qwen2.5:1.5b,0.2,2,23,11.22,(13;18),move,36,0,0
qwen2.5:1.5b,0.2,2,24,7.36,(14;17),move,36,0,0
qwen2.5:1.5b,0.2,2,25,3.5,(13;18),move,36,0,0
qwen2.5:1.5b,0.2,1,1,86.48,(16;16),attempt_vault,52,0,0
qwen2.5:1.5b,0.2,2,26,-0.36,(14;17),move,36,0,0
qwen2.5:1.5b,0.2,1,2,82.97,(16;16),forage,51,0,0
qwen2.5:1.5b,0.2,3,1,86.54,(16;16),attempt_vault,46,0,0
qwen2.5:1.5b,0.2,1,3,79.5,(16;16),rest,47,0,0
qwen2.5:1.5b,0.2,3,2,73.08,(16;16),attempt_vault,46,0,0
qwen2.5:1.5b,0.2,1,4,76.02,(16;16),forage,48,0,0
qwen2.5:1.5b,0.2,3,3,69.64,(16;16),rest,44,0,0
qwen2.5:1.5b,0.2,1,5,62.51,(16;16),attempt_vault,51,0,0
qwen2.5:1.5b,0.2,3,4,66.2,(16;16),rest,44,0,0
qwen2.5:1.5b,0.2,1,6,59.02,(16;16),rest,49,0,0
qwen2.5:1.5b,0.2,3,5,62.76,(16;16),rest,44,0,0
qwen2.5:1.5b,0.2,1,7,55.49,(16;16),forage,53,0,0
qwen2.5:1.5b,0.2,3,6,59.32,(16;16),rest,44,0,0
qwen2.5:1.5b,0.2,1,8,41.98,(16;16),attempt_vault,51,0,0
qwen2.5:1.5b,0.2,3,7,55.88,(16;16),rest,44,0,0
qwen2.5:1.5b,0.2,1,9,38.49,(16;16),rest,49,0,0
qwen2.5:1.5b,0.2,3,8,52.44,(16;16),rest,44,0,0
qwen2.5:1.5b,0.2,1,10,34.96,(16;16),forage,53,0,0
qwen2.5:1.5b,0.2,3,9,49.0,(16;16),rest,44,0,0
qwen2.5:1.5b,0.2,1,11,21.45,(16;16),attempt_vault,51,0,0
qwen2.5:1.5b,0.2,3,10,45.56,(16;16),rest,44,0,0
qwen2.5:1.5b,0.2,1,12,17.96,(16;16),rest,49,0,0
qwen2.5:1.5b,0.2,3,11,42.12,(16;16),rest,44,0,0
qwen2.5:1.5b,0.2,1,13,14.43,(16;16),forage,53,0,0
qwen2.5:1.5b,0.2,3,12,38.68,(16;16),rest,44,0,0
qwen2.5:1.5b,0.2,1,14,0.92,(16;16),attempt_vault,51,0,0
qwen2.5:1.5b,0.2,3,13,35.24,(16;16),rest,44,0,0
qwen2.5:1.5b,0.2,1,14,-1.57,(16;16),rest,49,0,0
qwen2.5:1.5b,0.2,3,14,31.8,(16;16),rest,44,0,0
qwen2.5:1.5b,0.2,2,1,96.52,(16;16),forage,48,0,0
qwen2.5:1.5b,0.2,3,15,28.36,(16;16),rest,44,0,0
qwen2.5:1.5b,0.2,2,2,83.03,(16;16),attempt_vault,49,0,0
qwen2.5:1.5b,0.2,3,16,24.92,(16;16),rest,44,0,0
qwen2.5:1.5b,0.2,2,3,79.55,(16;16),forage,48,0,0
qwen2.5:1.5b,0.2,3,17,21.48,(16;16),rest,44,0,0
qwen2.5:1.5b,0.2,2,4,66.06,(16;16),attempt_vault,49,0,0
qwen2.5:1.5b,0.2,3,18,18.04,(16;16),rest,44,0,0
qwen2.5:1.5b,0.2,2,5,62.58,(16;16),forage,48,0,0
qwen2.5:1.5b,0.2,3,19,14.6,(16;16),rest,44,0,0
qwen2.5:1.5b,0.2,2,6,49.09,(16;16),attempt_vault,49,0,0
qwen2.5:1.5b,0.2,3,20,11.16,(16;16),rest,44,0,0
qwen2.5:1.5b,0.2,2,7,45.61,(16;16),forage,48,0,0
qwen2.5:1.5b,0.2,3,21,7.72,(16;16),rest,44,0,0
qwen2.5:1.5b,0.2,2,8,32.12,(16;16),attempt_vault,49,0,0
qwen2.5:1.5b,0.2,1,1,86.55,(16;16),attempt_vault,45,0,0
qwen2.5:1.5b,0.2,3,22,4.28,(16;16),rest,44,0,0
qwen2.5:1.5b,0.2,2,9,28.64,(16;16),forage,48,0,0
qwen2.5:1.5b,0.2,1,2,83.13,(16;16),rest,42,0,0
qwen2.5:1.5b,0.2,3,23,0.84,(16;16),rest,44,0,0
qwen2.5:1.5b,0.2,2,10,15.15,(16;16),attempt_vault,49,0,0
qwen2.5:1.5b,0.2,1,3,79.69,(16;16),forage,44,0,0
qwen2.5:1.5b,0.2,3,23,-1.6,(16;16),rest,44,0,0
qwen2.5:1.5b,0.2,2,11,11.67,(16;16),forage,48,0,0
qwen2.5:1.5b,0.2,1,4,66.21,(16;16),attempt_vault,48,0,0
qwen2.5:1.5b,0.2,4,1,86.49,(16;16),attempt_vault,51,0,0
qwen2.5:1.5b,0.2,2,12,-1.82,(16;16),attempt_vault,49,0,0
qwen2.5:1.5b,0.2,1,5,62.79,(16;16),rest,42,0,0
qwen2.5:1.5b,0.2,4,2,82.61,(17;17),move,38,0,0
qwen2.5:1.5b,0.2,3,1,86.41,(16;16),attempt_vault,59,0,0
qwen2.5:1.5b,0.2,1,6,59.35,(16;16),forage,44,0,0
qwen2.5:1.5b,0.2,4,3,69.11,(17;17),attempt_vault,50,0,0
qwen2.5:1.5b,0.2,3,2,82.98,(16;16),forage,43,0,0
qwen2.5:1.5b,0.2,1,7,45.87,(16;16),attempt_vault,48,0,0
qwen2.5:1.5b,0.2,4,4,65.68,(17;17),rest,43,0,0
qwen2.5:1.5b,0.2,3,3,69.54,(16;16),attempt_vault,44,0,0
qwen2.5:1.5b,0.2,1,8,42.45,(16;16),rest,42,0,0
qwen2.5:1.5b,0.2,4,5,62.21,(17;17),forage,47,0,0
qwen2.5:1.5b,0.2,3,4,66.11,(16;16),forage,43,0,0
qwen2.5:1.5b,0.2,1,9,39.01,(16;16),forage,44,0,0
qwen2.5:1.5b,0.2,4,6,58.38,(18;18),move,33,0,0
qwen2.5:1.5b,0.2,3,5,52.67,(16;16),attempt_vault,44,0,0
qwen2.5:1.5b,0.2,1,10,25.53,(16;16),attempt_vault,48,0,0
qwen2.5:1.5b,0.2,4,7,44.88,(18;18),attempt_vault,50,0,0
qwen2.5:1.5b,0.2,3,6,49.24,(16;16),forage,43,0,0
qwen2.5:1.5b,0.2,1,11,22.11,(16;16),rest,42,0,0
qwen2.5:1.5b,0.2,4,8,41.45,(18;18),rest,43,0,0
qwen2.5:1.5b,0.2,3,7,35.8,(16;16),attempt_vault,44,0,0
qwen2.5:1.5b,0.2,1,12,18.67,(16;16),forage,44,0,0
qwen2.5:1.5b,0.2,4,9,37.98,(18;18),forage,47,0,0
qwen2.5:1.5b,0.2,3,8,32.37,(16;16),forage,43,0,0
qwen2.5:1.5b,0.2,1,13,5.19,(16;16),attempt_vault,48,0,0
qwen2.5:1.5b,0.2,4,10,34.15,(19;19),move,33,0,0
qwen2.5:1.5b,0.2,3,9,18.93,(16;16),attempt_vault,44,0,0
qwen2.5:1.5b,0.2,1,14,1.77,(16;16),rest,42,0,0
qwen2.5:1.5b,0.2,4,11,20.65,(19;19),attempt_vault,50,0,0
qwen2.5:1.5b,0.2,3,10,15.5,(16;16),forage,43,0,0
qwen2.5:1.5b,0.2,1,14,-0.67,(16;16),rest,44,0,0
qwen2.5:1.5b,0.2,4,12,17.22,(19;19),rest,43,0,0
qwen2.5:1.5b,0.2,3,11,2.06,(16;16),attempt_vault,44,0,0
qwen2.5:1.5b,0.2,2,1,86.49,(16;16),attempt_vault,51,0,0
qwen2.5:1.5b,0.2,4,13,13.75,(19;19),forage,47,0,0
qwen2.5:1.5b,0.2,3,11,-0.37,(16;16),rest,43,0,0
qwen2.5:1.5b,0.2,2,2,82.97,(16;16),forage,52,0,0
qwen2.5:1.5b,0.2,4,14,9.92,(20;20),move,33,0,0
qwen2.5:1.5b,0.2,4,1,86.51,(16;16),attempt_vault,49,0,0
qwen2.5:1.5b,0.2,2,3,76.46,(16;16),write_sign,51,0,1
qwen2.5:1.5b,0.2,4,15,-3.58,(20;20),attempt_vault,50,0,0
qwen2.5:1.5b,0.2,4,2,83.05,(16;16),forage,46,0,0
qwen2.5:1.5b,0.2,2,4,73.02,(16;16),rest,44,0,0
qwen2.5:1.5b,0.2,5,1,86.52,(16;16),attempt_vault,48,0,0
qwen2.5:1.5b,0.2,4,3,79.57,(16;16),rest,48,0,0
qwen2.5:1.5b,0.2,2,5,59.5,(16;16),attempt_vault,52,0,0
qwen2.5:1.5b,0.2,5,2,83.09,(16;16),forage,43,0,0
qwen2.5:1.5b,0.2,4,4,66.05,(16;16),attempt_vault,52,0,0
qwen2.5:1.5b,0.2,2,6,55.98,(16;16),forage,52,0,0
qwen2.5:1.5b,0.2,5,3,79.65,(16;16),rest,44,0,0
qwen2.5:1.5b,0.2,4,5,62.55,(16;16),forage,50,0,0
qwen2.5:1.5b,0.2,2,7,49.47,(16;16),write_sign,51,0,1
qwen2.5:1.5b,0.2,5,4,75.75,(16;17),move,40,0,0
qwen2.5:1.5b,0.2,4,6,59.07,(16;16),rest,48,0,0
qwen2.5:1.5b,0.2,2,8,46.03,(16;16),rest,44,0,0
qwen2.5:1.5b,0.2,5,5,72.31,(16;17),rest,44,0,0
qwen2.5:1.5b,0.2,4,7,45.55,(16;16),attempt_vault,52,0,0
qwen2.5:1.5b,0.2,2,9,32.51,(16;16),attempt_vault,52,0,0
qwen2.5:1.5b,0.2,5,6,68.85,(16;17),forage,46,0,0
qwen2.5:1.5b,0.2,4,8,42.05,(16;16),forage,50,0,0
qwen2.5:1.5b,0.2,2,10,28.99,(16;16),forage,52,0,0
qwen2.5:1.5b,0.2,5,7,55.32,(16;17),attempt_vault,53,0,0
qwen2.5:1.5b,0.2,4,9,38.57,(16;16),rest,48,0,0
qwen2.5:1.5b,0.2,2,11,22.48,(16;16),write_sign,51,0,1
qwen2.5:1.5b,0.2,5,8,51.88,(16;17),rest,44,0,0
qwen2.5:1.5b,0.2,4,10,25.05,(16;16),attempt_vault,52,0,0
qwen2.5:1.5b,0.2,2,12,19.04,(16;16),rest,44,0,0
qwen2.5:1.5b,0.2,5,9,47.98,(15;17),move,40,0,0
qwen2.5:1.5b,0.2,4,11,21.55,(16;16),forage,50,0,0
qwen2.5:1.5b,0.2,2,13,5.52,(16;16),attempt_vault,52,0,0
qwen2.5:1.5b,0.2,5,10,44.54,(15;17),rest,44,0,0
qwen2.5:1.5b,0.2,4,12,18.07,(16;16),rest,48,0,0
qwen2.5:1.5b,0.2,2,14,2.0,(16;16),forage,52,0,0
qwen2.5:1.5b,0.2,5,11,41.08,(15;17),forage,46,0,0
qwen2.5:1.5b,0.2,4,13,4.55,(16;16),attempt_vault,52,0,0
qwen2.5:1.5b,0.2,2,14,-0.51,(16;16),rest,51,0,0
qwen2.5:1.5b,0.2,5,12,27.55,(15;17),attempt_vault,53,0,0
qwen2.5:1.5b,0.2,4,14,1.05,(16;16),forage,50,0,0
qwen2.5:1.5b,0.2,3,1,96.1,(17;17),move,40,0,0
qwen2.5:1.5b,0.2,5,13,24.11,(15;17),rest,44,0,0
qwen2.5:1.5b,0.2,4,14,-1.43,(16;16),rest,48,0,0
qwen2.5:1.5b,0.2,3,2,92.2,(16;18),move,40,1,0
qwen2.5:1.5b,0.2,5,14,20.21,(14;17),move,40,0,0
qwen2.5:1.5b,0.2,5,1,86.5,(16;16),attempt_vault,50,0,0
qwen2.5:1.5b,0.2,3,3,88.3,(16;19),move,40,1,0
qwen2.5:1.5b,0.2,5,15,16.77,(14;17),rest,44,0,0
qwen2.5:1.5b,0.2,5,2,83.01,(16;16),forage,49,0,0
qwen2.5:1.5b,0.2,3,4,84.4,(17;19),move,40,1,0
qwen2.5:1.5b,0.2,5,16,35.74,(14;17),forage,46,0,0
qwen2.5:1.5b,0.2,5,3,79.57,(16;16),rest,44,0,0
qwen2.5:1.5b,0.2,3,5,80.5,(16;19),move,40,1,0
qwen2.5:1.5b,0.2,5,17,22.21,(14;17),attempt_vault,53,0,0
qwen2.5:1.5b,0.2,5,4,66.08,(16;16),attempt_vault,49,0,0
qwen2.5:1.5b,0.2,3,6,76.6,(17;19),move,40,1,0
qwen2.5:1.5b,0.2,5,18,18.77,(14;17),rest,44,0,0
qwen2.5:1.5b,0.2,5,5,62.62,(16;16),forage,46,0,0
qwen2.5:1.5b,0.2,3,7,72.7,(16;19),move,40,1,0
qwen2.5:1.5b,0.2,5,19,14.87,(13;17),move,40,0,0
qwen2.5:1.5b,0.2,5,6,59.18,(16;16),rest,44,0,0
qwen2.5:1.5b,0.2,3,8,68.8,(17;19),move,40,1,0
qwen2.5:1.5b,0.2,5,20,11.43,(13;17),rest,44,0,0
qwen2.5:1.5b,0.2,5,7,45.69,(16;16),attempt_vault,49,0,0
qwen2.5:1.5b,0.2,3,9,64.9,(16;19),move,40,1,0
qwen2.5:1.5b,0.2,5,21,7.97,(13;17),forage,46,0,0
qwen2.5:1.5b,0.2,5,8,42.23,(16;16),forage,46,0,0
qwen2.5:1.5b,0.2,3,10,61.0,(17;19),move,40,1,0
qwen2.5:1.5b,0.2,5,22,-5.56,(13;17),attempt_vault,53,0,0
qwen2.5:1.5b,0.2,5,9,38.79,(16;16),rest,44,0,0
qwen2.5:1.5b,0.2,3,11,57.1,(16;19),move,40,1,0
qwen2.5:1.5b,0.2,6,1,86.52,(16;16),attempt_vault,48,0,0
qwen2.5:1.5b,0.2,5,10,25.3,(16;16),attempt_vault,49,0,0
qwen2.5:1.5b,0.2,3,12,53.2,(17;19),move,40,1,0
qwen2.5:1.5b,0.2,6,2,83.09,(16;16),rest,43,0,0
qwen2.5:1.5b,0.2,5,11,21.84,(16;16),forage,46,0,0
qwen2.5:1.5b,0.2,3,13,49.3,(16;19),move,40,1,0
qwen2.5:1.5b,0.2,6,3,79.64,(16;16),forage,45,0,0
qwen2.5:1.5b,0.2,5,12,18.4,(16;16),rest,44,0,0
qwen2.5:1.5b,0.2,3,14,45.4,(17;19),move,40,1,0
qwen2.5:1.5b,0.2,6,4,76.21,(16;16),rest,43,0,0
qwen2.5:1.5b,0.2,5,13,4.91,(16;16),attempt_vault,49,0,0
qwen2.5:1.5b,0.2,3,15,41.5,(16;19),move,40,1,0
qwen2.5:1.5b,0.2,6,5,72.76,(16;16),forage,45,0,0
qwen2.5:1.5b,0.2,5,14,1.45,(16;16),forage,46,0,0
qwen2.5:1.5b,0.2,3,16,37.6,(17;19),move,40,1,0
qwen2.5:1.5b,0.2,6,6,59.28,(16;16),attempt_vault,48,0,0
qwen2.5:1.5b,0.2,5,14,-0.99,(16;16),rest,44,0,0
qwen2.5:1.5b,0.2,3,17,33.7,(16;19),move,40,1,0
qwen2.5:1.5b,0.2,6,7,55.85,(16;16),rest,43,0,0
qwen2.5:1.5b,0.2,6,1,86.48,(16;16),attempt_vault,52,0,0
qwen2.5:1.5b,0.2,3,18,29.8,(17;19),move,40,1,0
qwen2.5:1.5b,0.2,6,8,52.4,(16;16),forage,45,0,0
qwen2.5:1.5b,0.2,6,2,82.96,(16;16),forage,52,0,0
qwen2.5:1.5b,0.2,3,19,25.9,(16;19),move,40,1,0
qwen2.5:1.5b,0.2,6,9,38.92,(16;16),attempt_vault,48,0,0
qwen2.5:1.5b,0.2,6,3,79.48,(16;16),rest,48,0,0
qwen2.5:1.5b,0.2,3,20,22.0,(17;19),move,40,1,0
qwen2.5:1.5b,0.2,6,10,35.49,(16;16),rest,43,0,0
qwen2.5:1.5b,0.2,6,4,75.96,(16;16),forage,52,0,0
qwen2.5:1.5b,0.2,3,21,18.1,(16;19),move,40,1,0
qwen2.5:1.5b,0.2,6,11,32.04,(16;16),forage,45,0,0
qwen2.5:1.5b,0.2,6,5,62.43,(16;16),attempt_vault,53,0,0
qwen2.5:1.5b,0.2,3,22,14.2,(17;19),move,40,1,0
qwen2.5:1.5b,0.2,6,12,18.56,(16;16),attempt_vault,48,0,0
qwen2.5:1.5b,0.2,6,6,58.95,(16;16),rest,48,0,0
qwen2.5:1.5b,0.2,3,23,10.3,(16;19),move,40,1,0
qwen2.5:1.5b,0.2,6,13,15.13,(16;16),rest,43,0,0
qwen2.5:1.5b,0.2,6,7,55.43,(16;16),forage,52,0,0
qwen2.5:1.5b,0.2,3,24,6.4,(17;19),move,40,1,0
qwen2.5:1.5b,0.2,6,14,11.68,(16;16),forage,45,0,0
qwen2.5:1.5b,0.2,6,8,51.95,(16;16),rest,48,0,0
qwen2.5:1.5b,0.2,3,25,2.5,(16;19),move,40,1,0
qwen2.5:1.5b,0.2,6,15,-1.8,(16;16),attempt_vault,48,0,0
qwen2.5:1.5b,0.2,6,9,48.43,(16;16),forage,52,0,0
qwen2.5:1.5b,0.2,3,26,-1.4,(17;19),move,40,1,0
qwen2.5:1.5b,0.2,7,1,96.56,(16;16),forage,44,0,0
qwen2.5:1.5b,0.2,6,10,34.9,(16;16),attempt_vault,53,0,0
qwen2.5:1.5b,0.2,4,1,86.54,(16;16),attempt_vault,46,0,0
qwen2.5:1.5b,0.2,7,2,83.06,(16;16),attempt_vault,50,0,0
qwen2.5:1.5b,0.2,6,11,31.42,(16;16),rest,48,0,0
qwen2.5:1.5b,0.2,4,2,83.06,(16;16),forage,48,0,0
qwen2.5:1.5b,0.2,7,3,76.55,(16;16),write_sign,51,0,1
qwen2.5:1.5b,0.2,6,12,27.9,(16;16),forage,52,0,0
qwen2.5:1.5b,0.2,4,3,79.64,(16;16),rest,42,0,0
qwen2.5:1.5b,0.2,7,4,73.11,(16;16),rest,44,0,0
qwen2.5:1.5b,0.2,6,13,24.42,(16;16),rest,48,0,0
qwen2.5:1.5b,0.2,4,4,76.17,(16;16),forage,47,0,0
qwen2.5:1.5b,0.2,7,5,69.26,(17;17),move,35,0,0
qwen2.5:1.5b,0.2,6,14,20.9,(16;16),forage,52,0,0
qwen2.5:1.5b,0.2,4,5,62.68,(16;16),attempt_vault,49,0,0
qwen2.5:1.5b,0.2,7,6,65.41,(18;18),move,35,1,0
qwen2.5:1.5b,0.2,6,15,7.37,(16;16),attempt_vault,53,0,0
qwen2.5:1.5b,0.2,4,6,59.25,(16;16),rest,43,0,0
qwen2.5:1.5b,0.2,7,7,51.91,(18;18),attempt_vault,50,1,0
qwen2.5:1.5b,0.2,6,16,3.89,(16;16),rest,48,0,0
qwen2.5:1.5b,0.2,4,7,55.78,(16;16),forage,47,0,0
qwen2.5:1.5b,0.2,7,8,48.47,(18;18),rest,44,1,0
qwen2.5:1.5b,0.2,6,17,0.37,(16;16),forage,52,0,0
qwen2.5:1.5b,0.2,4,8,42.29,(16;16),attempt_vault,49,0,0
qwen2.5:1.5b,0.2,7,9,44.62,(19;19),move,35,1,0
qwen2.5:1.5b,0.2,6,17,-2.11,(16;16),rest,48,0,0
qwen2.5:1.5b,0.2,4,9,38.86,(16;16),rest,43,0,0
qwen2.5:1.5b,0.2,7,10,31.12,(19;19),attempt_vault,50,1,0
qwen2.5:1.5b,0.2,7,1,96.52,(16;16),forage,48,0,0
qwen2.5:1.5b,0.2,4,10,35.39,(16;16),forage,47,0,0
qwen2.5:1.5b,0.2,7,11,27.68,(19;19),rest,44,1,0
qwen2.5:1.5b,0.2,7,2,93.04,(16;16),forage,48,0,0
qwen2.5:1.5b,0.2,4,11,21.9,(16;16),attempt_vault,49,0,0
qwen2.5:1.5b,0.2,7,12,23.83,(20;20),move,35,1,0
qwen2.5:1.5b,0.2,7,3,89.56,(16;16),forage,48,0,0
qwen2.5:1.5b,0.2,4,12,18.47,(16;16),rest,43,0,0
qwen2.5:1.5b,0.2,7,13,10.33,(20;20),attempt_vault,50,0,0
qwen2.5:1.5b,0.2,7,4,86.08,(16;16),forage,48,0,0
qwen2.5:1.5b,0.2,4,13,15.0,(16;16),forage,47,0,0
qwen2.5:1.5b,0.2,7,14,6.89,(20;20),rest,44,0,0
qwen2.5:1.5b,0.2,7,5,82.6,(16;16),forage,48,0,0
qwen2.5:1.5b,0.2,4,14,1.51,(16;16),attempt_vault,49,0,0
qwen2.5:1.5b,0.2,7,15,-6.61,(20;20),attempt_vault,50,0,0
qwen2.5:1.5b,0.2,7,6,79.12,(16;16),forage,48,0,0
qwen2.5:1.5b,0.2,4,14,-0.91,(16;16),rest,42,0,0
qwen2.5:1.5b,0.2,8,1,86.52,(16;16),attempt_vault,48,0,0
qwen2.5:1.5b,0.2,7,7,75.64,(16;16),forage,48,0,0
qwen2.5:1.5b,0.2,5,1,86.47,(16;16),attempt_vault,53,0,0
qwen2.5:1.5b,0.2,8,2,83.06,(16;16),forage,46,0,0
qwen2.5:1.5b,0.2,7,8,72.16,(16;16),forage,48,0,0
qwen2.5:1.5b,0.2,5,2,82.58,(17;17),move,39,0,0
qwen2.5:1.5b,0.2,8,3,79.62,(16;16),rest,44,0,0
qwen2.5:1.5b,0.2,7,9,68.68,(16;16),forage,48,0,0
qwen2.5:1.5b,0.2,5,3,76.19,(17;17),write_sign,39,1,1
qwen2.5:1.5b,0.2,8,4,66.13,(16;16),attempt_vault,49,0,0
qwen2.5:1.5b,0.2,7,10,65.2,(16;16),forage,48,0,0
qwen2.5:1.5b,0.2,5,4,62.74,(17;17),attempt_vault,45,1,0
qwen2.5:1.5b,0.2,8,5,62.69,(16;16),rest,44,0,0
qwen2.5:1.5b,0.2,7,11,61.72,(16;16),forage,48,0,0
qwen2.5:1.5b,0.2,5,5,59.32,(17;17),rest,42,1,0
qwen2.5:1.5b,0.2,8,6,59.23,(16;16),forage,46,0,0
qwen2.5:1.5b,0.2,7,12,58.24,(16;16),forage,48,0,0
qwen2.5:1.5b,0.2,5,6,45.87,(17;17),attempt_vault,45,1,0
qwen2.5:1.5b,0.2,8,7,55.79,(16;16),rest,44,0,0
qwen2.5:1.5b,0.2,7,13,54.76,(16;16),forage,48,0,0
qwen2.5:1.5b,0.2,5,7,42.45,(17;17),rest,42,1,0
qwen2.5:1.5b,0.2,8,8,42.3,(16;16),attempt_vault,49,0,0
qwen2.5:1.5b,0.2,7,14,51.28,(16;16),forage,48,0,0
qwen2.5:1.5b,0.2,8,9,38.86,(16;16),rest,44,0,0
qwen2.5:1.5b,0.2,7,15,47.8,(16;16),forage,48,0,0
qwen2.5:1.5b,0.2,8,10,35.4,(16;16),forage,46,0,0
qwen2.5:1.5b,0.2,7,16,44.32,(16;16),forage,48,0,0
qwen2.5:1.5b,0.2,8,11,31.96,(16;16),rest,44,0,0
qwen2.5:1.5b,0.2,7,17,40.84,(16;16),forage,48,0,0
qwen2.5:1.5b,0.2,8,12,28.5,(16;16),forage,46,0,0
qwen2.5:1.5b,0.2,7,18,37.36,(16;16),forage,48,0,0
qwen2.5:1.5b,0.2,8,13,15.0,(16;16),attempt_vault,50,0,0
qwen2.5:1.5b,0.2,7,19,33.88,(16;16),forage,48,0,0
qwen2.5:1.5b,0.2,8,14,12.0,(16;16),rest,0,0,0
qwen2.5:1.5b,0.2,8,15,8.56,(16;16),rest,44,0,0
qwen2.5:1.5b,0.2,7,20,30.4,(16;16),forage,48,0,0
qwen2.5:1.5b,0.2,8,16,5.12,(16;16),rest,44,0,0
qwen2.5:1.5b,0.2,7,21,26.92,(16;16),forage,48,0,0
qwen2.5:1.5b,0.2,8,17,1.66,(16;16),forage,46,0,0
qwen2.5:1.5b,0.2,7,22,23.44,(16;16),forage,48,0,0
qwen2.5:1.5b,0.2,8,17,-0.78,(16;16),rest,44,0,0
qwen2.5:1.5b,0.2,7,23,19.96,(16;16),forage,48,0,0
qwen2.5:1.5b,0.2,9,1,86.48,(16;16),attempt_vault,52,0,0
qwen2.5:1.5b,0.2,7,24,16.48,(16;16),forage,48,0,0
qwen2.5:1.5b,0.2,9,2,82.95,(16;16),forage,53,0,0
qwen2.5:1.5b,0.2,7,25,13.0,(16;16),forage,48,0,0
qwen2.5:1.5b,0.2,9,3,79.51,(16;16),rest,44,0,0
qwen2.5:1.5b,0.2,7,26,9.52,(16;16),forage,48,0,0
qwen2.5:1.5b,0.2,9,4,65.97,(16;16),attempt_vault,54,0,0
qwen2.5:1.5b,0.2,7,27,6.04,(16;16),forage,48,0,0
qwen2.5:1.5b,0.2,9,5,62.44,(16;16),forage,53,0,0
qwen2.5:1.5b,0.2,7,28,2.56,(16;16),forage,48,0,0
qwen2.5:1.5b,0.2,9,6,59.0,(16;16),rest,44,0,0
qwen2.5:1.5b,0.2,7,29,-0.92,(16;16),forage,48,0,0
qwen2.5:1.5b,0.2,9,7,45.46,(16;16),attempt_vault,54,0,0
qwen2.5:1.5b,0.2,8,1,86.52,(16;16),attempt_vault,48,0,0
qwen2.5:1.5b,0.2,9,8,41.93,(16;16),forage,53,0,0
qwen2.5:1.5b,0.2,8,2,83.01,(16;16),rest,51,0,0
qwen2.5:1.5b,0.2,9,9,38.49,(16;16),rest,44,0,0
qwen2.5:1.5b,0.2,8,3,79.52,(16;16),forage,49,0,0
qwen2.5:1.5b,0.2,9,10,34.96,(16;16),forage,53,0,0
qwen2.5:1.5b,0.2,8,4,66.04,(16;16),attempt_vault,48,0,0
qwen2.5:1.5b,0.2,9,11,21.42,(16;16),attempt_vault,54,0,0
qwen2.5:1.5b,0.2,8,5,62.53,(16;16),rest,51,0,0
qwen2.5:1.5b,0.2,9,12,17.98,(16;16),rest,44,0,0
qwen2.5:1.5b,0.2,8,6,59.04,(16;16),forage,49,0,0
qwen2.5:1.5b,0.2,9,13,14.45,(16;16),forage,53,0,0
qwen2.5:1.5b,0.2,8,7,45.56,(16;16),attempt_vault,48,0,0
qwen2.5:1.5b,0.2,9,14,0.91,(16;16),attempt_vault,54,0,0
qwen2.5:1.5b,0.2,8,8,42.05,(16;16),rest,51,0,0
qwen2.5:1.5b,0.2,9,14,-1.53,(16;16),rest,44,0,0
qwen2.5:1.5b,0.2,8,9,38.56,(16;16),forage,49,0,0
qwen2.5:1.5b,0.2,10,1,86.47,(16;16),attempt_vault,53,0,0
qwen2.5:1.5b,0.2,8,10,25.08,(16;16),attempt_vault,48,0,0
qwen2.5:1.5b,0.2,10,2,82.94,(16;16),forage,53,0,0
qwen2.5:1.5b,0.2,8,11,21.57,(16;16),rest,51,0,0
qwen2.5:1.5b,0.2,10,3,79.46,(16;16),rest,48,0,0
qwen2.5:1.5b,0.2,8,12,18.08,(16;16),forage,49,0,0
qwen2.5:1.5b,0.2,10,4,65.94,(16;16),attempt_vault,52,0,0
qwen2.5:1.5b,0.2,8,13,4.6,(16;16),attempt_vault,48,0,0
qwen2.5:1.5b,0.2,10,5,62.44,(16;16),forage,50,0,0
qwen2.5:1.5b,0.2,8,14,1.09,(16;16),rest,51,0,0
qwen2.5:1.5b,0.2,10,6,58.96,(16;16),rest,48,0,0
qwen2.5:1.5b,0.2,8,14,-1.4,(16;16),rest,49,0,0
qwen2.5:1.5b,0.2,10,7,55.48,(16;16),rest,48,0,0
qwen2.5:1.5b,0.2,9,1,96.36,(16;16),forage,64,0,0
qwen2.5:1.5b,0.2,10,8,51.98,(16;16),forage,50,0,0
qwen2.5:1.5b,0.2,9,2,92.34,(16;16),move,52,0,0
qwen2.5:1.5b,0.2,10,9,48.48,(16;16),forage,50,0,0
qwen2.5:1.5b,0.2,9,3,88.72,(16;16),forage,62,0,0
qwen2.5:1.5b,0.2,10,10,44.98,(16;16),forage,50,0,0
qwen2.5:1.5b,0.2,9,4,85.09,(16;16),forage,63,0,0
qwen2.5:1.5b,0.2,10,11,41.5,(16;16),rest,48,0,0
qwen2.5:1.5b,0.2,9,5,81.46,(16;16),forage,63,0,0
qwen2.5:1.5b,0.2,10,12,38.0,(16;16),forage,50,0,0
qwen2.5:1.5b,0.2,9,6,77.84,(16;16),forage,62,0,0
qwen2.5:1.5b,0.2,10,13,34.52,(16;16),rest,48,0,0
qwen2.5:1.5b,0.2,9,7,74.21,(16;16),forage,63,0,0
qwen2.5:1.5b,0.2,10,14,31.02,(16;16),forage,50,0,0
qwen2.5:1.5b,0.2,9,8,70.59,(16;16),forage,62,0,0
qwen2.5:1.5b,0.2,10,15,17.49,(16;16),attempt_vault,53,0,0
qwen2.5:1.5b,0.2,9,9,66.97,(16;16),forage,62,0,0
qwen2.5:1.5b,0.2,10,16,14.02,(16;16),rest,47,0,0
qwen2.5:1.5b,0.2,9,10,63.35,(16;16),forage,62,0,0
qwen2.5:1.5b,0.2,10,17,10.53,(16;16),forage,49,0,0
qwen2.5:1.5b,0.2,9,11,59.73,(16;16),forage,62,0,0
qwen2.5:1.5b,0.2,10,18,-2.99,(16;16),attempt_vault,52,0,0
qwen2.5:1.5b,0.2,9,12,56.11,(16;16),forage,62,0,0
qwen2.5:1.5b,0.2,11,1,96.39,(16;16),forage,61,0,0
qwen2.5:1.5b,0.2,9,13,52.49,(16;16),forage,62,0,0
qwen2.5:1.5b,0.2,11,2,92.85,(16;16),forage,54,0,0
qwen2.5:1.5b,0.2,9,14,48.87,(16;16),forage,62,0,0
qwen2.5:1.5b,0.2,11,3,89.32,(16;16),forage,53,0,0
qwen2.5:1.5b,0.2,9,15,45.25,(16;16),forage,62,0,0
qwen2.5:1.5b,0.2,11,4,85.79,(16;16),forage,53,0,0
qwen2.5:1.5b,0.2,9,16,41.63,(16;16),forage,62,0,0
qwen2.5:1.5b,0.2,11,5,82.26,(16;16),forage,53,0,0
qwen2.5:1.5b,0.2,9,17,38.01,(16;16),forage,62,0,0
qwen2.5:1.5b,0.2,11,6,78.73,(16;16),forage,53,0,0
qwen2.5:1.5b,0.2,9,18,34.39,(16;16),forage,62,0,0
qwen2.5:1.5b,0.2,11,7,75.2,(16;16),forage,53,0,0
qwen2.5:1.5b,0.2,9,19,30.77,(16;16),forage,62,0,0
qwen2.5:1.5b,0.2,11,8,71.67,(16;16),forage,53,0,0
qwen2.5:1.5b,0.2,9,20,27.15,(16;16),forage,62,0,0
qwen2.5:1.5b,0.2,11,9,68.14,(16;16),forage,53,0,0
qwen2.5:1.5b,0.2,9,21,23.53,(16;16),forage,62,0,0
qwen2.5:1.5b,0.2,11,10,64.61,(16;16),forage,53,0,0
qwen2.5:1.5b,0.2,9,22,19.91,(16;16),forage,62,0,0
qwen2.5:1.5b,0.2,11,11,61.08,(16;16),forage,53,0,0
qwen2.5:1.5b,0.2,9,23,16.29,(16;16),forage,62,0,0
qwen2.5:1.5b,0.2,11,12,57.55,(16;16),forage,53,0,0
qwen2.5:1.5b,0.2,9,24,12.67,(16;16),forage,62,0,0
qwen2.5:1.5b,0.2,11,13,54.02,(16;16),forage,53,0,0
qwen2.5:1.5b,0.2,9,25,9.05,(16;16),forage,62,0,0
qwen2.5:1.5b,0.2,11,14,50.49,(16;16),forage,53,0,0
qwen2.5:1.5b,0.2,9,26,5.43,(16;16),forage,62,0,0
qwen2.5:1.5b,0.2,11,15,46.96,(16;16),forage,53,0,0
qwen2.5:1.5b,0.2,9,27,1.81,(16;16),forage,62,0,0
qwen2.5:1.5b,0.2,11,16,43.43,(16;16),forage,53,0,0
qwen2.5:1.5b,0.2,9,27,-0.81,(16;16),rest,62,0,0
qwen2.5:1.5b,0.2,11,17,39.9,(16;16),forage,53,0,0
qwen2.5:1.5b,0.2,10,1,96.48,(16;16),forage,52,0,0
qwen2.5:1.5b,0.2,11,18,36.37,(16;16),forage,53,0,0
qwen2.5:1.5b,0.2,10,2,82.95,(16;16),attempt_vault,53,0,0
qwen2.5:1.5b,0.2,11,19,32.84,(16;16),forage,53,0,0
qwen2.5:1.5b,0.2,10,3,79.43,(16;16),forage,52,0,0
qwen2.5:1.5b,0.2,11,20,29.31,(16;16),forage,53,0,0
qwen2.5:1.5b,0.2,10,4,72.87,(16;16),write_sign,56,0,1
qwen2.5:1.5b,0.2,11,21,25.78,(16;16),forage,53,0,0
qwen2.5:1.5b,0.2,10,5,69.36,(16;16),rest,51,0,0
qwen2.5:1.5b,0.2,11,22,22.25,(16;16),forage,53,0,0
qwen2.5:1.5b,0.2,10,6,55.83,(16;16),attempt_vault,53,0,0
qwen2.5:1.5b,0.2,11,23,18.72,(16;16),forage,53,0,0
qwen2.5:1.5b,0.2,10,7,52.31,(16;16),forage,52,0,0
qwen2.5:1.5b,0.2,11,24,15.19,(16;16),forage,53,0,0
qwen2.5:1.5b,0.2,10,8,48.8,(16;16),rest,51,0,0
qwen2.5:1.5b,0.2,11,25,11.66,(16;16),forage,53,0,0
qwen2.5:1.5b,0.2,10,9,42.24,(16;16),write_sign,56,0,1
qwen2.5:1.5b,0.2,11,26,8.13,(16;16),forage,53,0,0
qwen2.5:1.5b,0.2,10,10,28.71,(16;16),attempt_vault,53,0,0
qwen2.5:1.5b,0.2,11,27,4.6,(16;16),forage,53,0,0
qwen2.5:1.5b,0.2,10,11,25.2,(16;16),rest,51,0,0
qwen2.5:1.5b,0.2,11,28,1.07,(16;16),forage,53,0,0
qwen2.5:1.5b,0.2,10,12,18.64,(16;16),write_sign,56,0,1
qwen2.5:1.5b,0.2,11,28,-1.42,(16;16),rest,49,0,0
qwen2.5:1.5b,0.2,10,13,15.13,(16;16),rest,51,0,0
qwen2.5:1.5b,0.2,12,1,96.14,(15;17),move,36,0,0
qwen2.5:1.5b,0.2,10,14,1.6,(16;16),attempt_vault,53,0,0
qwen2.5:1.5b,0.2,12,2,92.24,(16;16),move,40,1,0
qwen2.5:1.5b,0.2,10,14,-0.91,(16;16),rest,51,0,0
qwen2.5:1.5b,0.2,12,3,88.39,(15;17),move,35,0,0
qwen2.5:1.5b,0.2,11,1,96.52,(16;16),forage,48,0,0
qwen2.5:1.5b,0.2,12,4,84.49,(16;16),move,40,1,0
qwen2.5:1.5b,0.2,11,2,93.04,(16;16),forage,48,0,0
qwen2.5:1.5b,0.2,12,5,80.64,(15;17),move,35,0,0
qwen2.5:1.5b,0.2,11,3,89.56,(16;16),forage,48,0,0
qwen2.5:1.5b,0.2,12,6,76.74,(16;16),move,40,1,0
qwen2.5:1.5b,0.2,11,4,86.08,(16;16),forage,48,0,0
qwen2.5:1.5b,0.2,12,7,72.89,(15;17),move,35,0,0
qwen2.5:1.5b,0.2,11,5,82.6,(16;16),forage,48,0,0
qwen2.5:1.5b,0.2,12,8,68.99,(16;16),move,40,1,0
qwen2.5:1.5b,0.2,11,6,79.12,(16;16),forage,48,0,0
qwen2.5:1.5b,0.2,12,9,65.14,(15;17),move,35,0,0
qwen2.5:1.5b,0.2,11,7,75.64,(16;16),forage,48,0,0
qwen2.5:1.5b,0.2,12,10,61.24,(16;16),move,40,1,0
qwen2.5:1.5b,0.2,11,8,72.16,(16;16),forage,48,0,0
qwen2.5:1.5b,0.2,12,11,57.39,(15;17),move,35,0,0
qwen2.5:1.5b,0.2,11,9,68.68,(16;16),forage,48,0,0
qwen2.5:1.5b,0.2,12,12,53.49,(16;16),move,40,1,0
qwen2.5:1.5b,0.2,11,10,65.2,(16;16),forage,48,0,0
qwen2.5:1.5b,0.2,12,13,49.64,(15;17),move,35,0,0
qwen2.5:1.5b,0.2,11,11,61.72,(16;16),forage,48,0,0
qwen2.5:1.5b,0.2,12,14,45.74,(16;16),move,40,1,0
qwen2.5:1.5b,0.2,11,12,58.24,(16;16),forage,48,0,0
qwen2.5:1.5b,0.2,12,15,41.89,(15;17),move,35,0,0
qwen2.5:1.5b,0.2,11,13,54.76,(16;16),forage,48,0,0
qwen2.5:1.5b,0.2,12,16,37.99,(16;16),move,40,1,0
qwen2.5:1.5b,0.2,11,14,51.28,(16;16),forage,48,0,0
qwen2.5:1.5b,0.2,12,17,34.14,(15;17),move,35,0,0
qwen2.5:1.5b,0.2,11,15,47.8,(16;16),forage,48,0,0
qwen2.5:1.5b,0.2,12,18,30.22,(16;16),move,42,1,0
qwen2.5:1.5b,0.2,11,16,44.32,(16;16),forage,48,0,0
qwen2.5:1.5b,0.2,12,19,26.37,(15;17),move,35,0,0
qwen2.5:1.5b,0.2,1,1,86.54,(16;16),attempt_vault,46,0,0
qwen2.5:1.5b,0.2,11,17,40.84,(16;16),forage,48,0,0
qwen2.5:1.5b,0.2,12,20,22.45,(16;16),move,42,1,0
qwen2.5:1.5b,0.2,1,2,83.06,(16;16),forage,48,0,0
qwen2.5:1.5b,0.2,11,18,37.36,(16;16),forage,48,0,0
qwen2.5:1.5b,0.2,12,21,18.6,(15;17),move,35,0,0
qwen2.5:1.5b,0.2,1,3,69.61,(16;16),attempt_vault,45,0,0
qwen2.5:1.5b,0.2,11,19,33.88,(16;16),forage,48,0,0
qwen2.5:1.5b,0.2,12,22,14.68,(16;16),move,42,1,0
qwen2.5:1.5b,0.2,1,4,66.13,(16;16),forage,48,0,0
qwen2.5:1.5b,0.2,11,20,30.4,(16;16),forage,48,0,0
qwen2.5:1.5b,0.2,12,23,10.83,(15;17),move,35,0,0
qwen2.5:1.5b,0.2,1,5,52.68,(16;16),attempt_vault,45,0,0
qwen2.5:1.5b,0.2,11,21,26.92,(16;16),forage,48,0,0
qwen2.5:1.5b,0.2,12,24,6.91,(16;16),move,42,1,0
qwen2.5:1.5b,0.2,1,6,49.2,(16;16),forage,48,0,0
qwen2.5:1.5b,0.2,11,22,23.44,(16;16),forage,48,0,0
qwen2.5:1.5b,0.2,12,25,3.06,(15;17),move,35,0,0
qwen2.5:1.5b,0.2,1,7,35.75,(16;16),attempt_vault,45,0,0
qwen2.5:1.5b,0.2,11,23,19.96,(16;16),forage,48,0,0
qwen2.5:1.5b,0.2,12,26,-0.28,(15;17),rest,34,1,0
qwen2.5:1.5b,0.2,1,8,32.27,(16;16),forage,48,0,0
qwen2.5:1.5b,0.2,11,24,16.48,(16;16),forage,48,0,0
qwen2.5:1.5b,0.2,13,1,86.5,(16;16),attempt_vault,50,0,0
qwen2.5:1.5b,0.2,1,9,18.82,(16;16),attempt_vault,45,0,0
qwen2.5:1.5b,0.2,11,25,13.0,(16;16),forage,48,0,0
qwen2.5:1.5b,0.2,13,2,83.02,(16;16),forage,48,0,0
qwen2.5:1.5b,0.2,1,10,15.34,(16;16),forage,48,0,0
qwen2.5:1.5b,0.2,11,26,9.52,(16;16),forage,48,0,0
qwen2.5:1.5b,0.2,13,3,79.59,(16;16),rest,43,0,0
qwen2.5:1.5b,0.2,1,11,1.89,(16;16),attempt_vault,45,0,0
qwen2.5:1.5b,0.2,11,27,6.04,(16;16),forage,48,0,0
qwen2.5:1.5b,0.2,13,4,66.09,(16;16),attempt_vault,50,0,0
qwen2.5:1.5b,0.2,1,11,-0.59,(16;16),rest,48,0,0
qwen2.5:1.5b,0.2,11,28,2.56,(16;16),forage,48,0,0
qwen2.5:1.5b,0.2,13,5,62.61,(16;16),forage,48,0,0
qwen2.5:1.5b,0.2,2,1,86.55,(16;16),attempt_vault,45,0,0
qwen2.5:1.5b,0.2,11,29,-0.92,(16;16),forage,48,0,0
qwen2.5:1.5b,0.2,13,6,59.18,(16;16),rest,43,0,0
qwen2.5:1.5b,0.2,2,2,82.6,(17;15),move,45,0,0
qwen2.5:1.5b,0.2,12,1,86.53,(16;16),attempt_vault,47,0,0
qwen2.5:1.5b,0.2,13,7,55.75,(16;16),rest,43,0,0
qwen2.5:1.5b,0.2,2,3,69.15,(17;15),attempt_vault,45,0,0
qwen2.5:1.5b,0.2,12,2,73.06,(16;16),attempt_vault,47,0,0
qwen2.5:1.5b,0.2,13,8,52.27,(16;16),forage,48,0,0
qwen2.5:1.5b,0.2,2,4,65.2,(18;15),move,45,0,0
qwen2.5:1.5b,0.2,12,3,59.59,(16;16),attempt_vault,47,0,0
qwen2.5:1.5b,0.2,13,9,48.84,(16;16),rest,43,0,0
qwen2.5:1.5b,0.2,2,5,51.75,(18;15),attempt_vault,45,0,0
qwen2.5:1.5b,0.2,12,4,46.12,(16;16),attempt_vault,47,0,0
qwen2.5:1.5b,0.2,13,10,45.41,(16;16),rest,43,0,0
qwen2.5:1.5b,0.2,2,6,47.8,(18;16),move,45,0,0
qwen2.5:1.5b,0.2,12,5,32.65,(16;16),attempt_vault,47,0,0
qwen2.5:1.5b,0.2,13,11,41.93,(16;16),forage,48,0,0
qwen2.5:1.5b,0.2,2,7,34.35,(18;16),attempt_vault,45,0,0
qwen2.5:1.5b,0.2,12,6,19.18,(16;16),attempt_vault,47,0,0
qwen2.5:1.5b,0.2,13,12,38.45,(16;16),forage,48,0,0
qwen2.5:1.5b,0.2,2,8,30.4,(19;15),move,45,0,0
qwen2.5:1.5b,0.2,12,7,5.71,(16;16),attempt_vault,47,0,0
qwen2.5:1.5b,0.2,13,13,24.91,(16;16),attempt_vault,54,0,0
qwen2.5:1.5b,0.2,2,9,16.95,(19;15),attempt_vault,45,0,0
qwen2.5:1.5b,0.2,12,8,-7.76,(16;16),attempt_vault,47,0,0
qwen2.5:1.5b,0.2,13,14,21.48,(16;16),rest,43,0,0
qwen2.5:1.5b,0.2,2,10,13.0,(19;16),move,45,0,0
qwen2.5:1.5b,0.2,13,1,96.54,(16;16),rest,46,0,0
qwen2.5:1.5b,0.2,13,15,18.0,(16;16),forage,48,0,0
qwen2.5:1.5b,0.2,2,11,-0.45,(19;16),attempt_vault,45,0,0
qwen2.5:1.5b,0.2,13,2,93.04,(16;16),rest,50,0,0
qwen2.5:1.5b,0.2,13,16,4.46,(16;16),attempt_vault,54,0,0
qwen2.5:1.5b,0.2,3,1,86.48,(16;16),attempt_vault,52,0,0
qwen2.5:1.5b,0.2,13,3,89.54,(16;16),rest,50,0,0
qwen2.5:1.5b,0.2,13,17,1.03,(16;16),rest,43,0,0
qwen2.5:1.5b,0.2,3,2,83.03,(16;16),rest,45,0,0
qwen2.5:1.5b,0.2,13,4,86.04,(16;16),rest,50,0,0
qwen2.5:1.5b,0.2,13,17,-1.45,(16;16),rest,48,0,0
qwen2.5:1.5b,0.2,3,3,79.56,(16;16),forage,47,0,0
qwen2.5:1.5b,0.2,13,5,82.54,(16;16),rest,50,0,0
qwen2.5:1.5b,0.2,14,1,96.05,(15;17),move,45,0,0
qwen2.5:1.5b,0.2,3,4,66.05,(16;16),attempt_vault,51,0,0
qwen2.5:1.5b,0.2,13,6,79.04,(16;16),rest,50,0,0
qwen2.5:1.5b,0.2,14,2,82.61,(15;17),attempt_vault,44,1,0
qwen2.5:1.5b,0.2,3,5,62.6,(16;16),rest,45,0,0
qwen2.5:1.5b,0.2,13,7,75.54,(16;16),rest,50,0,0
qwen2.5:1.5b,0.2,14,3,79.22,(15;17),rest,39,1,0
qwen2.5:1.5b,0.2,3,6,59.13,(16;16),forage,47,0,0
qwen2.5:1.5b,0.2,13,8,72.04,(16;16),rest,50,0,0
qwen2.5:1.5b,0.2,14,4,75.76,(15;17),forage,46,1,0
qwen2.5:1.5b,0.2,3,7,45.62,(16;16),attempt_vault,51,0,0
qwen2.5:1.5b,0.2,13,9,68.54,(16;16),rest,50,0,0
qwen2.5:1.5b,0.2,14,5,72.32,(15;17),rest,44,1,0
qwen2.5:1.5b,0.2,3,8,42.17,(16;16),rest,45,0,0
qwen2.5:1.5b,0.2,13,10,65.04,(16;16),rest,50,0,0
qwen2.5:1.5b,0.2,14,6,58.84,(15;17),attempt_vault,48,1,0
qwen2.5:1.5b,0.2,3,9,38.7,(16;16),forage,47,0,0
qwen2.5:1.5b,0.2,13,11,61.54,(16;16),rest,50,0,0
qwen2.5:1.5b,0.2,14,7,55.4,(15;17),rest,44,1,0
qwen2.5:1.5b,0.2,3,10,25.19,(16;16),attempt_vault,51,0,0
qwen2.5:1.5b,0.2,13,12,58.04,(16;16),rest,50,0,0
qwen2.5:1.5b,0.2,14,8,51.94,(15;17),forage,46,1,0
qwen2.5:1.5b,0.2,3,11,21.74,(16;16),rest,45,0,0
qwen2.5:1.5b,0.2,13,13,54.54,(16;16),rest,50,0,0
qwen2.5:1.5b,0.2,14,9,48.5,(15;17),rest,44,1,0
qwen2.5:1.5b,0.2,3,12,18.27,(16;16),forage,47,0,0
qwen2.5:1.5b,0.2,13,14,51.04,(16;16),rest,50,0,0
qwen2.5:1.5b,0.2,14,10,35.02,(15;17),attempt_vault,48,1,0
qwen2.5:1.5b,0.2,3,13,4.76,(16;16),attempt_vault,51,0,0
qwen2.5:1.5b,0.2,13,15,47.54,(16;16),rest,50,0,0
qwen2.5:1.5b,0.2,14,11,31.58,(15;17),rest,44,1,0
qwen2.5:1.5b,0.2,3,14,1.31,(16;16),rest,45,0,0
qwen2.5:1.5b,0.2,13,16,44.04,(16;16),rest,50,0,0
qwen2.5:1.5b,0.2,14,12,28.12,(15;17),forage,46,1,0
qwen2.5:1.5b,0.2,3,14,-1.16,(16;16),rest,47,0,0
qwen2.5:1.5b,0.2,13,17,40.54,(16;16),rest,50,0,0
qwen2.5:1.5b,0.2,14,13,24.68,(15;17),rest,44,1,0
qwen2.5:1.5b,0.2,4,1,86.49,(16;16),attempt_vault,51,0,0
qwen2.5:1.5b,0.2,13,18,37.04,(16;16),rest,50,0,0
qwen2.5:1.5b,0.2,14,14,11.2,(15;17),attempt_vault,48,1,0
qwen2.5:1.5b,0.2,4,2,82.54,(17;15),move,45,0,0
qwen2.5:1.5b,0.2,13,19,33.54,(16;16),rest,50,0,0
qwen2.5:1.5b,0.2,14,15,7.76,(15;17),rest,44,1,0
qwen2.5:1.5b,0.2,4,3,69.04,(17;15),attempt_vault,50,0,0
qwen2.5:1.5b,0.2,13,20,30.04,(16;16),rest,50,0,0
qwen2.5:1.5b,0.2,14,16,4.3,(15;17),forage,46,1,0
qwen2.5:1.5b,0.2,4,4,65.09,(18;15),move,45,0,0
qwen2.5:1.5b,0.2,13,21,26.54,(16;16),rest,50,0,0
qwen2.5:1.5b,0.2,14,17,0.86,(15;17),rest,44,1,0
qwen2.5:1.5b,0.2,4,5,51.59,(18;15),attempt_vault,50,0,0
qwen2.5:1.5b,0.2,13,22,23.04,(16;16),rest,50,0,0
qwen2.5:1.5b,0.2,14,17,-1.58,(15;17),rest,44,1,0
qwen2.5:1.5b,0.2,4,6,47.64,(19;15),move,45,0,0
qwen2.5:1.5b,0.2,13,23,19.54,(16;16),rest,50,0,0
qwen2.5:1.5b,0.2,15,1,86.49,(16;16),attempt_vault,51,0,0
qwen2.5:1.5b,0.2,4,7,34.14,(19;15),attempt_vault,50,0,0
qwen2.5:1.5b,0.2,13,24,16.04,(16;16),rest,50,0,0
qwen2.5:1.5b,0.2,15,2,83.02,(16;16),forage,47,0,0
qwen2.5:1.5b,0.2,4,8,30.19,(18;14),move,45,0,0
qwen2.5:1.5b,0.2,13,25,12.54,(16;16),rest,50,0,0
qwen2.5:1.5b,0.2,15,3,79.57,(16;16),rest,45,0,0
qwen2.5:1.5b,0.2,4,9,16.69,(18;14),attempt_vault,50,0,0
qwen2.5:1.5b,0.2,13,26,9.04,(16;16),rest,50,0,0
qwen2.5:1.5b,0.2,15,4,66.05,(16;16),attempt_vault,52,0,0
qwen2.5:1.5b,0.2,4,10,12.74,(17;14),move,45,0,0
qwen2.5:1.5b,0.2,13,27,5.54,(16;16),rest,50,0,0
qwen2.5:1.5b,0.2,15,5,62.6,(16;16),rest,45,0,0
qwen2.5:1.5b,0.2,4,11,-0.76,(17;14),attempt_vault,50,0,0
qwen2.5:1.5b,0.2,13,28,2.04,(16;16),rest,50,0,0
qwen2.5:1.5b,0.2,15,6,59.13,(16;16),forage,47,0,0
qwen2.5:1.5b,0.2,5,1,86.49,(16;16),attempt_vault,51,0,0
qwen2.5:1.5b,0.2,13,28,-0.46,(16;16),rest,50,0,0
qwen2.5:1.5b,0.2,15,7,55.68,(16;16),rest,45,0,0
qwen2.5:1.5b,0.2,5,2,83.04,(16;16),rest,45,0,0
qwen2.5:1.5b,0.2,14,1,96.4,(16;16),rest,60,0,0
qwen2.5:1.5b,0.2,15,8,42.16,(16;16),attempt_vault,52,0,0
qwen2.5:1.5b,0.2,5,3,69.54,(16;16),attempt_vault,50,0,0
qwen2.5:1.5b,0.2,14,2,82.91,(16;16),attempt_vault,49,0,0
qwen2.5:1.5b,0.2,15,9,38.7,(16;16),rest,46,0,0
qwen2.5:1.5b,0.2,5,4,66.09,(16;16),rest,45,0,0
qwen2.5:1.5b,0.2,14,3,79.45,(16;16),forage,46,0,0
qwen2.5:1.5b,0.2,15,10,35.22,(16;16),forage,48,0,0
qwen2.5:1.5b,0.2,5,5,52.59,(16;16),attempt_vault,50,0,0
qwen2.5:1.5b,0.2,14,4,76.01,(16;16),rest,44,0,0
qwen2.5:1.5b,0.2,15,11,31.76,(16;16),rest,46,0,0
qwen2.5:1.5b,0.2,5,6,49.14,(16;16),rest,45,0,0
qwen2.5:1.5b,0.2,14,5,62.52,(16;16),attempt_vault,49,0,0
qwen2.5:1.5b,0.2,15,12,28.28,(16;16),forage,48,0,0
qwen2.5:1.5b,0.2,5,7,35.64,(16;16),attempt_vault,50,0,0
qwen2.5:1.5b,0.2,14,6,59.08,(16;16),rest,44,0,0
qwen2.5:1.5b,0.2,15,13,14.76,(16;16),attempt_vault,52,0,0
qwen2.5:1.5b,0.2,5,8,32.19,(16;16),rest,45,0,0
qwen2.5:1.5b,0.2,14,7,55.62,(16;16),forage,46,0,0
qwen2.5:1.5b,0.2,15,14,11.3,(16;16),rest,46,0,0
qwen2.5:1.5b,0.2,5,9,18.69,(16;16),attempt_vault,50,0,0
qwen2.5:1.5b,0.2,14,8,42.13,(16;16),attempt_vault,49,0,0
qwen2.5:1.5b,0.2,15,15,7.82,(16;16),forage,48,0,0
qwen2.5:1.5b,0.2,5,10,15.24,(16;16),rest,45,0,0
qwen2.5:1.5b,0.2,14,9,38.69,(16;16),rest,44,0,0
qwen2.5:1.5b,0.2,15,16,-5.7,(16;16),attempt_vault,52,0,0
qwen2.5:1.5b,0.2,5,11,1.74,(16;16),attempt_vault,50,0,0
qwen2.5:1.5b,0.2,14,10,35.23,(16;16),forage,46,0,0
qwen2.5:1.5b,0.2,16,1,86.47,(16;16),attempt_vault,53,0,0
qwen2.5:1.5b,0.2,5,11,-0.71,(16;16),rest,45,0,0
qwen2.5:1.5b,0.2,14,11,21.74,(16;16),attempt_vault,49,0,0
qwen2.5:1.5b,0.2,16,2,82.99,(16;16),forage,48,0,0
qwen2.5:1.5b,0.2,6,1,96.1,(17;15),move,40,0,0
qwen2.5:1.5b,0.2,14,12,18.3,(16;16),rest,44,0,0
qwen2.5:1.5b,0.2,16,3,79.54,(16;16),rest,45,0,0
qwen2.5:1.5b,0.2,6,2,92.2,(18;14),move,40,0,0
qwen2.5:1.5b,0.2,14,13,14.84,(16;16),forage,46,0,0
qwen2.5:1.5b,0.2,16,4,66.02,(16;16),attempt_vault,52,0,0
qwen2.5:1.5b,0.2,6,3,88.3,(17;14),move,40,0,0
qwen2.5:1.5b,0.2,14,14,1.35,(16;16),attempt_vault,49,0,0
qwen2.5:1.5b,0.2,16,5,62.54,(16;16),forage,48,0,0
qwen2.5:1.5b,0.2,6,4,84.4,(18;15),move,40,0,0
qwen2.5:1.5b,0.2,14,14,-1.09,(16;16),rest,44,0,0
qwen2.5:1.5b,0.2,16,6,59.09,(16;16),rest,45,0,0
qwen2.5:1.5b,0.2,6,5,80.5,(19;15),move,40,0,0
qwen2.5:1.5b,0.2,15,1,96.4,(16;16),rest,60,0,0
qwen2.5:1.5b,0.2,16,7,55.61,(16;16),forage,48,0,0
qwen2.5:1.5b,0.2,6,6,76.6,(18;14),move,40,0,0
qwen2.5:1.5b,0.2,15,2,82.9,(16;16),attempt_vault,50,0,0
qwen2.5:1.5b,0.2,16,8,42.09,(16;16),attempt_vault,52,0,0
qwen2.5:1.5b,0.2,6,7,72.7,(18;15),move,40,0,0
qwen2.5:1.5b,0.2,15,3,79.47,(16;16),rest,43,0,0
qwen2.5:1.5b,0.2,16,9,38.64,(16;16),rest,45,0,0
qwen2.5:1.5b,0.2,6,8,68.8,(19;15),move,40,0,0
qwen2.5:1.5b,0.2,15,4,76.02,(16;16),forage,45,0,0
qwen2.5:1.5b,0.2,16,10,35.16,(16;16),forage,48,0,0
qwen2.5:1.5b,0.2,6,9,64.9,(18;14),move,40,0,0
qwen2.5:1.5b,0.2,15,5,62.53,(16;16),attempt_vault,49,0,0
qwen2.5:1.5b,0.2,16,11,31.71,(16;16),rest,45,0,0
qwen2.5:1.5b,0.2,6,10,61.0,(18;15),move,40,0,0
qwen2.5:1.5b,0.2,15,6,59.1,(16;16),rest,43,0,0
qwen2.5:1.5b,0.2,16,12,28.23,(16;16),forage,48,0,0
qwen2.5:1.5b,0.2,6,11,57.1,(19;15),move,40,0,0
qwen2.5:1.5b,0.2,15,7,55.65,(16;16),forage,45,0,0
qwen2.5:1.5b,0.2,16,13,24.78,(16;16),rest,45,0,0
qwen2.5:1.5b,0.2,6,12,53.2,(18;14),move,40,0,0
qwen2.5:1.5b,0.2,15,8,42.16,(16;16),attempt_vault,49,0,0
qwen2.5:1.5b,0.2,16,14,21.3,(16;16),forage,48,0,0
qwen2.5:1.5b,0.2,6,13,49.3,(18;15),move,40,0,0
qwen2.5:1.5b,0.2,15,9,38.73,(16;16),rest,43,0,0
qwen2.5:1.5b,0.2,16,15,7.78,(16;16),attempt_vault,52,0,0
qwen2.5:1.5b,0.2,6,14,45.4,(19;15),move,40,0,0
qwen2.5:1.5b,0.2,15,10,35.28,(16;16),forage,45,0,0
qwen2.5:1.5b,0.2,16,16,4.33,(16;16),rest,45,0,0
qwen2.5:1.5b,0.2,6,15,41.5,(18;14),move,40,0,0
qwen2.5:1.5b,0.2,15,11,21.79,(16;16),attempt_vault,49,0,0
qwen2.5:1.5b,0.2,16,17,0.85,(16;16),forage,48,0,0
qwen2.5:1.5b,0.2,6,16,37.6,(18;15),move,40,0,0
qwen2.5:1.5b,0.2,15,12,18.36,(16;16),rest,43,0,0
qwen2.5:1.5b,0.2,16,17,-1.6,(16;16),rest,45,0,0
qwen2.5:1.5b,0.2,6,17,33.7,(19;15),move,40,0,0
qwen2.5:1.5b,0.2,15,13,14.91,(16;16),forage,45,0,0
qwen2.5:1.5b,0.2,17,1,86.49,(16;16),attempt_vault,51,0,0
qwen2.5:1.5b,0.2,6,18,29.8,(18;14),move,40,0,0
qwen2.5:1.5b,0.2,15,14,1.42,(16;16),attempt_vault,49,0,0
qwen2.5:1.5b,0.2,17,2,83.03,(16;16),forage,46,0,0
qwen2.5:1.5b,0.2,6,19,25.9,(18;15),move,40,0,0
qwen2.5:1.5b,0.2,15,14,-1.01,(16;16),rest,43,0,0
qwen2.5:1.5b,0.2,17,3,79.59,(16;16),rest,44,0,0
qwen2.5:1.5b,0.2,6,20,22.0,(19;15),move,40,0,0
qwen2.5:1.5b,0.2,16,1,96.46,(16;16),rest,54,0,0
qwen2.5:1.5b,0.2,17,4,66.09,(16;16),attempt_vault,50,0,0
qwen2.5:1.5b,0.2,6,21,18.1,(18;14),move,40,0,0
qwen2.5:1.5b,0.2,16,2,93.01,(16;16),rest,45,0,0
qwen2.5:1.5b,0.2,17,5,62.63,(16;16),forage,46,0,0
qwen2.5:1.5b,0.2,6,22,14.2,(18;15),move,40,0,0
qwen2.5:1.5b,0.2,16,3,89.55,(16;16),rest,46,0,0
qwen2.5:1.5b,0.2,17,6,59.19,(16;16),rest,44,0,0
qwen2.5:1.5b,0.2,6,23,10.3,(19;15),move,40,0,0
qwen2.5:1.5b,0.2,16,4,86.09,(16;16),rest,46,0,0
qwen2.5:1.5b,0.2,17,7,45.69,(16;16),attempt_vault,50,0,0
qwen2.5:1.5b,0.2,6,24,6.4,(18;14),move,40,0,0
qwen2.5:1.5b,0.2,16,5,82.63,(16;16),rest,46,0,0
qwen2.5:1.5b,0.2,17,8,42.23,(16;16),forage,46,0,0
qwen2.5:1.5b,0.2,6,25,2.5,(18;15),move,40,0,0
qwen2.5:1.5b,0.2,16,6,79.17,(16;16),rest,46,0,0
qwen2.5:1.5b,0.2,17,9,38.79,(16;16),rest,44,0,0
qwen2.5:1.5b,0.2,6,26,-1.4,(19;15),move,40,0,0
qwen2.5:1.5b,0.2,16,7,75.71,(16;16),rest,46,0,0
qwen2.5:1.5b,0.2,17,10,25.29,(16;16),attempt_vault,50,0,0
qwen2.5:1.5b,0.2,7,1,86.52,(16;16),attempt_vault,48,0,0
qwen2.5:1.5b,0.2,16,8,72.25,(16;16),rest,46,0,0
qwen2.5:1.5b,0.2,17,11,21.85,(16;16),rest,44,0,0
qwen2.5:1.5b,0.2,7,2,82.62,(17;15),move,40,0,0
qwen2.5:1.5b,0.2,16,9,68.79,(16;16),rest,46,0,0
qwen2.5:1.5b,0.2,17,12,18.39,(16;16),forage,46,0,0
qwen2.5:1.5b,0.2,7,3,69.14,(17;15),attempt_vault,48,0,0
qwen2.5:1.5b,0.2,16,10,65.33,(16;16),rest,46,0,0
qwen2.5:1.5b,0.2,17,13,4.89,(16;16),attempt_vault,50,0,0
qwen2.5:1.5b,0.2,7,4,65.24,(18;15),move,40,0,0
qwen2.5:1.5b,0.2,16,11,61.87,(16;16),rest,46,0,0
qwen2.5:1.5b,0.2,17,14,1.45,(16;16),rest,44,0,0
qwen2.5:1.5b,0.2,7,5,51.76,(18;15),attempt_vault,48,0,0
qwen2.5:1.5b,0.2,16,12,58.41,(16;16),rest,46,0,0
qwen2.5:1.5b,0.2,17,14,-0.99,(16;16),rest,44,0,0
qwen2.5:1.5b,0.2,7,6,47.86,(18;16),move,40,0,0
qwen2.5:1.5b,0.2,16,13,54.95,(16;16),rest,46,0,0
qwen2.5:1.5b,0.2,18,1,86.52,(16;16),attempt_vault,48,0,0
qwen2.5:1.5b,0.2,7,7,34.38,(18;16),attempt_vault,48,0,0
qwen2.5:1.5b,0.2,16,14,51.49,(16;16),rest,46,0,0
qwen2.5:1.5b,0.2,18,2,83.06,(16;16),forage,46,0,0
qwen2.5:1.5b,0.2,7,8,30.48,(19;15),move,40,0,0
qwen2.5:1.5b,0.2,16,15,48.03,(16;16),rest,46,0,0
qwen2.5:1.5b,0.2,18,3,79.65,(16;16),rest,41,0,0
qwen2.5:1.5b,0.2,7,9,17.0,(19;15),attempt_vault,48,0,0
qwen2.5:1.5b,0.2,16,16,44.57,(16;16),rest,46,0,0
qwen2.5:1.5b,0.2,18,4,66.16,(16;16),attempt_vault,49,0,0
qwen2.5:1.5b,0.2,7,10,13.1,(19;16),move,40,0,0
qwen2.5:1.5b,0.2,16,17,41.11,(16;16),rest,46,0,0
qwen2.5:1.5b,0.2,18,5,62.68,(16;16),forage,48,0,0
qwen2.5:1.5b,0.2,7,11,-0.38,(19;16),attempt_vault,48,0,0
qwen2.5:1.5b,0.2,16,18,37.65,(16;16),rest,46,0,0
qwen2.5:1.5b,0.2,18,6,59.27,(16;16),rest,41,0,0
qwen2.5:1.5b,0.2,8,1,86.49,(16;16),attempt_vault,51,0,0
qwen2.5:1.5b,0.2,16,19,34.19,(16;16),rest,46,0,0
qwen2.5:1.5b,0.2,18,7,45.78,(16;16),attempt_vault,49,0,0
qwen2.5:1.5b,0.2,8,2,72.98,(16;16),attempt_vault,51,0,0
qwen2.5:1.5b,0.2,16,20,30.73,(16;16),rest,46,0,0
qwen2.5:1.5b,0.2,18,8,42.37,(16;16),rest,41,0,0
qwen2.5:1.5b,0.2,8,3,59.47,(16;16),attempt_vault,51,0,0
qwen2.5:1.5b,0.2,16,21,27.27,(16;16),rest,46,0,0
qwen2.5:1.5b,0.2,18,9,38.89,(16;16),forage,48,0,0
qwen2.5:1.5b,0.2,8,4,45.96,(16;16),attempt_vault,51,0,0
qwen2.5:1.5b,0.2,16,22,23.81,(16;16),rest,46,0,0
qwen2.5:1.5b,0.2,18,10,35.48,(16;16),rest,41,0,0
qwen2.5:1.5b,0.2,8,5,32.45,(16;16),attempt_vault,51,0,0
qwen2.5:1.5b,0.2,16,23,20.35,(16;16),rest,46,0,0
qwen2.5:1.5b,0.2,18,11,21.97,(16;16),attempt_vault,51,0,0
qwen2.5:1.5b,0.2,8,6,18.94,(16;16),attempt_vault,51,0,0
qwen2.5:1.5b,0.2,16,24,16.89,(16;16),rest,46,0,0
qwen2.5:1.5b,0.2,18,12,18.56,(16;16),rest,41,0,0
qwen2.5:1.5b,0.2,8,7,5.43,(16;16),attempt_vault,51,0,0
qwen2.5:1.5b,0.2,16,25,13.43,(16;16),rest,46,0,0
qwen2.5:1.5b,0.2,18,13,15.08,(16;16),forage,48,0,0
qwen2.5:1.5b,0.2,8,8,-8.08,(16;16),attempt_vault,51,0,0
qwen2.5:1.5b,0.2,16,26,9.97,(16;16),rest,46,0,0
qwen2.5:1.5b,0.2,18,14,11.67,(16;16),rest,41,0,0
qwen2.5:1.5b,0.2,9,1,86.57,(16;16),attempt_vault,43,0,0
qwen2.5:1.5b,0.2,16,27,6.52,(16;16),rest,45,0,0
qwen2.5:1.5b,0.2,18,15,-1.84,(16;16),attempt_vault,51,0,0
qwen2.5:1.5b,0.2,9,2,82.62,(17;15),move,45,0,0
qwen2.5:1.5b,0.2,16,28,3.07,(16;16),rest,45,0,0
qwen2.5:1.5b,0.2,19,1,86.48,(16;16),attempt_vault,52,0,0
qwen2.5:1.5b,0.2,9,3,69.15,(17;15),attempt_vault,47,0,0
qwen2.5:1.5b,0.2,16,29,-0.38,(16;16),rest,45,0,0
qwen2.5:1.5b,0.2,19,2,83.01,(16;16),forage,47,0,0
qwen2.5:1.5b,0.2,9,4,65.21,(18;15),move,44,0,0
qwen2.5:1.5b,0.2,17,1,86.49,(16;16),attempt_vault,51,0,0
qwen2.5:1.5b,0.2,19,3,79.56,(16;16),rest,45,0,0
qwen2.5:1.5b,0.2,9,5,51.74,(18;15),attempt_vault,47,0,0
qwen2.5:1.5b,0.2,17,2,83.05,(16;16),rest,44,0,0
qwen2.5:1.5b,0.2,19,4,66.05,(16;16),attempt_vault,51,0,0
qwen2.5:1.5b,0.2,9,6,47.8,(18;14),move,44,0,0
qwen2.5:1.5b,0.2,17,3,79.57,(16;16),forage,48,0,0
qwen2.5:1.5b,0.2,19,5,62.58,(16;16),forage,47,0,0
qwen2.5:1.5b,0.2,9,7,34.33,(18;14),attempt_vault,47,0,0
qwen2.5:1.5b,0.2,17,4,66.06,(16;16),attempt_vault,51,0,0
qwen2.5:1.5b,0.2,19,6,59.13,(16;16),rest,45,0,0
qwen2.5:1.5b,0.2,9,8,30.39,(17;14),move,44,0,0
qwen2.5:1.5b,0.2,17,5,62.62,(16;16),rest,44,0,0
qwen2.5:1.5b,0.2,19,7,45.62,(16;16),attempt_vault,51,0,0
qwen2.5:1.5b,0.2,9,9,16.92,(17;14),attempt_vault,47,0,0
qwen2.5:1.5b,0.2,17,6,59.14,(16;16),forage,48,0,0
qwen2.5:1.5b,0.2,19,8,42.17,(16;16),rest,45,0,0
qwen2.5:1.5b,0.2,9,10,12.97,(17;15),move,45,0,0
qwen2.5:1.5b,0.2,17,7,45.63,(16;16),attempt_vault,51,0,0
qwen2.5:1.5b,0.2,19,9,38.7,(16;16),forage,47,0,0
qwen2.5:1.5b,0.2,9,11,-0.5,(17;15),attempt_vault,47,0,0
qwen2.5:1.5b,0.2,17,8,42.19,(16;16),rest,44,0,0
qwen2.5:1.5b,0.2,19,10,35.25,(16;16),rest,45,0,0
qwen2.5:1.5b,0.2,10,1,86.49,(16;16),attempt_vault,51,0,0
qwen2.5:1.5b,0.2,17,9,38.71,(16;16),forage,48,0,0
qwen2.5:1.5b,0.2,19,11,21.74,(16;16),attempt_vault,51,0,0
qwen2.5:1.5b,0.2,10,2,83.06,(16;16),rest,43,0,0
qwen2.5:1.5b,0.2,17,10,25.2,(16;16),attempt_vault,51,0,0
qwen2.5:1.5b,0.2,19,12,18.29,(16;16),rest,45,0,0
qwen2.5:1.5b,0.2,10,3,79.61,(16;16),forage,45,0,0
qwen2.5:1.5b,0.2,17,11,21.76,(16;16),rest,44,0,0
qwen2.5:1.5b,0.2,19,13,14.82,(16;16),forage,47,0,0
qwen2.5:1.5b,0.2,10,4,66.12,(16;16),attempt_vault,49,0,0
qwen2.5:1.5b,0.2,17,12,18.28,(16;16),forage,48,0,0
qwen2.5:1.5b,0.2,19,14,11.37,(16;16),rest,45,0,0
qwen2.5:1.5b,0.2,10,5,62.69,(16;16),rest,43,0,0
qwen2.5:1.5b,0.2,17,13,4.77,(16;16),attempt_vault,51,0,0
qwen2.5:1.5b,0.2,19,15,-2.14,(16;16),attempt_vault,51,0,0
qwen2.5:1.5b,0.2,10,6,59.24,(16;16),forage,45,0,0
qwen2.5:1.5b,0.2,17,14,1.33,(16;16),rest,44,0,0
qwen2.5:1.5b,0.2,20,1,86.57,(16;16),attempt_vault,43,0,0
qwen2.5:1.5b,0.2,10,7,45.75,(16;16),attempt_vault,49,0,0
qwen2.5:1.5b,0.2,17,14,-1.15,(16;16),rest,48,0,0
qwen2.5:1.5b,0.2,20,2,83.15,(16;16),forage,42,0,0
qwen2.5:1.5b,0.2,10,8,42.32,(16;16),rest,43,0,0
qwen2.5:1.5b,0.2,18,1,96.54,(16;16),forage,46,0,0
qwen2.5:1.5b,0.2,20,3,79.71,(16;16),rest,44,0,0
qwen2.5:1.5b,0.2,10,9,38.87,(16;16),forage,45,0,0
qwen2.5:1.5b,0.2,18,2,92.65,(17;15),move,39,0,0
qwen2.5:1.5b,0.2,20,4,66.28,(16;16),attempt_vault,43,0,0
qwen2.5:1.5b,0.2,10,10,25.38,(16;16),attempt_vault,49,0,0
qwen2.5:1.5b,0.2,18,3,86.18,(17;15),write_sign,47,1,1
qwen2.5:1.5b,0.2,20,5,62.86,(16;16),forage,42,0,0
qwen2.5:1.5b,0.2,10,11,21.95,(16;16),rest,43,0,0
qwen2.5:1.5b,0.2,18,4,82.8,(17;15),forage,38,1,0
qwen2.5:1.5b,0.2,20,6,59.42,(16;16),rest,44,0,0
qwen2.5:1.5b,0.2,10,12,18.5,(16;16),forage,45,0,0
qwen2.5:1.5b,0.2,18,5,79.42,(17;15),forage,38,1,0
qwen2.5:1.5b,0.2,20,7,45.99,(16;16),attempt_vault,43,0,0
qwen2.5:1.5b,0.2,10,13,5.01,(16;16),attempt_vault,49,0,0
qwen2.5:1.5b,0.2,18,6,76.04,(17;15),forage,38,1,0
qwen2.5:1.5b,0.2,20,8,42.55,(16;16),rest,44,0,0
qwen2.5:1.5b,0.2,10,14,1.58,(16;16),rest,43,0,0
qwen2.5:1.5b,0.2,18,7,62.55,(17;15),attempt_vault,49,1,0
qwen2.5:1.5b,0.2,20,9,39.13,(16;16),forage,42,0,0
qwen2.5:1.5b,0.2,10,14,-0.87,(16;16),rest,45,0,0
qwen2.5:1.5b,0.2,18,8,59.17,(17;15),forage,38,1,0
qwen2.5:1.5b,0.2,20,10,35.69,(16;16),rest,44,0,0
qwen2.5:1.5b,0.2,11,1,86.49,(16;16),attempt_vault,51,0,0
qwen2.5:1.5b,0.2,18,9,45.68,(17;15),attempt_vault,49,1,0
qwen2.5:1.5b,0.2,20,11,22.26,(16;16),attempt_vault,43,0,0
qwen2.5:1.5b,0.2,11,2,83.03,(16;16),rest,46,0,0
qwen2.5:1.5b,0.2,18,10,42.3,(17;15),forage,38,1,0
qwen2.5:1.5b,0.2,20,12,18.82,(16;16),rest,44,0,0
qwen2.5:1.5b,0.2,11,3,69.53,(16;16),attempt_vault,50,0,0
qwen2.5:1.5b,0.2,18,11,28.81,(17;15),attempt_vault,49,1,0
qwen2.5:1.5b,0.2,20,13,15.36,(16;16),forage,46,0,0
qwen2.5:1.5b,0.2,11,4,66.07,(16;16),rest,46,0,0
qwen2.5:1.5b,0.2,18,12,25.38,(17;15),rest,43,1,0
qwen2.5:1.5b,0.2,20,14,11.92,(16;16),rest,44,0,0
qwen2.5:1.5b,0.2,11,5,52.57,(16;16),attempt_vault,50,0,0
qwen2.5:1.5b,0.2,18,13,22.0,(17;15),forage,38,1,0
qwen2.5:1.5b,0.2,20,15,-1.55,(16;16),attempt_vault,47,0,0
qwen2.5:1.5b,0.2,11,6,49.11,(16;16),rest,46,0,0
qwen2.5:1.5b,0.2,18,14,8.51,(17;15),attempt_vault,49,1,0
qwen2.5:1.5b,0.2,21,1,86.52,(16;16),attempt_vault,48,0,0
qwen2.5:1.5b,0.2,11,7,35.61,(16;16),attempt_vault,50,0,0
qwen2.5:1.5b,0.2,18,15,5.08,(17;15),rest,43,1,0
qwen2.5:1.5b,0.2,21,2,83.04,(16;16),rest,48,0,0
qwen2.5:1.5b,0.2,11,8,32.15,(16;16),rest,46,0,0
qwen2.5:1.5b,0.2,18,16,1.7,(17;15),forage,38,1,0
qwen2.5:1.5b,0.2,21,3,79.58,(16;16),forage,46,0,0
qwen2.5:1.5b,0.2,11,9,18.65,(16;16),attempt_vault,50,0,0
qwen2.5:1.5b,0.2,18,16,-0.73,(17;15),rest,43,1,0
qwen2.5:1.5b,0.2,21,4,66.03,(16;16),attempt_vault,55,0,0
qwen2.5:1.5b,0.2,11,10,15.19,(16;16),rest,46,0,0
qwen2.5:1.5b,0.2,19,1,86.5,(16;16),attempt_vault,50,1,0
qwen2.5:1.5b,0.2,21,5,62.54,(16;16),rest,49,0,0
qwen2.5:1.5b,0.2,11,11,1.69,(16;16),attempt_vault,50,0,0
qwen2.5:1.5b,0.2,19,2,83.08,(16;16),rest,42,1,0
qwen2.5:1.5b,0.2,21,6,59.03,(16;16),forage,51,0,0
qwen2.5:1.5b,0.2,11,11,-0.77,(16;16),rest,46,0,0
qwen2.5:1.5b,0.2,19,3,79.64,(16;16),forage,44,1,0
qwen2.5:1.5b,0.2,21,7,45.48,(16;16),attempt_vault,55,0,0
qwen2.5:1.5b,0.2,12,1,86.49,(16;16),attempt_vault,51,0,0
qwen2.5:1.5b,0.2,19,4,66.16,(16;16),attempt_vault,48,1,0
qwen2.5:1.5b,0.2,21,8,41.99,(16;16),rest,49,0,0
qwen2.5:1.5b,0.2,12,2,82.59,(17;15),move,40,0,0
qwen2.5:1.5b,0.2,19,5,62.74,(16;16),rest,42,1,0
qwen2.5:1.5b,0.2,21,9,38.48,(16;16),forage,51,0,0
qwen2.5:1.5b,0.2,12,3,69.08,(17;15),attempt_vault,51,0,0
qwen2.5:1.5b,0.2,19,6,59.3,(16;16),forage,44,1,0
qwen2.5:1.5b,0.2,21,10,24.93,(16;16),attempt_vault,55,0,0
qwen2.5:1.5b,0.2,12,4,65.18,(18;14),move,40,0,0
qwen2.5:1.5b,0.2,19,7,45.82,(16;16),attempt_vault,48,1,0
qwen2.5:1.5b,0.2,21,11,21.44,(16;16),rest,49,0,0
qwen2.5:1.5b,0.2,12,5,51.67,(18;14),attempt_vault,51,0,0
qwen2.5:1.5b,0.2,19,8,42.4,(16;16),rest,42,1,0
qwen2.5:1.5b,0.2,21,12,17.93,(16;16),forage,51,0,0
qwen2.5:1.5b,0.2,12,6,47.77,(17;14),move,40,0,0
qwen2.5:1.5b,0.2,19,9,38.96,(16;16),forage,44,1,0
qwen2.5:1.5b,0.2,21,13,4.38,(16;16),attempt_vault,55,0,0
qwen2.5:1.5b,0.2,19,10,25.48,(16;16),attempt_vault,48,1,0
qwen2.5:1.5b,0.2,12,7,34.26,(17;14),attempt_vault,51,0,0
qwen2.5:1.5b,0.2,21,14,0.89,(16;16),rest,49,0,0
qwen2.5:1.5b,0.2,19,11,22.06,(16;16),rest,42,1,0
qwen2.5:1.5b,0.2,12,8,30.36,(17;13),move,40,0,0
qwen2.5:1.5b,0.2,21,14,-1.6,(16;16),rest,49,0,0
qwen2.5:1.5b,0.2,19,12,18.62,(16;16),forage,44,1,0
qwen2.5:1.5b,0.2,12,9,16.85,(17;13),attempt_vault,51,0,0
qwen2.5:1.5b,0.2,22,1,86.5,(16;16),attempt_vault,50,0,0
qwen2.5:1.5b,0.2,19,13,5.14,(16;16),attempt_vault,48,1,0
qwen2.5:1.5b,0.2,12,10,12.95,(18;13),move,40,0,0
qwen2.5:1.5b,0.2,22,2,83.02,(16;16),forage,48,0,0
qwen2.5:1.5b,0.2,19,14,1.72,(16;16),rest,42,1,0
qwen2.5:1.5b,0.2,12,11,-0.56,(18;13),attempt_vault,51,0,0
qwen2.5:1.5b,0.2,22,3,79.56,(16;16),rest,46,0,0
qwen2.5:1.5b,0.2,19,14,-0.7,(16;16),rest,42,1,0
qwen2.5:1.5b,0.2,13,1,86.44,(16;16),attempt_vault,56,0,0
qwen2.5:1.5b,0.2,22,4,66.06,(16;16),attempt_vault,50,0,0
qwen2.5:1.5b,0.2,20,1,86.5,(16;16),attempt_vault,50,1,0
qwen2.5:1.5b,0.2,13,2,72.88,(16;16),attempt_vault,56,0,0
qwen2.5:1.5b,0.2,22,5,62.58,(16;16),forage,48,0,0
qwen2.5:1.5b,0.2,20,2,83.07,(16;16),rest,43,1,0
qwen2.5:1.5b,0.2,13,3,59.32,(16;16),attempt_vault,56,0,0
qwen2.5:1.5b,0.2,22,6,49.08,(16;16),attempt_vault,50,0,0
qwen2.5:1.5b,0.2,20,3,79.56,(16;16),forage,51,1,0
qwen2.5:1.5b,0.2,13,4,45.76,(16;16),attempt_vault,56,0,0
qwen2.5:1.5b,0.2,22,7,45.62,(16;16),rest,46,0,0
qwen2.5:1.5b,0.2,20,4,66.05,(16;16),attempt_vault,51,1,0
qwen2.5:1.5b,0.2,13,5,32.2,(16;16),attempt_vault,56,0,0
qwen2.5:1.5b,0.2,22,8,42.14,(16;16),forage,48,0,0
qwen2.5:1.5b,0.2,20,5,62.62,(16;16),rest,43,1,0
qwen2.5:1.5b,0.2,13,6,18.64,(16;16),attempt_vault,56,0,0
qwen2.5:1.5b,0.2,22,9,28.64,(16;16),attempt_vault,50,0,0
qwen2.5:1.5b,0.2,20,6,59.11,(16;16),forage,51,1,0
qwen2.5:1.5b,0.2,13,7,5.08,(16;16),attempt_vault,56,0,0
qwen2.5:1.5b,0.2,22,10,25.18,(16;16),rest,46,0,0
qwen2.5:1.5b,0.2,20,7,45.6,(16;16),attempt_vault,51,1,0
qwen2.5:1.5b,0.2,13,8,1.6,(16;16),rest,48,0,0
qwen2.5:1.5b,0.2,22,11,21.7,(16;16),forage,48,0,0
qwen2.5:1.5b,0.2,20,8,42.17,(16;16),rest,43,1,0
qwen2.5:1.5b,0.2,13,8,-0.96,(16;16),rest,56,0,0
qwen2.5:1.5b,0.2,22,12,8.2,(16;16),attempt_vault,50,0,0
qwen2.5:1.5b,0.2,20,9,38.66,(16;16),forage,51,1,0
qwen2.5:1.5b,0.2,14,1,86.46,(16;16),attempt_vault,54,0,0
qwen2.5:1.5b,0.2,22,13,4.74,(16;16),rest,46,0,0
qwen2.5:1.5b,0.2,20,10,25.15,(16;16),attempt_vault,51,1,0
qwen2.5:1.5b,0.2,14,2,72.93,(16;16),attempt_vault,53,0,0
qwen2.5:1.5b,0.2,22,14,1.26,(16;16),forage,48,0,0
qwen2.5:1.5b,0.2,20,11,21.72,(16;16),rest,43,1,0
qwen2.5:1.5b,0.2,14,3,59.4,(16;16),attempt_vault,53,0,0
qwen2.5:1.5b,0.2,22,14,-1.24,(16;16),rest,50,0,0
qwen2.5:1.5b,0.2,20,12,18.21,(16;16),forage,51,1,0
qwen2.5:1.5b,0.2,14,4,45.87,(16;16),attempt_vault,53,0,0
qwen2.5:1.5b,0.2,23,1,86.49,(16;16),attempt_vault,51,0,0
qwen2.5:1.5b,0.2,20,13,4.7,(16;16),attempt_vault,51,1,0
qwen2.5:1.5b,0.2,14,5,32.34,(16;16),attempt_vault,53,0,0
qwen2.5:1.5b,0.2,23,2,83.01,(16;16),forage,48,0,0
qwen2.5:1.5b,0.2,20,14,1.27,(16;16),rest,43,1,0
qwen2.5:1.5b,0.2,14,6,18.81,(16;16),attempt_vault,53,0,0
qwen2.5:1.5b,0.2,23,3,79.58,(16;16),rest,43,0,0
qwen2.5:1.5b,0.2,20,14,-1.24,(16;16),rest,51,1,0
qwen2.5:1.5b,0.2,14,7,5.28,(16;16),attempt_vault,53,0,0
qwen2.5:1.5b,0.2,23,4,66.08,(16;16),attempt_vault,50,0,0
qwen2.5:1.5b,0.2,21,1,86.5,(16;16),attempt_vault,50,1,0
qwen2.5:1.5b,0.2,14,8,-8.25,(16;16),attempt_vault,53,0,0
qwen2.5:1.5b,0.2,23,5,62.6,(16;16),forage,48,0,0
qwen2.5:1.5b,0.2,21,2,83.01,(16;16),forage,49,1,0
qwen2.5:1.5b,0.2,15,1,86.57,(16;16),attempt_vault,43,0,0
qwen2.5:1.5b,0.2,23,6,59.17,(16;16),rest,43,0,0
qwen2.5:1.5b,0.2,21,3,79.54,(16;16),rest,47,1,0
qwen2.5:1.5b,0.2,15,2,82.57,(17;15),move,50,0,0
qwen2.5:1.5b,0.2,23,7,45.67,(16;16),attempt_vault,50,0,0
qwen2.5:1.5b,0.2,21,4,66.0,(16;16),attempt_vault,54,1,0
qwen2.5:1.5b,0.2,15,3,69.15,(17;15),attempt_vault,42,0,0
qwen2.5:1.5b,0.2,23,8,42.19,(16;16),forage,48,0,0
qwen2.5:1.5b,0.2,21,5,62.52,(16;16),rest,48,1,0
qwen2.5:1.5b,0.2,15,4,65.68,(17;15),rest,47,0,0
qwen2.5:1.5b,0.2,23,9,38.76,(16;16),rest,43,0,0
qwen2.5:1.5b,0.2,21,6,59.02,(16;16),forage,50,1,0
qwen2.5:1.5b,0.2,15,5,52.27,(17;15),attempt_vault,41,0,0
qwen2.5:1.5b,0.2,23,10,25.26,(16;16),attempt_vault,50,0,0
qwen2.5:1.5b,0.2,21,7,55.54,(16;16),rest,48,1,0
qwen2.5:1.5b,0.2,15,6,48.27,(18;14),move,50,0,0
qwen2.5:1.5b,0.2,23,11,21.83,(16;16),rest,43,0,0
qwen2.5:1.5b,0.2,21,8,52.04,(16;16),forage,50,1,0
qwen2.5:1.5b,0.2,1,1,86.52,(16;16),attempt_vault,48,0,0
qwen2.5:1.5b,0.2,1,2,82.98,(16;16),forage,54,0,0
qwen2.5:1.5b,0.2,1,3,79.4,(16;16),rest,58,0,0
qwen2.5:1.5b,0.2,1,4,72.79,(16;16),write_sign,61,0,1
qwen2.5:1.5b,0.2,1,5,59.27,(16;16),attempt_vault,52,1,0
qwen2.5:1.5b,0.2,1,6,55.67,(16;16),rest,60,1,0
qwen2.5:1.5b,0.2,1,7,42.15,(16;16),attempt_vault,52,1,0
qwen2.5:1.5b,0.2,1,8,38.55,(16;16),rest,60,1,0
qwen2.5:1.5b,0.2,1,9,25.03,(16;16),attempt_vault,52,1,0
qwen2.5:1.5b,0.2,1,10,21.43,(16;16),rest,60,1,0
qwen2.5:1.5b,0.2,1,11,7.91,(16;16),attempt_vault,52,1,0
qwen2.5:1.5b,0.2,1,12,4.31,(16;16),rest,60,1,0
qwen2.5:1.5b,0.2,1,13,-9.21,(16;16),attempt_vault,52,1,0
qwen2.5:1.5b,0.2,2,1,86.5,(16;16),attempt_vault,50,1,0
qwen2.5:1.5b,0.2,2,2,82.67,(17;15),move,33,1,0
qwen2.5:1.5b,0.2,2,3,79.24,(17;15),forage,43,1,0
qwen2.5:1.5b,0.2,2,4,75.41,(18;16),move,33,1,0
qwen2.5:1.5b,0.2,2,5,71.98,(18;16),forage,43,1,0
qwen2.5:1.5b,0.2,2,6,68.15,(17;16),move,33,1,0
qwen2.5:1.5b,0.2,2,7,64.72,(17;16),forage,43,1,0
qwen2.5:1.5b,0.2,2,8,60.89,(18;17),move,33,1,0
qwen2.5:1.5b,0.2,2,9,57.46,(18;17),forage,43,1,0
qwen2.5:1.5b,0.2,2,10,53.63,(17;17),move,33,1,0
qwen2.5:1.5b,0.2,2,11,50.2,(17;17),forage,43,1,0
qwen2.5:1.5b,0.2,2,12,46.37,(18;18),move,33,1,0
qwen2.5:1.5b,0.2,2,13,42.94,(18;18),forage,43,1,0
qwen2.5:1.5b,0.2,2,14,39.11,(17;18),move,33,1,0
qwen2.5:1.5b,0.2,2,15,35.68,(17;18),forage,43,1,0
qwen2.5:1.5b,0.2,2,16,31.85,(18;19),move,33,1,0
qwen2.5:1.5b,0.2,2,17,28.43,(18;19),forage,42,1,0
qwen2.5:1.5b,0.2,2,18,24.6,(17;19),move,33,1,0
qwen2.5:1.5b,0.2,2,19,21.18,(17;19),forage,42,1,0
qwen2.5:1.5b,0.2,2,20,17.35,(18;20),move,33,1,0
qwen2.5:1.5b,0.2,2,21,13.96,(18;20),rest,39,0,0
qwen2.5:1.5b,0.2,2,22,10.54,(18;20),forage,42,0,0
qwen2.5:1.5b,0.2,2,23,6.71,(19;21),move,33,0,0
qwen2.5:1.5b,0.2,2,24,3.29,(19;21),forage,42,0,0
qwen2.5:1.5b,0.2,2,25,-0.54,(20;22),move,33,0,0
qwen2.5:1.5b,0.2,3,1,86.49,(16;16),attempt_vault,51,1,0
qwen2.5:1.5b,0.2,3,2,72.98,(16;16),attempt_vault,51,1,0
qwen2.5:1.5b,0.2,3,3,59.47,(16;16),attempt_vault,51,1,0
qwen2.5:1.5b,0.2,3,4,45.96,(16;16),attempt_vault,51,1,0
qwen2.5:1.5b,0.2,3,5,32.45,(16;16),attempt_vault,51,1,0
qwen2.5:1.5b,0.2,3,6,18.94,(16;16),attempt_vault,51,1,0
qwen2.5:1.5b,0.2,3,7,5.43,(16;16),attempt_vault,51,1,0
qwen2.5:1.5b,0.2,3,8,-8.08,(16;16),attempt_vault,51,1,0
qwen2.5:1.5b,0.2,4,1,86.49,(16;16),attempt_vault,51,1,0
qwen2.5:1.5b,0.2,4,2,83.03,(16;16),forage,46,1,0
qwen2.5:1.5b,0.2,4,3,79.57,(16;16),rest,46,1,0
qwen2.5:1.5b,0.2,4,4,66.07,(16;16),attempt_vault,50,1,0
qwen2.5:1.5b,0.2,4,5,62.61,(16;16),forage,46,1,0
qwen2.5:1.5b,0.2,4,6,59.15,(16;16),rest,46,1,0
qwen2.5:1.5b,0.2,4,7,45.65,(16;16),attempt_vault,50,1,0
qwen2.5:1.5b,0.2,4,8,42.19,(16;16),forage,46,1,0
qwen2.5:1.5b,0.2,4,9,38.73,(16;16),rest,46,1,0
qwen2.5:1.5b,0.2,4,10,25.23,(16;16),attempt_vault,50,1,0
qwen2.5:1.5b,0.2,4,11,21.77,(16;16),forage,46,1,0
qwen2.5:1.5b,0.2,4,12,18.31,(16;16),rest,46,1,0
qwen2.5:1.5b,0.2,4,13,4.81,(16;16),attempt_vault,50,1,0
qwen2.5:1.5b,0.2,4,14,1.35,(16;16),forage,46,1,0
qwen2.5:1.5b,0.2,4,14,-1.11,(16;16),rest,46,1,0
qwen2.5:1.5b,0.2,5,1,96.58,(16;16),forage,42,1,0
qwen2.5:1.5b,0.2,5,2,93.16,(16;16),forage,42,1,0
qwen2.5:1.5b,0.2,5,3,89.74,(16;16),forage,42,1,0
qwen2.5:1.5b,0.2,5,4,86.32,(16;16),forage,42,1,0
qwen2.5:1.5b,0.2,5,5,82.9,(16;16),forage,42,1,0
qwen2.5:1.5b,0.2,5,6,79.48,(16;16),forage,42,1,0
qwen2.5:1.5b,0.2,5,7,76.06,(16;16),forage,42,1,0
qwen2.5:1.5b,0.2,5,8,72.64,(16;16),forage,42,1,0
qwen2.5:1.5b,0.2,5,9,69.22,(16;16),forage,42,1,0
qwen2.5:1.5b,0.2,5,10,65.8,(16;16),forage,42,1,0
qwen2.5:1.5b,0.2,5,11,62.38,(16;16),forage,42,1,0
qwen2.5:1.5b,0.2,5,12,58.96,(16;16),forage,42,1,0
qwen2.5:1.5b,0.2,5,13,55.54,(16;16),forage,42,1,0
qwen2.5:1.5b,0.2,5,14,52.12,(16;16),forage,42,1,0
qwen2.5:1.5b,0.2,5,15,48.7,(16;16),forage,42,1,0
qwen2.5:1.5b,0.2,5,16,45.28,(16;16),forage,42,1,0
qwen2.5:1.5b,0.2,5,17,41.86,(16;16),forage,42,1,0
qwen2.5:1.5b,0.2,5,18,38.44,(16;16),forage,42,1,0
qwen2.5:1.5b,0.2,5,19,35.02,(16;16),forage,42,1,0
qwen2.5:1.5b,0.2,5,20,31.6,(16;16),forage,42,1,0
qwen2.5:1.5b,0.2,5,21,28.18,(16;16),forage,42,1,0
qwen2.5:1.5b,0.2,5,22,24.76,(16;16),forage,42,1,0
qwen2.5:1.5b,0.2,5,23,21.34,(16;16),forage,42,1,0
qwen2.5:1.5b,0.2,5,24,17.92,(16;16),forage,42,1,0
qwen2.5:1.5b,0.2,5,25,14.5,(16;16),forage,42,1,0
qwen2.5:1.5b,0.2,5,26,11.08,(16;16),forage,42,1,0
qwen2.5:1.5b,0.2,5,27,7.66,(16;16),forage,42,1,0
qwen2.5:1.5b,0.2,5,28,4.24,(16;16),forage,42,1,0
qwen2.5:1.5b,0.2,5,29,0.82,(16;16),forage,42,1,0
qwen2.5:1.5b,0.2,5,29,-1.6,(16;16),rest,42,1,0
qwen2.5:1.5b,0.2,6,1,86.48,(16;16),attempt_vault,52,1,0
qwen2.5:1.5b,0.2,6,2,82.99,(16;16),forage,49,1,0
qwen2.5:1.5b,0.2,6,3,69.44,(16;16),attempt_vault,55,1,0
qwen2.5:1.5b,0.2,6,4,66.01,(16;16),rest,43,1,0
qwen2.5:1.5b,0.2,6,5,62.48,(16;16),forage,53,1,0
qwen2.5:1.5b,0.2,6,6,48.93,(16;16),attempt_vault,55,1,0
qwen2.5:1.5b,0.2,6,7,45.5,(16;16),rest,43,1,0
qwen2.5:1.5b,0.2,6,8,41.97,(16;16),forage,53,1,0
qwen2.5:1.5b,0.2,6,9,28.42,(16;16),attempt_vault,55,1,0
qwen2.5:1.5b,0.2,6,10,24.99,(16;16),rest,43,1,0
qwen2.5:1.5b,0.2,6,11,21.46,(16;16),forage,53,1,0
qwen2.5:1.5b,0.2,6,12,7.91,(16;16),attempt_vault,55,1,0
qwen2.5:1.5b,0.2,6,13,4.48,(16;16),rest,43,1,0
qwen2.5:1.5b,0.2,6,14,0.95,(16;16),forage,53,1,0
qwen2.5:1.5b,0.2,6,14,-1.6,(16;16),rest,55,1,0
qwen2.5:1.5b,0.2,7,1,86.55,(16;16),attempt_vault,45,1,0
qwen2.5:1.5b,0.2,7,2,73.1,(16;16),attempt_vault,45,1,0
qwen2.5:1.5b,0.2,7,3,59.65,(16;16),attempt_vault,45,1,0
qwen2.5:1.5b,0.2,7,4,46.2,(16;16),attempt_vault,45,1,0
qwen2.5:1.5b,0.2,7,5,32.75,(16;16),attempt_vault,45,1,0
qwen2.5:1.5b,0.2,7,6,19.3,(16;16),attempt_vault,45,1,0
qwen2.5:1.5b,0.2,7,7,5.85,(16;16),attempt_vault,45,1,0
qwen2.5:1.5b,0.2,7,8,-7.6,(16;16),attempt_vault,45,1,0
qwen2.5:1.5b,0.2,8,1,96.53,(16;16),forage,47,1,0
qwen2.5:1.5b,0.2,8,2,90.04,(16;16),write_sign,49,1,1
qwen2.5:1.5b,0.2,8,3,86.6,(16;16),forage,44,1,0
qwen2.5:1.5b,0.2,8,4,83.16,(16;16),forage,44,1,0
qwen2.5:1.5b,0.2,8,5,79.72,(16;16),forage,44,1,0
qwen2.5:1.5b,0.2,8,6,76.28,(16;16),forage,44,1,0
qwen2.5:1.5b,0.2,8,7,72.84,(16;16),forage,44,1,0
qwen2.5:1.5b,0.2,8,8,69.4,(16;16),forage,44,1,0
qwen2.5:1.5b,0.2,8,9,65.96,(16;16),forage,44,1,0
qwen2.5:1.5b,0.2,8,10,62.52,(16;16),forage,44,1,0
qwen2.5:1.5b,0.2,8,11,59.08,(16;16),forage,44,1,0
qwen2.5:1.5b,0.2,8,12,55.64,(16;16),forage,44,1,0
qwen2.5:1.5b,0.2,8,13,52.2,(16;16),forage,44,1,0
qwen2.5:1.5b,0.2,8,14,48.76,(16;16),forage,44,1,0
qwen2.5:1.5b,0.2,8,15,45.32,(16;16),forage,44,1,0
qwen2.5:1.5b,0.2,8,16,41.88,(16;16),forage,44,1,0
qwen2.5:1.5b,0.2,8,17,38.44,(16;16),forage,44,1,0
qwen2.5:1.5b,0.2,8,18,35.0,(16;16),forage,44,1,0
qwen2.5:1.5b,0.2,8,19,31.56,(16;16),forage,44,1,0
qwen2.5:1.5b,0.2,8,20,28.12,(16;16),forage,44,1,0
qwen2.5:1.5b,0.2,8,21,24.68,(16;16),forage,44,1,0
qwen2.5:1.5b,0.2,8,22,21.24,(16;16),forage,44,1,0
qwen2.5:1.5b,0.2,8,23,17.8,(16;16),forage,44,1,0
qwen2.5:1.5b,0.2,8,24,14.36,(16;16),forage,44,1,0
qwen2.5:1.5b,0.2,8,25,10.92,(16;16),forage,44,1,0
qwen2.5:1.5b,0.2,8,26,7.48,(16;16),forage,44,1,0
qwen2.5:1.5b,0.2,8,27,4.04,(16;16),forage,44,1,0
qwen2.5:1.5b,0.2,8,28,0.6,(16;16),forage,44,1,0
qwen2.5:1.5b,0.2,8,28,-1.84,(16;16),rest,44,1,0
qwen2.5:1.5b,0.2,9,1,86.49,(16;16),attempt_vault,51,1,0
qwen2.5:1.5b,0.2,9,2,83.01,(16;16),forage,48,1,0
qwen2.5:1.5b,0.2,9,3,79.51,(16;16),rest,50,1,0
qwen2.5:1.5b,0.2,9,4,65.97,(16;16),attempt_vault,54,1,0
qwen2.5:1.5b,0.2,9,5,62.47,(16;16),forage,50,1,0
qwen2.5:1.5b,0.2,9,6,48.93,(16;16),attempt_vault,54,1,0
qwen2.5:1.5b,0.2,9,7,45.43,(16;16),rest,50,1,0
qwen2.5:1.5b,0.2,9,8,31.89,(16;16),attempt_vault,54,1,0
qwen2.5:1.5b,0.2,9,9,28.39,(16;16),forage,50,1,0
qwen2.5:1.5b,0.2,9,10,14.85,(16;16),attempt_vault,54,1,0
qwen2.5:1.5b,0.2,9,11,11.35,(16;16),rest,50,1,0
qwen2.5:1.5b,0.2,9,12,-2.19,(16;16),attempt_vault,54,1,0
qwen2.5:1.5b,0.2,10,1,86.49,(16;16),attempt_vault,51,1,0
qwen2.5:1.5b,0.2,10,2,83.03,(16;16),rest,46,1,0
qwen2.5:1.5b,0.2,10,3,69.53,(16;16),attempt_vault,50,1,0
qwen2.5:1.5b,0.2,10,4,66.07,(16;16),rest,46,1,0
qwen2.5:1.5b,0.2,10,5,52.57,(16;16),attempt_vault,50,1,0
qwen2.5:1.5b,0.2,10,6,49.11,(16;16),rest,46,1,0
qwen2.5:1.5b,0.2,10,7,35.61,(16;16),attempt_vault,50,1,0
qwen2.5:1.5b,0.2,10,8,32.15,(16;16),rest,46,1,0
qwen2.5:1.5b,0.2,10,9,18.65,(16;16),attempt_vault,50,1,0
qwen2.5:1.5b,0.2,10,10,15.19,(16;16),rest,46,1,0
qwen2.5:1.5b,0.2,10,11,1.69,(16;16),attempt_vault,50,1,0
qwen2.5:1.5b,0.2,10,11,-0.77,(16;16),rest,46,1,0
qwen2.5:1.5b,0.2,11,1,86.56,(16;16),attempt_vault,44,1,0
qwen2.5:1.5b,0.2,11,2,73.12,(16;16),attempt_vault,44,1,0
qwen2.5:1.5b,0.2,11,3,69.69,(16;16),rest,43,1,0
qwen2.5:1.5b,0.2,11,4,66.23,(16;16),forage,46,1,0
qwen2.5:1.5b,0.2,11,5,62.8,(16;16),rest,43,1,0
qwen2.5:1.5b,0.2,11,6,49.31,(16;16),attempt_vault,49,1,0
qwen2.5:1.5b,0.2,11,7,45.88,(16;16),rest,43,1,0
qwen2.5:1.5b,0.2,11,8,32.39,(16;16),attempt_vault,49,1,0
qwen2.5:1.5b,0.2,11,9,28.96,(16;16),rest,43,1,0
qwen2.5:1.5b,0.2,11,10,15.47,(16;16),attempt_vault,49,1,0
qwen2.5:1.5b,0.2,11,11,12.04,(16;16),rest,43,1,0
qwen2.5:1.5b,0.2,11,12,-1.45,(16;16),attempt_vault,49,1,0
qwen2.5:1.5b,0.2,12,1,96.53,(16;16),rest,47,1,0
qwen2.5:1.5b,0.2,12,2,83.02,(16;16),attempt_vault,51,1,0
qwen2.5:1.5b,0.2,12,3,79.52,(16;16),forage,50,1,0
qwen2.5:1.5b,0.2,12,4,76.03,(16;16),rest,49,1,0
qwen2.5:1.5b,0.2,12,5,62.52,(16;16),attempt_vault,51,1,0
qwen2.5:1.5b,0.2,12,6,59.02,(16;16),forage,50,1,0
qwen2.5:1.5b,0.2,12,7,55.53,(16;16),rest,49,1,0
qwen2.5:1.5b,0.2,12,8,42.02,(16;16),attempt_vault,51,1,0
qwen2.5:1.5b,0.2,12,9,38.52,(16;16),forage,50,1,0
qwen2.5:1.5b,0.2,12,10,35.03,(16;16),rest,49,1,0
qwen2.5:1.5b,0.2,12,11,21.52,(16;16),attempt_vault,51,1,0
qwen2.5:1.5b,0.2,12,12,18.02,(16;16),forage,50,1,0
qwen2.5:1.5b,0.2,12,13,14.53,(16;16),rest,49,1,0
qwen2.5:1.5b,0.2,12,14,1.02,(16;16),attempt_vault,51,1,0
qwen2.5:1.5b,0.2,12,14,-1.48,(16;16),rest,50,1,0
qwen2.5:1.5b,0.2,13,1,86.49,(16;16),attempt_vault,51,1,0
qwen2.5:1.5b,0.2,13,2,83.06,(16;16),rest,43,1,0
qwen2.5:1.5b,0.2,13,3,79.59,(16;16),forage,47,1,0
qwen2.5:1.5b,0.2,13,4,76.16,(16;16),rest,43,1,0
qwen2.5:1.5b,0.2,13,5,72.69,(16;16),forage,47,1,0
qwen2.5:1.5b,0.2,13,6,69.22,(16;16),forage,47,1,0
qwen2.5:1.5b,0.2,13,7,65.75,(16;16),forage,47,1,0
qwen2.5:1.5b,0.2,13,8,62.28,(16;16),forage,47,1,0
qwen2.5:1.5b,0.2,13,9,58.81,(16;16),forage,47,1,0
qwen2.5:1.5b,0.2,13,10,55.34,(16;16),forage,47,1,0
qwen2.5:1.5b,0.2,13,11,51.87,(16;16),forage,47,1,0
qwen2.5:1.5b,0.2,13,12,48.4,(16;16),forage,47,1,0
qwen2.5:1.5b,0.2,13,13,44.93,(16;16),forage,47,1,0
qwen2.5:1.5b,0.2,13,14,41.46,(16;16),forage,47,1,0
qwen2.5:1.5b,0.2,13,15,37.99,(16;16),forage,47,1,0
qwen2.5:1.5b,0.2,13,16,34.52,(16;16),forage,47,1,0
qwen2.5:1.5b,0.2,13,17,31.05,(16;16),forage,47,1,0
qwen2.5:1.5b,0.2,13,18,27.58,(16;16),forage,47,1,0
qwen2.5:1.5b,0.2,13,19,24.11,(16;16),forage,47,1,0
qwen2.5:1.5b,0.2,13,20,20.64,(16;16),forage,47,1,0
qwen2.5:1.5b,0.2,13,21,17.17,(16;16),forage,47,1,0
qwen2.5:1.5b,0.2,13,22,13.7,(16;16),forage,47,1,0
qwen2.5:1.5b,0.2,13,23,10.23,(16;16),forage,47,1,0
qwen2.5:1.5b,0.2,13,24,6.76,(16;16),forage,47,1,0
qwen2.5:1.5b,0.2,13,25,3.29,(16;16),forage,47,1,0
qwen2.5:1.5b,0.2,13,26,-0.18,(16;16),forage,47,1,0
qwen2.5:1.5b,0.2,14,1,86.5,(16;16),attempt_vault,50,1,0
qwen2.5:1.5b,0.2,14,2,83.07,(16;16),rest,43,1,0
qwen2.5:1.5b,0.2,14,3,79.62,(16;16),forage,45,1,0
qwen2.5:1.5b,0.2,14,4,76.19,(16;16),rest,43,1,0
qwen2.5:1.5b,0.2,14,5,62.69,(16;16),attempt_vault,50,1,0
qwen2.5:1.5b,0.2,14,6,59.26,(16;16),rest,43,1,0
qwen2.5:1.5b,0.2,14,7,55.81,(16;16),forage,45,1,0
qwen2.5:1.5b,0.2,14,8,42.31,(16;16),attempt_vault,50,1,0
qwen2.5:1.5b,0.2,14,9,38.88,(16;16),rest,43,1,0
qwen2.5:1.5b,0.2,14,10,35.43,(16;16),forage,45,1,0
qwen2.5:1.5b,0.2,14,11,21.93,(16;16),attempt_vault,50,1,0
qwen2.5:1.5b,0.2,14,12,18.5,(16;16),rest,43,1,0
qwen2.5:1.5b,0.2,14,13,15.05,(16;16),forage,45,1,0
qwen2.5:1.5b,0.2,14,14,1.55,(16;16),attempt_vault,50,1,0
qwen2.5:1.5b,0.2,14,14,-0.88,(16;16),rest,43,1,0
qwen2.5:1.5b,0.2,15,1,86.54,(16;16),attempt_vault,46,1,0
qwen2.5:1.5b,0.2,15,2,83.07,(16;16),rest,47,1,0
qwen2.5:1.5b,0.2,15,3,79.58,(16;16),forage,49,1,0
qwen2.5:1.5b,0.2,15,4,76.11,(16;16),rest,47,1,0
qwen2.5:1.5b,0.2,15,5,62.6,(16;16),attempt_vault,51,1,0
qwen2.5:1.5b,0.2,15,6,59.13,(16;16),rest,47,1,0
qwen2.5:1.5b,0.2,15,7,55.64,(16;16),forage,49,1,0
qwen2.5:1.5b,0.2,15,8,42.13,(16;16),attempt_vault,51,1,0
qwen2.5:1.5b,0.2,15,9,38.66,(16;16),rest,47,1,0
qwen2.5:1.5b,0.2,15,10,35.17,(16;16),forage,49,1,0
qwen2.5:1.5b,0.2,15,11,21.66,(16;16),attempt_vault,51,1,0
qwen2.5:1.5b,0.2,15,12,18.19,(16;16),rest,47,1,0
qwen2.5:1.5b,0.2,15,13,14.7,(16;16),forage,49,1,0
qwen2.5:1.5b,0.2,15,14,1.19,(16;16),attempt_vault,51,1,0
qwen2.5:1.5b,0.2,15,14,-1.28,(16;16),rest,47,1,0
qwen2.5:1.5b,0.2,16,1,86.57,(16;16),attempt_vault,43,1,0
qwen2.5:1.5b,0.2,16,2,83.16,(16;16),forage,41,1,0
qwen2.5:1.5b,0.2,16,3,69.7,(16;16),attempt_vault,46,1,0
qwen2.5:1.5b,0.2,16,4,66.26,(16;16),rest,44,1,0
qwen2.5:1.5b,0.2,16,5,52.8,(16;16),attempt_vault,46,1,0
qwen2.5:1.5b,0.2,16,6,49.39,(16;16),forage,41,1,0
qwen2.5:1.5b,0.2,16,7,45.95,(16;16),rest,44,1,0
qwen2.5:1.5b,0.2,16,8,32.49,(16;16),attempt_vault,46,1,0
qwen2.5:1.5b,0.2,16,9,29.05,(16;16),rest,44,1,0
qwen2.5:1.5b,0.2,16,10,25.59,(16;16),forage,46,1,0
qwen2.5:1.5b,0.2,16,11,12.08,(16;16),attempt_vault,51,1,0
qwen2.5:1.5b,0.2,16,12,8.64,(16;16),rest,44,1,0
qwen2.5:1.5b,0.2,16,13,5.18,(16;16),forage,46,1,0
qwen2.5:1.5b,0.2,16,14,-8.33,(16;16),attempt_vault,51,1,0
qwen2.5:1.5b,0.2,17,1,86.56,(16;16),attempt_vault,44,1,0
qwen2.5:1.5b,0.2,17,2,83.14,(16;16),forage,42,1,0
qwen2.5:1.5b,0.2,17,3,79.69,(16;16),rest,45,1,0
qwen2.5:1.5b,0.2,17,4,76.2,(16;16),forage,49,1,0
qwen2.5:1.5b,0.2,17,5,62.71,(16;16),attempt_vault,49,1,0
qwen2.5:1.5b,0.2,17,6,59.26,(16;16),rest,45,1,0
qwen2.5:1.5b,0.2,17,7,55.77,(16;16),forage,49,1,0
qwen2.5:1.5b,0.2,17,8,42.28,(16;16),attempt_vault,49,1,0
qwen2.5:1.5b,0.2,17,9,38.83,(16;16),rest,45,1,0
qwen2.5:1.5b,0.2,17,10,35.34,(16;16),forage,49,1,0
qwen2.5:1.5b,0.2,17,11,21.85,(16;16),attempt_vault,49,1,0
qwen2.5:1.5b,0.2,17,12,18.4,(16;16),rest,45,1,0
qwen2.5:1.5b,0.2,17,13,14.91,(16;16),forage,49,1,0
qwen2.5:1.5b,0.2,17,14,1.42,(16;16),attempt_vault,49,1,0
qwen2.5:1.5b,0.2,17,14,-1.03,(16;16),rest,45,1,0
qwen2.5:1.5b,0.2,18,1,86.49,(16;16),attempt_vault,51,1,0
qwen2.5:1.5b,0.2,18,2,72.98,(16;16),attempt_vault,51,1,0
qwen2.5:1.5b,0.2,18,3,69.48,(16;16),forage,50,1,0
qwen2.5:1.5b,0.2,18,4,55.97,(16;16),attempt_vault,51,1,0
qwen2.5:1.5b,0.2,18,5,52.49,(16;16),rest,48,1,0
qwen2.5:1.5b,0.2,18,6,38.98,(16;16),attempt_vault,51,1,0
qwen2.5:1.5b,0.2,18,7,35.48,(16;16),forage,50,1,0
qwen2.5:1.5b,0.2,18,8,21.97,(16;16),attempt_vault,51,1,0
qwen2.5:1.5b,0.2,18,9,18.49,(16;16),rest,48,1,0
qwen2.5:1.5b,0.2,18,10,4.98,(16;16),attempt_vault,51,1,0
qwen2.5:1.5b,0.2,18,11,1.48,(16;16),forage,50,1,0
qwen2.5:1.5b,0.2,18,11,-1.0,(16;16),rest,48,1,0
qwen2.5:1.5b,0.2,19,1,86.49,(16;16),attempt_vault,51,1,0
qwen2.5:1.5b,0.2,19,2,83.0,(16;16),forage,49,1,0
qwen2.5:1.5b,0.2,19,3,69.5,(16;16),attempt_vault,50,1,0
qwen2.5:1.5b,0.2,19,4,66.03,(16;16),rest,47,1,0
qwen2.5:1.5b,0.2,19,5,52.53,(16;16),attempt_vault,50,1,0
qwen2.5:1.5b,0.2,19,6,49.04,(16;16),forage,49,1,0
qwen2.5:1.5b,0.2,19,7,35.54,(16;16),attempt_vault,50,1,0
qwen2.5:1.5b,0.2,19,8,32.07,(16;16),rest,47,1,0
qwen2.5:1.5b,0.2,19,9,18.57,(16;16),attempt_vault,50,1,0
qwen2.5:1.5b,0.2,19,10,15.08,(16;16),forage,49,1,0
qwen2.5:1.5b,0.2,19,11,1.58,(16;16),attempt_vault,50,1,0
qwen2.5:1.5b,0.2,19,11,-0.89,(16;16),rest,47,1,0
qwen2.5:1.5b,0.2,20,1,86.55,(16;16),attempt_vault,45,1,0
qwen2.5:1.5b,0.2,20,2,83.06,(16;16),rest,49,1,0
qwen2.5:1.5b,0.2,20,3,79.53,(16;16),forage,53,1,0
qwen2.5:1.5b,0.2,20,4,76.04,(16;16),rest,49,1,0
qwen2.5:1.5b,0.2,20,5,72.51,(16;16),forage,53,1,0
qwen2.5:1.5b,0.2,20,6,69.02,(16;16),rest,49,1,0
qwen2.5:1.5b,0.2,20,7,65.49,(16;16),forage,53,1,0
qwen2.5:1.5b,0.2,20,8,62.0,(16;16),rest,49,1,0
qwen2.5:1.5b,0.2,20,9,58.47,(16;16),forage,53,1,0
qwen2.5:1.5b,0.2,20,10,54.98,(16;16),rest,49,1,0
qwen2.5:1.5b,0.2,20,11,51.45,(16;16),forage,53,1,0
qwen2.5:1.5b,0.2,20,12,47.92,(16;16),forage,53,1,0
qwen2.5:1.5b,0.2,20,13,44.39,(16;16),forage,53,1,0
qwen2.5:1.5b,0.2,20,14,40.86,(16;16),forage,53,1,0
qwen2.5:1.5b,0.2,20,15,37.33,(16;16),forage,53,1,0
qwen2.5:1.5b,0.2,20,16,33.8,(16;16),forage,53,1,0
qwen2.5:1.5b,0.2,20,17,30.27,(16;16),forage,53,1,0
qwen2.5:1.5b,0.2,20,18,26.74,(16;16),forage,53,1,0
qwen2.5:1.5b,0.2,20,19,23.21,(16;16),forage,53,1,0
qwen2.5:1.5b,0.2,20,20,19.68,(16;16),forage,53,1,0
qwen2.5:1.5b,0.2,20,21,16.15,(16;16),forage,53,1,0
qwen2.5:1.5b,0.2,20,22,12.62,(16;16),forage,53,1,0
qwen2.5:1.5b,0.2,20,23,9.09,(16;16),forage,53,1,0
qwen2.5:1.5b,0.2,20,24,5.56,(16;16),forage,53,1,0
qwen2.5:1.5b,0.2,20,25,2.03,(16;16),forage,53,1,0
qwen2.5:1.5b,0.2,20,25,-0.5,(16;16),rest,53,1,0
qwen2.5:1.5b,0.2,21,1,86.49,(16;16),attempt_vault,51,1,0
qwen2.5:1.5b,0.2,21,2,83.08,(16;16),rest,41,1,0
qwen2.5:1.5b,0.2,21,3,69.63,(16;16),attempt_vault,45,1,0
qwen2.5:1.5b,0.2,21,4,66.22,(16;16),rest,41,1,0
qwen2.5:1.5b,0.2,21,5,52.77,(16;16),attempt_vault,45,1,0
qwen2.5:1.5b,0.2,21,6,49.36,(16;16),rest,41,1,0
qwen2.5:1.5b,0.2,21,7,35.91,(16;16),attempt_vault,45,1,0
qwen2.5:1.5b,0.2,21,8,32.5,(16;16),rest,41,1,0
qwen2.5:1.5b,0.2,21,9,19.05,(16;16),attempt_vault,45,1,0
qwen2.5:1.5b,0.2,21,10,15.64,(16;16),rest,41,1,0
qwen2.5:1.5b,0.2,21,11,2.19,(16;16),attempt_vault,45,1,0
qwen2.5:1.5b,0.2,21,11,-0.22,(16;16),rest,41,1,0
qwen2.5:1.5b,0.2,22,1,86.49,(16;16),attempt_vault,51,1,0
qwen2.5:1.5b,0.2,22,2,72.98,(16;16),attempt_vault,51,1,0
qwen2.5:1.5b,0.2,22,3,59.47,(16;16),attempt_vault,51,1,0
qwen2.5:1.5b,0.2,22,4,45.96,(16;16),attempt_vault,51,1,0
qwen2.5:1.5b,0.2,22,5,32.45,(16;16),attempt_vault,51,1,0
qwen2.5:1.5b,0.2,22,6,18.94,(16;16),attempt_vault,51,1,0
qwen2.5:1.5b,0.2,22,7,5.43,(16;16),attempt_vault,51,1,0
qwen2.5:1.5b,0.2,22,8,-8.08,(16;16),attempt_vault,51,1,0
qwen2.5:1.5b,0.2,23,1,86.52,(16;16),attempt_vault,48,1,0
qwen2.5:1.5b,0.2,23,2,83.07,(16;16),forage,45,1,0
qwen2.5:1.5b,0.2,23,3,69.59,(16;16),attempt_vault,48,1,0
qwen2.5:1.5b,0.2,23,4,66.11,(16;16),rest,48,1,0
qwen2.5:1.5b,0.2,23,5,52.63,(16;16),attempt_vault,48,1,0
qwen2.5:1.5b,0.2,23,6,49.18,(16;16),forage,45,1,0
qwen2.5:1.5b,0.2,23,7,45.7,(16;16),rest,48,1,0
qwen2.5:1.5b,0.2,23,8,32.22,(16;16),attempt_vault,48,1,0
qwen2.5:1.5b,0.2,23,9,28.77,(16;16),forage,45,1,0
qwen2.5:1.5b,0.2,23,10,15.29,(16;16),attempt_vault,48,1,0
qwen2.5:1.5b,0.2,23,11,11.81,(16;16),rest,48,1,0
qwen2.5:1.5b,0.2,23,12,8.31,(16;16),forage,50,1,0
qwen2.5:1.5b,0.2,23,13,-5.22,(16;16),attempt_vault,53,1,0
qwen2.5:1.5b,0.2,24,1,86.47,(16;16),attempt_vault,53,1,0
qwen2.5:1.5b,0.2,24,2,83.01,(16;16),rest,46,1,0
qwen2.5:1.5b,0.2,24,3,69.51,(16;16),attempt_vault,50,1,0
qwen2.5:1.5b,0.2,24,4,66.05,(16;16),rest,46,1,0
qwen2.5:1.5b,0.2,24,5,52.55,(16;16),attempt_vault,50,1,0
qwen2.5:1.5b,0.2,24,6,49.09,(16;16),rest,46,1,0
qwen2.5:1.5b,0.2,24,7,35.59,(16;16),attempt_vault,50,1,0
qwen2.5:1.5b,0.2,24,8,32.13,(16;16),rest,46,1,0
qwen2.5:1.5b,0.2,24,9,18.63,(16;16),attempt_vault,50,1,0
qwen2.5:1.5b,0.2,24,10,15.17,(16;16),rest,46,1,0
qwen2.5:1.5b,0.2,24,11,1.67,(16;16),attempt_vault,50,1,0
qwen2.5:1.5b,0.2,24,11,-0.79,(16;16),rest,46,1,0
qwen2.5:1.5b,0.2,25,1,86.5,(16;16),attempt_vault,50,1,0
qwen2.5:1.5b,0.2,25,2,83.03,(16;16),rest,47,1,0
qwen2.5:1.5b,0.2,25,3,79.55,(16;16),forage,48,1,0
qwen2.5:1.5b,0.2,25,4,66.06,(16;16),attempt_vault,49,1,0
qwen2.5:1.5b,0.2,25,5,62.59,(16;16),rest,47,1,0
qwen2.5:1.5b,0.2,25,6,59.11,(16;16),forage,48,1,0
qwen2.5:1.5b,0.2,25,7,45.62,(16;16),attempt_vault,49,1,0
qwen2.5:1.5b,0.2,25,8,42.15,(16;16),rest,47,1,0
qwen2.5:1.5b,0.2,25,9,38.67,(16;16),forage,48,1,0
qwen2.5:1.5b,0.2,25,10,25.18,(16;16),attempt_vault,49,1,0
qwen2.5:1.5b,0.2,25,11,21.71,(16;16),rest,47,1,0
qwen2.5:1.5b,0.2,25,12,18.23,(16;16),forage,48,1,0
qwen2.5:1.5b,0.2,25,13,4.74,(16;16),attempt_vault,49,1,0
qwen2.5:1.5b,0.2,25,14,1.27,(16;16),rest,47,1,0
qwen2.5:1.5b,0.2,25,14,-1.21,(16;16),rest,48,1,0
qwen2.5:1.5b,0.2,26,1,86.55,(16;16),attempt_vault,45,1,0
qwen2.5:1.5b,0.2,26,2,82.72,(16;17),move,33,1,0
qwen2.5:1.5b,0.2,26,3,69.27,(16;17),attempt_vault,45,1,0
qwen2.5:1.5b,0.2,26,4,65.44,(16;18),move,33,1,0
qwen2.5:1.5b,0.2,26,5,51.99,(16;18),attempt_vault,45,1,0
qwen2.5:1.5b,0.2,26,6,48.16,(16;19),move,33,1,0
qwen2.5:1.5b,0.2,26,7,34.71,(16;19),attempt_vault,45,1,0
qwen2.5:1.5b,0.2,26,8,30.88,(16;20),move,33,1,0
qwen2.5:1.5b,0.2,26,9,17.43,(16;20),attempt_vault,45,0,0
qwen2.5:1.5b,0.2,26,10,13.6,(16;21),move,33,0,0
qwen2.5:1.5b,0.2,26,11,0.15,(16;21),attempt_vault,45,0,0
qwen2.5:1.5b,0.2,26,11,-2.24,(16;21),rest,39,0,0
qwen2.5:1.5b,0.2,27,1,86.49,(16;16),attempt_vault,51,1,0
qwen2.5:1.5b,0.2,27,2,83.06,(16;16),rest,43,1,0
qwen2.5:1.5b,0.2,27,3,79.61,(16;16),forage,45,1,0
qwen2.5:1.5b,0.2,27,4,66.12,(16;16),attempt_vault,49,1,0
qwen2.5:1.5b,0.2,27,5,62.69,(16;16),rest,43,1,0
qwen2.5:1.5b,0.2,27,6,59.24,(16;16),forage,45,1,0
qwen2.5:1.5b,0.2,27,7,45.75,(16;16),attempt_vault,49,1,0
qwen2.5:1.5b,0.2,27,8,42.32,(16;16),rest,43,1,0
qwen2.5:1.5b,0.2,27,9,38.87,(16;16),forage,45,1,0
qwen2.5:1.5b,0.2,27,10,25.38,(16;16),attempt_vault,49,1,0
qwen2.5:1.5b,0.2,27,11,21.95,(16;16),rest,43,1,0
qwen2.5:1.5b,0.2,27,12,18.5,(16;16),forage,45,1,0
qwen2.5:1.5b,0.2,27,13,5.01,(16;16),attempt_vault,49,1,0
qwen2.5:1.5b,0.2,27,14,1.58,(16;16),rest,43,1,0
qwen2.5:1.5b,0.2,27,14,-0.87,(16;16),rest,45,1,0
qwen2.5:1.5b,0.2,28,1,93.57,(16;16),write_sign,43,1,1
qwen2.5:1.5b,0.2,28,2,80.13,(16;16),attempt_vault,44,1,0
qwen2.5:1.5b,0.2,28,3,76.18,(17;16),move,45,1,0
qwen2.5:1.5b,0.2,28,4,62.74,(17;16),attempt_vault,44,1,0
qwen2.5:1.5b,0.2,28,5,58.79,(18;16),move,45,1,0
qwen2.5:1.5b,0.2,28,6,45.35,(18;16),attempt_vault,44,1,0
qwen2.5:1.5b,0.2,28,7,41.4,(18;17),move,45,1,0
qwen2.5:1.5b,0.2,28,8,37.97,(18;17),rest,43,1,0
qwen2.5:1.5b,0.2,28,9,34.02,(18;16),move,45,1,0
qwen2.5:1.5b,0.2,28,10,20.53,(18;16),attempt_vault,49,1,0
qwen2.5:1.5b,0.2,28,11,16.58,(18;17),move,45,1,0
qwen2.5:1.5b,0.2,28,12,13.15,(18;17),rest,43,1,0
qwen2.5:1.5b,0.2,28,13,9.2,(18;16),move,45,1,0
qwen2.5:1.5b,0.2,28,14,-4.29,(18;16),attempt_vault,49,1,0
qwen2.5:1.5b,0.2,29,1,86.56,(16;16),attempt_vault,44,1,0
qwen2.5:1.5b,0.2,29,2,83.13,(16;16),rest,43,1,0
qwen2.5:1.5b,0.2,29,3,79.67,(16;16),forage,46,1,0
qwen2.5:1.5b,0.2,29,4,66.16,(16;16),attempt_vault,51,1,0
qwen2.5:1.5b,0.2,29,5,62.73,(16;16),rest,43,1,0
qwen2.5:1.5b,0.2,29,6,59.27,(16;16),forage,46,1,0
qwen2.5:1.5b,0.2,29,7,45.76,(16;16),attempt_vault,51,1,0
qwen2.5:1.5b,0.2,29,8,42.33,(16;16),rest,43,1,0
qwen2.5:1.5b,0.2,29,9,38.87,(16;16),forage,46,1,0
qwen2.5:1.5b,0.2,29,10,25.36,(16;16),attempt_vault,51,1,0
qwen2.5:1.5b,0.2,29,11,21.93,(16;16),rest,43,1,0
qwen2.5:1.5b,0.2,29,12,18.47,(16;16),forage,46,1,0
qwen2.5:1.5b,0.2,29,13,4.96,(16;16),attempt_vault,51,1,0
qwen2.5:1.5b,0.2,29,14,1.53,(16;16),rest,43,1,0
qwen2.5:1.5b,0.2,29,14,-0.93,(16;16),rest,46,1,0
qwen2.5:1.5b,0.2,30,1,86.5,(16;16),attempt_vault,50,1,0
qwen2.5:1.5b,0.2,30,2,83.03,(16;16),rest,47,1,0
qwen2.5:1.5b,0.2,30,3,69.52,(16;16),attempt_vault,51,1,0
qwen2.5:1.5b,0.2,30,4,66.01,(16;16),forage,51,1,0
qwen2.5:1.5b,0.2,30,5,62.51,(16;16),rest,50,1,0
qwen2.5:1.5b,0.2,30,6,49.0,(16;16),attempt_vault,51,1,0
qwen2.5:1.5b,0.2,30,7,45.49,(16;16),forage,51,1,0
qwen2.5:1.5b,0.2,30,8,31.95,(16;16),attempt_vault,54,1,0
qwen2.5:1.5b,0.2,30,9,28.45,(16;16),rest,50,1,0
qwen2.5:1.5b,0.2,30,10,14.94,(16;16),attempt_vault,51,1,0
qwen2.5:1.5b,0.2,30,11,11.43,(16;16),forage,51,1,0
qwen2.5:7b,0.2,1,1,97.0,(16;16),rest,0,0,0
qwen2.5:7b,0.2,1,2,93.1,(16;15),move,40,0,0
qwen2.5:7b,0.2,1,3,89.2,(17;15),move,40,0,0
qwen2.5:7b,0.2,1,4,85.3,(17;16),move,40,0,0
qwen2.5:7b,0.2,1,5,81.4,(16;16),move,40,0,0
qwen2.5:7b,0.2,1,6,78.04,(16;16),forage,36,0,0
qwen2.5:7b,0.2,1,7,74.1,(16;15),move,44,0,0
qwen2.5:7b,0.2,1,8,70.2,(17;15),move,40,0,0
qwen2.5:7b,0.2,1,9,66.3,(17;16),move,40,0,0
qwen2.5:7b,0.2,1,10,62.4,(16;16),move,40,0,0
qwen2.5:7b,0.2,1,11,49.05,(16;16),attempt_vault,35,0,0
qwen2.5:7b,0.2,1,12,45.1,(16;15),move,45,0,0
qwen2.5:7b,0.2,1,13,41.76,(16;15),forage,34,0,0
qwen2.5:7b,0.2,1,14,37.82,(17;15),move,44,0,0
qwen2.5:7b,0.2,1,15,24.47,(17;15),attempt_vault,35,0,0
qwen2.5:7b,0.2,1,16,20.52,(17;16),move,45,0,0
qwen2.5:7b,0.2,1,17,17.18,(17;16),forage,34,0,0
qwen2.5:7b,0.2,1,18,13.24,(16;16),move,44,0,0
qwen2.5:7b,0.2,1,19,-0.11,(16;16),attempt_vault,35,0,0
qwen2.5:7b,0.2,2,1,96.04,(16;17),move,46,0,0
qwen2.5:7b,0.2,2,2,92.05,(16;18),move,49,0,0
qwen2.5:7b,0.2,2,3,88.63,(16;18),forage,42,0,0
qwen2.5:7b,0.2,2,4,84.69,(15;19),move,44,0,0
qwen2.5:7b,0.2,2,5,81.31,(15;19),forage,38,0,0
qwen2.5:7b,0.2,2,6,77.37,(15;20),move,44,0,0
qwen2.5:7b,0.2,2,7,73.99,(15;20),forage,38,0,0
qwen2.5:7b,0.2,2,8,70.13,(15;21),move,36,0,0
qwen2.5:7b,0.2,2,9,84.44,(15;21),forage,34,0,0
qwen2.5:7b,0.2,2,10,80.52,(16;22),move,42,0,0
qwen2.5:7b,0.2,2,11,76.56,(16;22),move,46,0,0
qwen2.5:7b,0.2,2,12,72.6,(17;22),move,46,0,0
qwen2.5:7b,0.2,2,13,68.68,(18;21),move,42,0,0
qwen2.5:7b,0.2,2,14,64.76,(18;20),move,42,0,0
qwen2.5:7b,0.2,2,15,60.84,(17;20),move,42,0,0
qwen2.5:7b,0.2,2,16,56.92,(17;20),move,42,0,0
qwen2.5:7b,0.2,2,17,53.02,(18;21),move,40,0,0
qwen2.5:7b,0.2,2,18,49.1,(18;20),move,42,0,0
qwen2.5:7b,0.2,2,19,45.18,(19;20),move,42,0,0
qwen2.5:7b,0.2,2,20,41.26,(18;21),move,42,0,0
qwen2.5:7b,0.2,2,21,37.34,(19;20),move,42,0,0
qwen2.5:7b,0.2,2,22,33.42,(18;20),move,42,0,0
qwen2.5:7b,0.2,2,23,29.5,(19;21),move,42,0,0
qwen2.5:7b,0.2,2,24,25.58,(19;20),move,42,0,0
qwen2.5:7b,0.2,2,25,21.66,(20;20),move,42,0,0
qwen2.5:7b,0.2,2,26,17.74,(19;20),move,42,0,0
qwen2.5:7b,0.2,2,27,13.82,(20;19),move,42,0,0
qwen2.5:7b,0.2,2,28,9.9,(19;20),move,42,0,0
qwen2.5:7b,0.2,2,29,5.98,(19;19),move,42,0,0
qwen2.5:7b,0.2,2,30,2.06,(20;19),move,42,0,0
qwen2.5:7b,0.2,2,31,-0.94,(20;19),rest,0,0,0
qwen2.5:7b,0.2,3,1,96.04,(16;17),move,46,0,0
qwen2.5:7b,0.2,3,2,92.06,(16;18),move,48,0,0
qwen2.5:7b,0.2,3,3,87.99,(17;18),move,57,0,0
qwen2.5:7b,0.2,3,4,83.88,(16;18),move,61,0,0
qwen2.5:7b,0.2,3,5,79.79,(16;19),move,59,0,0
qwen2.5:7b,0.2,3,6,75.76,(17;19),move,53,0,0
qwen2.5:7b,0.2,3,7,71.72,(16;19),move,54,0,0
qwen2.5:7b,0.2,3,8,67.66,(16;18),move,56,0,0
qwen2.5:7b,0.2,3,9,63.6,(17;18),move,56,0,0
qwen2.5:7b,0.2,3,10,59.54,(17;19),move,56,0,0
qwen2.5:7b,0.2,3,11,55.49,(16;19),move,55,0,0
qwen2.5:7b,0.2,3,12,51.43,(16;18),move,56,0,0
qwen2.5:7b,0.2,3,13,47.37,(17;18),move,56,0,0
qwen2.5:7b,0.2,3,14,43.31,(17;19),move,56,0,0
qwen2.5:7b,0.2,3,15,39.26,(16;19),move,55,0,0
qwen2.5:7b,0.2,3,16,35.2,(16;18),move,56,0,0
qwen2.5:7b,0.2,3,17,32.2,(16;18),rest,0,0,0
qwen2.5:7b,0.2,3,18,28.76,(16;18),rest,44,0,0
qwen2.5:7b,0.2,3,19,24.9,(16;17),move,36,0,0
qwen2.5:7b,0.2,3,20,20.85,(17;17),move,55,0,0
qwen2.5:7b,0.2,3,21,16.81,(17;18),move,54,0,0
qwen2.5:7b,0.2,3,22,12.76,(16;18),move,55,0,0
qwen2.5:7b,0.2,3,23,8.71,(16;17),move,55,0,0
qwen2.5:7b,0.2,3,24,4.66,(17;17),move,55,0,0
qwen2.5:7b,0.2,3,25,1.23,(17;17),forage,43,0,0
qwen2.5:7b,0.2,3,25,-1.3,(17;17),rest,53,0,0
qwen2.5:7b,0.2,4,1,96.04,(16;17),move,46,0,0
qwen2.5:7b,0.2,4,2,92.13,(17;17),move,41,0,0
qwen2.5:7b,0.2,4,3,88.21,(17;18),move,42,0,0
qwen2.5:7b,0.2,4,4,84.3,(18;18),move,41,0,0
qwen2.5:7b,0.2,4,5,80.3,(18;17),move,50,0,0
qwen2.5:7b,0.2,4,6,76.39,(17;17),move,41,0,0
qwen2.5:7b,0.2,4,7,72.48,(17;18),move,41,0,0
qwen2.5:7b,0.2,4,8,68.57,(18;18),move,41,0,0
qwen2.5:7b,0.2,4,9,64.66,(18;17),move,41,0,0
qwen2.5:7b,0.2,4,10,60.75,(17;17),move,41,0,0
qwen2.5:7b,0.2,4,11,56.84,(17;18),move,41,0,0
qwen2.5:7b,0.2,4,12,52.93,(18;18),move,41,0,0
qwen2.5:7b,0.2,4,13,49.02,(18;17),move,41,0,0
qwen2.5:7b,0.2,4,14,45.11,(17;17),move,41,0,0
qwen2.5:7b,0.2,4,15,41.2,(17;18),move,41,0,0
qwen2.5:7b,0.2,4,16,37.29,(18;18),move,41,0,0
qwen2.5:7b,0.2,4,17,33.38,(18;17),move,41,0,0
qwen2.5:7b,0.2,4,18,29.47,(17;17),move,41,0,0
qwen2.5:7b,0.2,4,19,25.56,(17;18),move,41,0,0
qwen2.5:7b,0.2,4,20,21.65,(18;18),move,41,0,0
qwen2.5:7b,0.2,4,21,17.74,(18;17),move,41,0,0
qwen2.5:7b,0.2,4,22,13.83,(17;17),move,41,0,0
qwen2.5:7b,0.2,4,23,9.92,(17;18),move,41,0,0
qwen2.5:7b,0.2,4,24,-3.49,(17;18),attempt_vault,41,0,0
qwen2.5:7b,0.2,5,1,96.04,(17;17),move,46,0,0
qwen2.5:7b,0.2,5,2,92.08,(17;18),move,46,0,0
qwen2.5:7b,0.2,5,3,88.06,(18;17),move,52,0,0
qwen2.5:7b,0.2,5,4,84.1,(19;17),move,46,0,0
qwen2.5:7b,0.2,5,5,80.14,(19;17),move,46,0,0
qwen2.5:7b,0.2,5,6,76.19,(19;18),move,45,0,0
qwen2.5:7b,0.2,5,7,72.26,(18;19),move,43,0,0
qwen2.5:7b,0.2,5,8,68.33,(17;19),move,43,0,0
qwen2.5:7b,0.2,5,9,64.4,(16;18),move,43,0,0
qwen2.5:7b,0.2,5,10,60.47,(16;17),move,43,0,0
qwen2.5:7b,0.2,5,11,56.54,(17;16),move,43,0,0
qwen2.5:7b,0.2,5,12,52.61,(18;16),move,43,0,0
qwen2.5:7b,0.2,5,13,48.68,(19;17),move,43,0,0
qwen2.5:7b,0.2,5,14,44.75,(19;18),move,43,0,0
qwen2.5:7b,0.2,5,15,40.82,(18;19),move,43,0,0
qwen2.5:7b,0.2,5,16,36.89,(17;19),move,43,0,0
qwen2.5:7b,0.2,5,17,32.96,(16;18),move,43,0,0
qwen2.5:7b,0.2,5,18,29.03,(16;17),move,43,0,0
qwen2.5:7b,0.2,5,19,25.1,(17;16),move,43,0,0
qwen2.5:7b,0.2,5,20,21.17,(18;16),move,43,0,0
qwen2.5:7b,0.2,5,21,17.24,(19;17),move,43,0,0
qwen2.5:7b,0.2,5,22,13.31,(19;18),move,43,0,0
qwen2.5:7b,0.2,5,23,9.38,(18;19),move,43,0,0
qwen2.5:7b,0.2,5,24,5.45,(17;19),move,43,0,0
qwen2.5:7b,0.2,5,25,1.52,(16;18),move,43,0,0
qwen2.5:7b,0.2,5,25,-0.96,(16;18),rest,48,0,0
qwen2.5:7b,0.2,6,1,96.04,(16;17),move,46,0,0
qwen2.5:7b,0.2,6,2,92.05,(16;18),move,49,0,0
qwen2.5:7b,0.2,6,3,88.04,(16;17),move,51,0,0
qwen2.5:7b,0.2,6,4,84.0,(17;17),move,54,0,0
qwen2.5:7b,0.2,6,5,80.01,(18;17),move,49,0,0
qwen2.5:7b,0.2,6,6,76.03,(18;16),move,48,0,0
qwen2.5:7b,0.2,6,7,72.06,(17;16),move,47,0,0
qwen2.5:7b,0.2,6,8,68.03,(17;17),move,53,0,0
qwen2.5:7b,0.2,6,9,64.0,(18;17),move,53,0,0
qwen2.5:7b,0.2,6,10,59.96,(18;16),move,54,0,0
qwen2.5:7b,0.2,6,11,55.93,(17;16),move,53,0,0
qwen2.5:7b,0.2,6,12,51.9,(17;17),move,53,0,0
qwen2.5:7b,0.2,6,13,47.87,(18;17),move,53,0,0
qwen2.5:7b,0.2,6,14,43.83,(18;16),move,54,0,0
qwen2.5:7b,0.2,6,15,39.8,(17;16),move,53,0,0
qwen2.5:7b,0.2,6,16,35.77,(17;17),move,53,0,0
qwen2.5:7b,0.2,6,17,31.74,(18;17),move,53,0,0
qwen2.5:7b,0.2,6,18,27.7,(18;16),move,54,0,0
qwen2.5:7b,0.2,6,19,23.67,(17;16),move,53,0,0
qwen2.5:7b,0.2,6,20,19.64,(17;17),move,53,0,0
qwen2.5:7b,0.2,6,21,15.61,(18;17),move,53,0,0
qwen2.5:7b,0.2,6,22,11.57,(18;16),move,54,0,0
qwen2.5:7b,0.2,6,23,7.54,(17;16),move,53,0,0
qwen2.5:7b,0.2,6,24,3.51,(17;17),move,53,0,0
qwen2.5:7b,0.2,6,25,0.51,(17;17),rest,0,0,0
qwen2.5:7b,0.2,6,25,-2.18,(17;17),rest,69,0,0
qwen2.5:7b,0.2,7,1,96.02,(16;15),move,48,0,0
qwen2.5:7b,0.2,7,2,92.06,(17;15),move,46,0,0
qwen2.5:7b,0.2,7,3,88.08,(17;16),move,48,0,0
qwen2.5:7b,0.2,7,4,84.05,(16;16),move,53,0,0
qwen2.5:7b,0.2,7,5,80.07,(16;15),move,48,0,0
qwen2.5:7b,0.2,7,6,76.09,(17;15),move,48,0,0
qwen2.5:7b,0.2,7,7,72.06,(17;16),move,53,0,0
qwen2.5:7b,0.2,7,8,68.05,(16;16),move,51,0,0
qwen2.5:7b,0.2,7,9,64.07,(16;15),move,48,0,0
qwen2.5:7b,0.2,7,10,60.11,(17;15),move,46,0,0
qwen2.5:7b,0.2,7,11,56.08,(17;16),move,53,0,0
qwen2.5:7b,0.2,7,12,52.12,(16;16),move,46,0,0
qwen2.5:7b,0.2,7,13,48.14,(16;15),move,48,0,0
qwen2.5:7b,0.2,7,14,44.18,(17;15),move,46,0,0
qwen2.5:7b,0.2,7,15,40.15,(17;16),move,53,0,0
qwen2.5:7b,0.2,7,16,36.19,(16;16),move,46,0,0
qwen2.5:7b,0.2,7,17,32.21,(16;15),move,48,0,0
qwen2.5:7b,0.2,7,18,28.25,(17;15),move,46,0,0
qwen2.5:7b,0.2,7,19,24.22,(17;16),move,53,0,0
qwen2.5:7b,0.2,7,20,20.26,(16;16),move,46,0,0
qwen2.5:7b,0.2,7,21,16.28,(16;15),move,48,0,0
qwen2.5:7b,0.2,7,22,12.32,(17;15),move,46,0,0
qwen2.5:7b,0.2,7,23,8.29,(17;16),move,53,0,0
qwen2.5:7b,0.2,7,24,4.33,(16;16),move,46,0,0
qwen2.5:7b,0.2,7,25,0.35,(16;15),move,48,0,0
qwen2.5:7b,0.2,7,25,-2.05,(16;15),rest,40,0,0
qwen2.5:7b,0.2,8,1,96.04,(16;17),move,46,0,0
qwen2.5:7b,0.2,8,2,92.11,(17;18),move,43,0,0
qwen2.5:7b,0.2,8,3,88.19,(18;19),move,42,0,0
qwen2.5:7b,0.2,8,4,84.13,(19;20),move,56,0,0
qwen2.5:7b,0.2,8,5,80.13,(18;20),move,50,0,0
qwen2.5:7b,0.2,8,6,100.0,(18;20),forage,36,0,0
qwen2.5:7b,0.2,8,7,96.07,(19;21),move,43,0,0
qwen2.5:7b,0.2,8,8,92.14,(19;22),move,43,0,0
qwen2.5:7b,0.2,8,9,100.0,(19;22),forage,43,0,0
qwen2.5:7b,0.2,8,10,93.5,(19;22),write_sign,50,0,1
qwen2.5:7b,0.2,8,11,89.53,(19;22),move,47,1,0
qwen2.5:7b,0.2,8,12,85.59,(19;21),move,44,1,0
qwen2.5:7b,0.2,8,13,81.56,(19;22),move,53,1,0
qwen2.5:7b,0.2,8,14,78.11,(19;22),forage,45,1,0
qwen2.5:7b,0.2,8,15,74.11,(19;23),move,50,1,0
qwen2.5:7b,0.2,8,16,70.1,(19;22),move,51,1,0
qwen2.5:7b,0.2,8,17,66.69,(19;22),forage,41,1,0
qwen2.5:7b,0.2,8,18,62.69,(19;23),move,50,1,0
qwen2.5:7b,0.2,8,19,58.68,(19;22),move,51,1,0
qwen2.5:7b,0.2,8,20,55.28,(19;22),forage,40,1,0
qwen2.5:7b,0.2,8,21,51.28,(19;23),move,50,1,0
qwen2.5:7b,0.2,8,22,47.27,(19;22),move,51,1,0
qwen2.5:7b,0.2,8,23,43.87,(19;22),forage,40,1,0
qwen2.5:7b,0.2,8,24,39.87,(19;23),move,50,1,0
qwen2.5:7b,0.2,8,25,35.86,(19;22),move,51,1,0
qwen2.5:7b,0.2,8,26,32.46,(19;22),forage,40,1,0
qwen2.5:7b,0.2,8,27,28.46,(19;23),move,50,1,0
qwen2.5:7b,0.2,8,28,24.45,(19;22),move,51,1,0
qwen2.5:7b,0.2,8,29,21.03,(19;22),forage,42,1,0
qwen2.5:7b,0.2,8,30,17.03,(19;23),move,50,1,0
qwen2.5:7b,0.2,8,31,13.02,(19;22),move,51,1,0
qwen2.5:7b,0.2,8,32,9.61,(19;22),forage,41,1,0
qwen2.5:7b,0.2,8,33,5.61,(19;23),move,50,1,0
qwen2.5:7b,0.2,8,34,1.56,(19;22),move,55,1,0
qwen2.5:7b,0.2,8,34,-0.85,(19;22),rest,41,1,0
qwen2.5:7b,0.2,9,1,96.11,(16;15),move,39,0,0
qwen2.5:7b,0.2,9,2,92.17,(16;16),move,44,0,0
qwen2.5:7b,0.2,9,3,88.33,(16;15),move,34,0,0
qwen2.5:7b,0.2,9,4,84.47,(16;16),move,36,0,0
qwen2.5:7b,0.2,9,5,80.58,(16;15),move,39,0,0
qwen2.5:7b,0.2,9,6,76.7,(16;16),move,38,0,0
qwen2.5:7b,0.2,9,7,72.71,(17;16),move,49,0,0
qwen2.5:7b,0.2,9,8,68.72,(16;16),move,49,0,0
qwen2.5:7b,0.2,9,9,64.84,(16;15),move,38,0,0
qwen2.5:7b,0.2,9,10,60.96,(16;16),move,38,0,0
qwen2.5:7b,0.2,9,11,56.97,(17;16),move,49,0,0
qwen2.5:7b,0.2,9,12,53.09,(17;15),move,38,0,0
qwen2.5:7b,0.2,9,13,49.21,(17;16),move,38,0,0
qwen2.5:7b,0.2,9,14,45.22,(16;16),move,49,0,0
qwen2.5:7b,0.2,9,15,41.34,(16;15),move,38,0,0
qwen2.5:7b,0.2,9,16,37.46,(16;16),move,38,0,0
qwen2.5:7b,0.2,9,17,33.47,(17;16),move,49,0,0
qwen2.5:7b,0.2,9,18,29.59,(17;15),move,38,0,0
qwen2.5:7b,0.2,9,19,25.71,(17;16),move,38,0,0
qwen2.5:7b,0.2,9,20,21.72,(16;16),move,49,0,0
qwen2.5:7b,0.2,9,21,17.84,(16;15),move,38,0,0
qwen2.5:7b,0.2,9,22,13.96,(16;16),move,38,0,0
qwen2.5:7b,0.2,9,23,9.97,(17;16),move,49,0,0
qwen2.5:7b,0.2,9,24,6.09,(17;15),move,38,0,0
qwen2.5:7b,0.2,9,25,2.21,(17;16),move,38,0,0
qwen2.5:7b,0.2,9,25,-0.23,(17;16),rest,44,0,0
qwen2.5:7b,0.2,10,1,96.09,(16;15),move,41,0,0
qwen2.5:7b,0.2,10,2,92.17,(17;15),move,42,0,0
qwen2.5:7b,0.2,10,3,88.26,(17;16),move,41,0,0
qwen2.5:7b,0.2,10,4,84.27,(16;16),move,49,0,0
qwen2.5:7b,0.2,10,5,70.85,(16;16),attempt_vault,42,0,0
qwen2.5:7b,0.2,10,6,67.47,(16;16),forage,38,0,0
qwen2.5:7b,0.2,10,7,64.05,(16;16),rest,42,0,0
qwen2.5:7b,0.2,10,8,60.05,(16;15),move,50,0,0
qwen2.5:7b,0.2,10,9,56.0,(17;15),move,55,0,0
qwen2.5:7b,0.2,10,10,51.8,(17;16),move,70,0,0
qwen2.5:7b,0.2,10,11,47.75,(16;16),move,55,0,0
qwen2.5:7b,0.2,10,12,34.2,(16;16),attempt_vault,55,0,0
qwen2.5:7b,0.2,10,13,30.22,(16;15),move,48,0,0
qwen2.5:7b,0.2,10,14,26.18,(17;15),move,54,0,0
qwen2.5:7b,0.2,10,15,22.2,(18;16),move,48,0,0
qwen2.5:7b,0.2,10,16,18.68,(18;16),forage,52,0,0
qwen2.5:7b,0.2,10,17,14.65,(18;15),move,53,0,0
qwen2.5:7b,0.2,10,18,10.64,(19;15),move,51,0,0
qwen2.5:7b,0.2,10,19,6.63,(19;16),move,51,0,0
qwen2.5:7b,0.2,10,20,2.62,(18;16),move,51,0,0
qwen2.5:7b,0.2,10,21,-0.85,(18;16),forage,47,0,0
qwen2.5:7b,0.2,11,1,96.04,(17;17),move,46,0,0
qwen2.5:7b,0.2,11,2,92.08,(17;18),move,46,0,0
qwen2.5:7b,0.2,11,3,88.14,(18;18),move,44,0,0
qwen2.5:7b,0.2,11,4,84.18,(19;19),move,46,0,0
qwen2.5:7b,0.2,11,5,80.22,(19;20),move,46,1,0
qwen2.5:7b,0.2,11,6,76.8,(19;20),forage,42,1,0
qwen2.5:7b,0.2,11,7,72.84,(19;21),move,46,1,0
qwen2.5:7b,0.2,11,8,69.42,(19;21),forage,42,1,0
qwen2.5:7b,0.2,11,9,65.46,(19;22),move,46,1,0
qwen2.5:7b,0.2,11,10,62.04,(19;22),forage,42,1,0
qwen2.5:7b,0.2,11,11,58.04,(19;23),move,50,1,0
qwen2.5:7b,0.2,11,12,54.05,(19;22),move,49,1,0
qwen2.5:7b,0.2,11,13,50.63,(19;22),forage,42,1,0
qwen2.5:7b,0.2,11,14,46.5,(19;23),move,63,1,0
qwen2.5:7b,0.2,11,15,42.51,(19;22),move,49,1,0
qwen2.5:7b,0.2,11,16,39.07,(19;22),forage,44,1,0
qwen2.5:7b,0.2,11,17,34.95,(19;23),move,62,1,0
qwen2.5:7b,0.2,11,18,30.96,(19;22),move,49,1,0
qwen2.5:7b,0.2,11,19,27.52,(19;22),forage,44,1,0
qwen2.5:7b,0.2,11,20,23.4,(19;23),move,62,1,0
qwen2.5:7b,0.2,11,21,19.41,(19;22),move,49,1,0
qwen2.5:7b,0.2,11,22,15.97,(19;22),forage,44,1,0
qwen2.5:7b,0.2,11,23,11.85,(19;23),move,62,1,0
qwen2.5:7b,0.2,11,24,7.86,(19;22),move,49,1,0
qwen2.5:7b,0.2,11,25,4.42,(19;22),forage,44,1,0
qwen2.5:7b,0.2,11,26,0.3,(19;23),move,62,1,0
qwen2.5:7b,0.2,11,26,-2.25,(19;23),rest,55,1,0
qwen2.5:7b,0.2,12,1,96.04,(16;15),move,46,0,0
qwen2.5:7b,0.2,12,2,92.13,(17;15),move,41,0,0
qwen2.5:7b,0.2,12,3,88.22,(17;16),move,41,0,0
qwen2.5:7b,0.2,12,4,84.26,(18;16),move,46,0,0
qwen2.5:7b,0.2,12,5,80.3,(18;17),move,46,0,0
qwen2.5:7b,0.2,12,6,76.34,(19;17),move,46,0,0
qwen2.5:7b,0.2,12,7,72.38,(19;18),move,46,0,0
qwen2.5:7b,0.2,12,8,68.42,(18;18),move,46,0,0
qwen2.5:7b,0.2,12,9,64.46,(18;17),move,46,0,0
qwen2.5:7b,0.2,12,10,60.45,(19;17),move,51,0,0
qwen2.5:7b,0.2,12,11,56.49,(19;18),move,46,0,0
qwen2.5:7b,0.2,12,12,52.53,(18;18),move,46,0,0
qwen2.5:7b,0.2,12,13,48.52,(18;17),move,51,0,0
qwen2.5:7b,0.2,12,14,44.56,(19;17),move,46,0,0
qwen2.5:7b,0.2,12,15,40.6,(19;18),move,46,0,0
qwen2.5:7b,0.2,12,16,36.64,(18;18),move,46,0,0
qwen2.5:7b,0.2,12,17,32.63,(18;17),move,51,0,0
qwen2.5:7b,0.2,12,18,28.67,(19;17),move,46,0,0
qwen2.5:7b,0.2,12,19,24.71,(19;18),move,46,0,0
qwen2.5:7b,0.2,12,20,20.75,(18;18),move,46,0,0
qwen2.5:7b,0.2,12,21,16.74,(18;17),move,51,0,0
qwen2.5:7b,0.2,12,22,12.78,(19;17),move,46,0,0
qwen2.5:7b,0.2,12,23,8.82,(19;18),move,46,0,0
qwen2.5:7b,0.2,12,24,4.86,(18;18),move,46,0,0
qwen2.5:7b,0.2,12,25,0.85,(18;17),move,51,0,0
qwen2.5:7b,0.2,12,25,-1.67,(18;17),rest,52,0,0
qwen2.5:7b,0.2,13,1,96.18,(15;17),move,32,0,0
qwen2.5:7b,0.2,13,2,92.92,(15;17),forage,26,0,0
qwen2.5:7b,0.2,13,3,89.06,(14;18),move,36,0,0
qwen2.5:7b,0.2,13,4,100.0,(14;18),forage,32,0,0
qwen2.5:7b,0.2,13,5,96.71,(14;18),rest,29,0,0
qwen2.5:7b,0.2,13,6,93.36,(14;18),rest,35,0,0
qwen2.5:7b,0.2,13,7,90.04,(14;18),rest,32,0,0
qwen2.5:7b,0.2,13,8,86.62,(14;18),rest,42,0,0
qwen2.5:7b,0.2,13,9,83.13,(14;18),rest,49,0,0
qwen2.5:7b,0.2,13,10,79.63,(14;18),rest,50,0,0
qwen2.5:7b,0.2,13,11,75.59,(14;17),move,54,0,0
qwen2.5:7b,0.2,13,12,71.5,(15;18),move,59,0,0
qwen2.5:7b,0.2,13,13,67.41,(14;19),move,59,0,0
qwen2.5:7b,0.2,13,14,63.32,(13;18),move,59,0,0
qwen2.5:7b,0.2,13,15,59.23,(13;19),move,59,0,0
qwen2.5:7b,0.2,13,16,55.14,(14;19),move,59,0,0
qwen2.5:7b,0.2,13,17,51.05,(13;18),move,59,0,0
qwen2.5:7b,0.2,13,18,46.96,(13;19),move,59,0,0
qwen2.5:7b,0.2,13,19,42.87,(14;19),move,59,0,0
qwen2.5:7b,0.2,13,20,38.78,(13;18),move,59,0,0
qwen2.5:7b,0.2,13,21,34.69,(13;19),move,59,0,0
qwen2.5:7b,0.2,13,22,30.6,(14;19),move,59,0,0
qwen2.5:7b,0.2,13,23,26.51,(13;18),move,59,0,0
qwen2.5:7b,0.2,13,24,22.42,(13;19),move,59,0,0
qwen2.5:7b,0.2,13,25,18.33,(14;19),move,59,0,0
qwen2.5:7b,0.2,13,26,14.24,(13;18),move,59,0,0
qwen2.5:7b,0.2,13,27,10.15,(13;19),move,59,0,0
qwen2.5:7b,0.2,13,28,6.06,(14;19),move,59,0,0
qwen2.5:7b,0.2,13,29,1.97,(15;20),move,59,0,0
qwen2.5:7b,0.2,13,29,-0.62,(15;20),rest,59,0,0
qwen2.5:7b,0.2,14,1,96.0,(16;15),move,50,0,0
qwen2.5:7b,0.2,14,2,91.99,(16;14),move,51,0,0
qwen2.5:7b,0.2,14,3,88.54,(16;14),forage,45,0,0
qwen2.5:7b,0.2,14,4,84.5,(17;13),move,54,0,0
qwen2.5:7b,0.2,14,5,100.0,(17;13),forage,48,0,0
qwen2.5:7b,0.2,14,6,96.4,(17;13),rest,60,0,0
qwen2.5:7b,0.2,14,7,92.42,(18;12),move,48,0,0
qwen2.5:7b,0.2,14,8,88.94,(18;12),forage,48,0,0
qwen2.5:7b,0.2,14,9,84.94,(19;11),move,50,0,0
qwen2.5:7b,0.2,14,10,81.43,(19;11),forage,51,0,0
qwen2.5:7b,0.2,14,11,77.43,(20;10),move,50,0,0
qwen2.5:7b,0.2,14,12,95.8,(20;10),forage,42,0,0
qwen2.5:7b,0.2,14,13,91.7,(21;10),move,60,0,0
qwen2.5:7b,0.2,14,14,88.23,(21;10),forage,47,0,0
qwen2.5:7b,0.2,14,15,84.2,(20;11),move,53,0,0
qwen2.5:7b,0.2,14,16,100.0,(20;11),forage,43,0,0
qwen2.5:7b,0.2,14,17,95.9,(21;10),move,60,0,0
qwen2.5:7b,0.2,14,18,92.44,(21;10),forage,46,0,0
qwen2.5:7b,0.2,14,19,88.42,(22;10),move,52,0,0
qwen2.5:7b,0.2,14,20,100.0,(22;10),forage,47,0,0
qwen2.5:7b,0.2,14,21,95.91,(22;9),move,59,0,0
qwen2.5:7b,0.2,14,22,92.31,(22;9),rest,60,0,0
qwen2.5:7b,0.2,14,23,88.71,(22;9),rest,60,0,0
qwen2.5:7b,0.2,14,24,85.11,(22;9),rest,60,0,0
qwen2.5:7b,0.2,14,25,81.51,(22;9),rest,60,0,0
qwen2.5:7b,0.2,14,26,77.91,(22;9),rest,60,0,0
qwen2.5:7b,0.2,14,27,74.31,(22;9),rest,60,0,0
qwen2.5:7b,0.2,14,28,70.71,(22;9),rest,60,0,0
qwen2.5:7b,0.2,14,29,67.11,(22;9),rest,60,0,0
qwen2.5:7b,0.2,14,30,63.51,(22;9),rest,60,0,0
qwen2.5:7b,0.2,14,31,59.91,(22;9),rest,60,0,0
qwen2.5:7b,0.2,14,32,56.31,(22;9),rest,60,0,0
qwen2.5:7b,0.2,14,33,52.71,(22;9),rest,60,0,0
qwen2.5:7b,0.2,14,34,49.11,(22;9),rest,60,0,0
qwen2.5:7b,0.2,14,35,45.51,(22;9),rest,60,0,0
qwen2.5:7b,0.2,14,36,41.91,(22;9),rest,60,0,0
qwen2.5:7b,0.2,14,37,38.31,(22;9),rest,60,0,0
qwen2.5:7b,0.2,14,38,34.71,(22;9),rest,60,0,0
qwen2.5:7b,0.2,14,39,31.11,(22;9),rest,60,0,0
qwen2.5:7b,0.2,14,40,27.51,(22;9),rest,60,0,0
qwen2.5:7b,0.2,14,41,23.91,(22;9),rest,60,0,0
qwen2.5:7b,0.2,14,42,20.31,(22;9),rest,60,0,0
qwen2.5:7b,0.2,14,43,16.71,(22;9),rest,60,0,0
qwen2.5:7b,0.2,1,1,97.0,(16;16),rest,0,0,0
qwen2.5:7b,0.2,1,2,93.1,(16;15),move,40,0,0
qwen2.5:7b,0.2,1,3,89.12,(16;14),move,48,0,0
qwen2.5:7b,0.2,1,4,85.13,(16;13),move,49,0,0
qwen2.5:7b,0.2,1,5,81.12,(16;12),move,51,0,0
qwen2.5:7b,0.2,1,6,77.05,(16;13),move,57,0,0
qwen2.5:7b,0.2,1,7,73.0,(16;14),move,55,0,0
qwen2.5:7b,0.2,1,8,69.02,(16;15),move,48,0,0
qwen2.5:7b,0.2,1,9,64.97,(16;16),move,55,0,0
qwen2.5:7b,0.2,1,10,60.92,(16;17),move,55,0,0
qwen2.5:7b,0.2,1,11,57.54,(16;17),forage,38,0,0
qwen2.5:7b,0.2,1,12,53.6,(15;18),move,44,0,0
qwen2.5:7b,0.2,1,13,50.24,(15;18),forage,36,0,0
qwen2.5:7b,0.2,1,14,46.21,(15;18),move,53,0,0
qwen2.5:7b,0.2,1,15,42.24,(15;19),move,47,0,0
qwen2.5:7b,0.2,1,16,38.83,(15;19),forage,41,0,0
qwen2.5:7b,0.2,1,17,34.87,(15;19),move,46,0,0
qwen2.5:7b,0.2,1,18,30.91,(16;19),move,46,0,0
qwen2.5:7b,0.2,1,19,27.49,(16;19),forage,42,0,0
qwen2.5:7b,0.2,1,20,23.53,(15;20),move,46,0,0
qwen2.5:7b,0.2,1,21,20.12,(15;20),forage,41,0,0
qwen2.5:7b,0.2,1,22,16.16,(14;20),move,46,0,0
qwen2.5:7b,0.2,1,23,12.75,(14;20),forage,41,0,0
qwen2.5:7b,0.2,1,24,8.79,(13;19),move,46,0,0
qwen2.5:7b,0.2,1,25,5.37,(13;19),forage,42,0,0
qwen2.5:7b,0.2,1,26,1.41,(13;20),move,46,0,0
qwen2.5:7b,0.2,1,26,-0.98,(13;20),rest,39,0,0
qwen2.5:7b,0.2,2,1,96.01,(16;17),move,49,0,0
qwen2.5:7b,0.2,2,2,92.5,(16;17),forage,51,0,0
qwen2.5:7b,0.2,2,3,88.43,(15;16),move,57,0,0
qwen2.5:7b,0.2,2,4,84.96,(15;16),forage,47,0,0
qwen2.5:7b,0.2,2,5,80.97,(15;17),move,49,0,0
qwen2.5:7b,0.2,2,6,77.51,(15;17),forage,46,0,0
qwen2.5:7b,0.2,2,7,73.5,(14;18),move,51,0,0
qwen2.5:7b,0.2,2,8,70.04,(14;18),forage,46,0,0
qwen2.5:7b,0.2,2,9,66.03,(13;18),move,51,0,0
qwen2.5:7b,0.2,2,10,62.57,(13;18),forage,46,0,0
qwen2.5:7b,0.2,2,11,58.56,(13;18),move,51,0,0
qwen2.5:7b,0.2,2,12,54.62,(13;19),move,44,0,0
qwen2.5:7b,0.2,2,13,51.16,(13;19),forage,46,0,0
qwen2.5:7b,0.2,2,14,47.15,(14;20),move,51,0,0
qwen2.5:7b,0.2,2,15,43.69,(14;20),forage,46,0,0
qwen2.5:7b,0.2,2,16,40.69,(14;20),rest,0,0,0
qwen2.5:7b,0.2,2,17,37.69,(14;20),rest,0,0,0
qwen2.5:7b,0.2,2,18,34.19,(14;20),rest,50,0,0
qwen2.5:7b,0.2,2,19,31.19,(14;20),rest,0,0,0
qwen2.5:7b,0.2,2,20,28.19,(14;20),rest,0,0,0
qwen2.5:7b,0.2,2,21,25.19,(14;20),rest,0,0,0
qwen2.5:7b,0.2,2,22,22.19,(14;20),rest,0,0,0
qwen2.5:7b,0.2,2,23,19.19,(14;20),rest,0,0,0
qwen2.5:7b,0.2,1,1,96.57,(16;16),forage,43,0,0
qwen2.5:7b,0.2,1,2,92.61,(16;17),move,46,0,0
qwen2.5:7b,0.2,1,3,100.0,(16;17),forage,31,0,0
qwen2.5:7b,0.2,1,4,96.09,(17;18),move,41,0,0
qwen2.5:7b,0.2,1,5,92.61,(17;18),forage,48,0,0
qwen2.5:7b,0.2,1,6,88.65,(17;19),move,46,0,0
qwen2.5:7b,0.2,1,7,84.76,(18;19),move,39,0,0
qwen2.5:7b,0.2,1,8,80.86,(19;19),move,40,0,0
qwen2.5:7b,0.2,1,9,94.45,(19;19),forage,31,0,0
qwen2.5:7b,0.2,1,10,90.53,(20;20),move,42,0,0
qwen2.5:7b,0.2,1,11,86.51,(20;21),move,52,0,0
qwen2.5:7b,0.2,1,12,82.49,(20;21),move,52,0,0
qwen2.5:7b,0.2,1,13,78.53,(20;21),move,46,0,0
qwen2.5:7b,0.2,1,14,74.57,(19;21),move,46,0,0
qwen2.5:7b,0.2,1,15,70.58,(18;20),move,49,0,0
qwen2.5:7b,0.2,1,16,66.59,(18;19),move,49,0,0
qwen2.5:7b,0.2,1,17,62.6,(19;18),move,49,0,0
qwen2.5:7b,0.2,1,18,58.61,(20;18),move,49,0,0
qwen2.5:7b,0.2,1,19,54.62,(21;19),move,49,0,0
qwen2.5:7b,0.2,1,20,50.63,(21;19),move,49,0,0
qwen2.5:7b,0.2,1,21,46.67,(20;19),move,46,0,0
qwen2.5:7b,0.2,1,22,42.68,(19;18),move,49,0,0
qwen2.5:7b,0.2,1,23,38.69,(19;17),move,49,0,0
qwen2.5:7b,0.2,1,24,34.7,(20;16),move,49,0,0
qwen2.5:7b,0.2,1,25,31.31,(20;16),forage,39,0,0
qwen2.5:7b,0.2,1,26,27.27,(21;15),move,54,0,0
qwen2.5:7b,0.2,1,27,23.89,(21;15),forage,38,0,0
qwen2.5:7b,0.2,1,28,19.88,(21;14),move,51,0,0
qwen2.5:7b,0.2,1,29,16.5,(21;14),forage,38,0,0
qwen2.5:7b,0.2,1,30,12.46,(21;13),move,54,0,0
qwen2.5:7b,0.2,1,31,24.41,(21;13),forage,36,0,0
qwen2.5:7b,0.2,1,32,20.5,(22;13),move,41,0,0
qwen2.5:7b,0.2,1,33,16.51,(22;14),move,49,0,0
qwen2.5:7b,0.2,1,34,12.52,(21;14),move,49,0,0
qwen2.5:7b,0.2,1,35,8.53,(21;13),move,49,0,0
qwen2.5:7b,0.2,1,36,4.54,(22;13),move,49,0,0
qwen2.5:7b,0.2,1,37,0.55,(22;14),move,49,0,0
qwen2.5:7b,0.2,1,37,-1.87,(22;14),rest,42,0,0
qwen2.5:7b,0.2,2,1,96.0,(16;17),move,50,0,0
qwen2.5:7b,0.2,2,2,91.99,(17;17),move,51,0,0
qwen2.5:7b,0.2,2,3,87.97,(17;18),move,52,0,0
qwen2.5:7b,0.2,2,4,83.95,(18;18),move,52,0,0
qwen2.5:7b,0.2,2,5,79.94,(18;17),move,51,0,0
qwen2.5:7b,0.2,2,6,75.92,(17;17),move,52,0,0
qwen2.5:7b,0.2,2,7,71.9,(17;18),move,52,0,0
qwen2.5:7b,0.2,2,8,67.88,(18;18),move,52,0,0
qwen2.5:7b,0.2,2,9,63.87,(18;17),move,51,0,0
qwen2.5:7b,0.2,2,10,59.85,(17;17),move,52,0,0
qwen2.5:7b,0.2,2,11,55.83,(17;18),move,52,0,0
qwen2.5:7b,0.2,2,12,51.81,(18;18),move,52,0,0
qwen2.5:7b,0.2,2,13,47.8,(18;17),move,51,0,0
qwen2.5:7b,0.2,2,14,43.78,(17;17),move,52,0,0
qwen2.5:7b,0.2,2,15,39.76,(17;18),move,52,0,0
qwen2.5:7b,0.2,2,16,35.74,(18;18),move,52,0,0
qwen2.5:7b,0.2,2,17,31.73,(18;17),move,51,0,0
qwen2.5:7b,0.2,2,18,27.71,(17;17),move,52,0,0
qwen2.5:7b,0.2,2,19,23.69,(17;18),move,52,0,0
qwen2.5:7b,0.2,2,20,19.67,(18;18),move,52,0,0
qwen2.5:7b,0.2,2,21,15.66,(18;17),move,51,0,0
qwen2.5:7b,0.2,2,22,11.64,(17;17),move,52,0,0
qwen2.5:7b,0.2,2,23,7.62,(17;18),move,52,0,0
qwen2.5:7b,0.2,2,24,3.6,(18;18),move,52,0,0
qwen2.5:7b,0.2,2,25,-0.41,(18;17),move,51,0,0
qwen2.5:7b,0.2,3,1,95.97,(16;17),move,53,0,0
qwen2.5:7b,0.2,3,2,91.92,(17;17),move,55,0,0
qwen2.5:7b,0.2,3,3,87.8,(17;18),move,62,0,0
qwen2.5:7b,0.2,3,4,83.74,(18;18),move,56,0,0
qwen2.5:7b,0.2,3,5,79.67,(18;19),move,57,0,0
qwen2.5:7b,0.2,3,6,75.61,(19;19),move,56,0,0
qwen2.5:7b,0.2,3,7,71.54,(18;19),move,57,0,0
qwen2.5:7b,0.2,3,8,67.48,(18;20),move,56,0,0
qwen2.5:7b,0.2,3,9,63.42,(19;20),move,56,0,0
qwen2.5:7b,0.2,3,10,59.35,(18;20),move,57,0,0
qwen2.5:7b,0.2,3,11,55.29,(18;21),move,56,0,0
qwen2.5:7b,0.2,3,12,51.23,(19;21),move,56,0,0
qwen2.5:7b,0.2,3,13,47.16,(18;21),move,57,0,0
qwen2.5:7b,0.2,3,14,43.1,(18;21),move,56,0,0
qwen2.5:7b,0.2,3,15,39.06,(17;21),move,54,0,0
qwen2.5:7b,0.2,3,16,34.99,(18;21),move,57,0,0
qwen2.5:7b,0.2,3,17,30.93,(18;21),move,56,0,0
qwen2.5:7b,0.2,3,18,26.89,(17;21),move,54,0,0
qwen2.5:7b,0.2,3,19,22.83,(18;21),move,56,0,0
qwen2.5:7b,0.2,3,20,18.77,(18;21),move,56,0,0
qwen2.5:7b,0.2,3,21,14.73,(17;21),move,54,0,0
qwen2.5:7b,0.2,3,22,10.67,(18;21),move,56,0,0
qwen2.5:7b,0.2,3,23,6.61,(18;21),move,56,0,0
qwen2.5:7b,0.2,3,24,3.25,(18;21),rest,36,0,0
qwen2.5:7b,0.2,3,25,-0.19,(18;21),forage,44,0,0
qwen2.5:7b,0.2,4,1,96.04,(16;17),move,46,0,0
qwen2.5:7b,0.2,4,2,92.05,(16;18),move,49,0,0
qwen2.5:7b,0.2,4,3,88.13,(16;19),move,42,0,0
qwen2.5:7b,0.2,4,4,84.12,(16;18),move,51,0,0
qwen2.5:7b,0.2,4,5,80.13,(17;18),move,49,0,0
qwen2.5:7b,0.2,4,6,76.17,(16;18),move,46,0,0
qwen2.5:7b,0.2,4,7,72.21,(16;19),move,46,0,0
qwen2.5:7b,0.2,4,8,68.23,(17;19),move,48,0,0
qwen2.5:7b,0.2,4,9,64.24,(17;18),move,49,0,0
qwen2.5:7b,0.2,4,10,60.3,(16;18),move,44,0,0
qwen2.5:7b,0.2,4,11,56.33,(16;19),move,47,0,0
qwen2.5:7b,0.2,4,12,52.35,(17;19),move,48,0,0
qwen2.5:7b,0.2,4,13,48.36,(17;18),move,49,0,0
qwen2.5:7b,0.2,4,14,44.42,(16;18),move,44,0,0
qwen2.5:7b,0.2,4,15,40.45,(16;19),move,47,0,0
qwen2.5:7b,0.2,4,16,36.47,(17;19),move,48,0,0
qwen2.5:7b,0.2,4,17,32.48,(17;18),move,49,0,0
qwen2.5:7b,0.2,4,18,28.54,(16;18),move,44,0,0
qwen2.5:7b,0.2,4,19,24.57,(16;19),move,47,0,0
qwen2.5:7b,0.2,4,20,20.59,(17;19),move,48,0,0
qwen2.5:7b,0.2,4,21,16.6,(17;18),move,49,0,0
qwen2.5:7b,0.2,4,22,12.66,(16;18),move,44,0,0
qwen2.5:7b,0.2,4,23,8.69,(16;19),move,47,0,0
qwen2.5:7b,0.2,4,24,4.71,(17;19),move,48,0,0
qwen2.5:7b,0.2,4,25,0.72,(17;18),move,49,0,0
qwen2.5:7b,0.2,4,25,-1.7,(17;18),rest,42,0,0
qwen2.5:7b,0.2,5,1,96.04,(16;17),move,46,0,0
qwen2.5:7b,0.2,5,2,92.11,(17;17),move,43,0,0
qwen2.5:7b,0.2,5,3,88.17,(17;18),move,44,0,0
qwen2.5:7b,0.2,5,4,84.25,(18;18),move,42,0,0
qwen2.5:7b,0.2,5,5,80.25,(18;17),move,50,0,0
qwen2.5:7b,0.2,5,6,76.33,(17;17),move,42,0,0
qwen2.5:7b,0.2,5,7,72.43,(17;18),move,40,0,0
qwen2.5:7b,0.2,5,8,68.51,(18;18),move,42,0,0
qwen2.5:7b,0.2,5,9,64.51,(18;17),move,50,0,0
qwen2.5:7b,0.2,5,10,60.59,(17;17),move,42,0,0
qwen2.5:7b,0.2,5,11,56.69,(17;18),move,40,0,0
qwen2.5:7b,0.2,5,12,52.77,(18;18),move,42,0,0
qwen2.5:7b,0.2,5,13,48.77,(18;17),move,50,0,0
qwen2.5:7b,0.2,5,14,44.85,(17;17),move,42,0,0
qwen2.5:7b,0.2,5,15,40.95,(17;18),move,40,0,0
qwen2.5:7b,0.2,5,16,37.03,(18;18),move,42,0,0
qwen2.5:7b,0.2,5,17,33.03,(18;17),move,50,0,0
qwen2.5:7b,0.2,5,18,29.11,(17;17),move,42,0,0
qwen2.5:7b,0.2,5,19,25.21,(17;18),move,40,0,0
qwen2.5:7b,0.2,5,20,21.29,(18;18),move,42,0,0
qwen2.5:7b,0.2,5,21,17.29,(18;17),move,50,0,0
qwen2.5:7b,0.2,5,22,13.91,(18;17),forage,38,0,0
qwen2.5:7b,0.2,5,23,9.9,(17;18),move,51,0,0
qwen2.5:7b,0.2,5,24,6.55,(17;18),forage,35,0,0
qwen2.5:7b,0.2,5,25,2.53,(16;19),move,52,0,0
qwen2.5:7b,0.2,5,26,15.34,(16;19),forage,38,0,0
qwen2.5:7b,0.2,5,27,11.41,(16;18),move,43,0,0
qwen2.5:7b,0.2,5,28,7.46,(17;18),move,45,0,0
qwen2.5:7b,0.2,5,29,3.51,(17;19),move,45,0,0
qwen2.5:7b,0.2,5,30,-0.44,(16;19),move,45,0,0
qwen2.5:7b,0.2,6,1,96.65,(16;16),rest,35,0,0
qwen2.5:7b,0.2,6,2,93.35,(16;16),rest,30,0,0
qwen2.5:7b,0.2,6,3,90.05,(16;16),rest,30,0,0
qwen2.5:7b,0.2,6,4,86.75,(16;16),rest,30,0,0
qwen2.5:7b,0.2,6,5,83.45,(16;16),rest,30,0,0
qwen2.5:7b,0.2,6,6,80.15,(16;16),rest,30,0,0
qwen2.5:7b,0.2,6,7,76.85,(16;16),rest,30,0,0
qwen2.5:7b,0.2,6,8,73.55,(16;16),rest,30,0,0
qwen2.5:7b,0.2,6,9,70.25,(16;16),rest,30,0,0
qwen2.5:7b,0.2,6,10,66.95,(16;16),rest,30,0,0
qwen2.5:7b,0.2,6,11,63.65,(16;16),rest,30,0,0
qwen2.5:7b,0.2,6,12,60.35,(16;16),rest,30,0,0
qwen2.5:7b,0.2,6,13,57.05,(16;16),rest,30,0,0
qwen2.5:7b,0.2,6,14,53.75,(16;16),rest,30,0,0
qwen2.5:7b,0.2,6,15,50.45,(16;16),rest,30,0,0
qwen2.5:7b,0.2,6,16,47.15,(16;16),rest,30,0,0
qwen2.5:7b,0.2,6,17,43.85,(16;16),rest,30,0,0
qwen2.5:7b,0.2,6,18,40.55,(16;16),rest,30,0,0
qwen2.5:7b,0.2,6,19,37.25,(16;16),rest,30,0,0
qwen2.5:7b,0.2,6,20,33.95,(16;16),rest,30,0,0
qwen2.5:7b,0.2,6,21,30.65,(16;16),rest,30,0,0
qwen2.5:7b,0.2,6,22,27.35,(16;16),rest,30,0,0
qwen2.5:7b,0.2,6,23,24.05,(16;16),rest,30,0,0
qwen2.5:7b,0.2,6,24,20.75,(16;16),rest,30,0,0
qwen2.5:7b,0.2,6,25,17.45,(16;16),rest,30,0,0
qwen2.5:7b,0.2,6,26,14.15,(16;16),rest,30,0,0
qwen2.5:7b,0.2,6,27,10.85,(16;16),rest,30,0,0
qwen2.5:7b,0.2,6,28,6.83,(16;17),move,52,0,0
qwen2.5:7b,0.2,6,29,2.76,(16;18),move,57,0,0
qwen2.5:7b,0.2,6,30,-1.31,(16;19),move,57,0,0
qwen2.5:7b,0.2,7,1,96.02,(16;15),move,48,0,0
qwen2.5:7b,0.2,7,2,92.65,(16;15),forage,37,0,0
qwen2.5:7b,0.2,7,3,88.6,(16;16),move,55,0,0
qwen2.5:7b,0.2,7,4,85.2,(16;16),forage,40,0,0
qwen2.5:7b,0.2,7,5,81.14,(16;15),move,56,0,0
qwen2.5:7b,0.2,7,6,77.77,(16;15),forage,37,0,0
qwen2.5:7b,0.2,7,7,73.77,(16;14),move,50,0,0
qwen2.5:7b,0.2,7,8,70.31,(16;14),forage,46,0,0
qwen2.5:7b,0.2,7,9,66.28,(17;13),move,53,0,0
qwen2.5:7b,0.2,7,10,62.84,(17;13),forage,44,0,0
qwen2.5:7b,0.2,7,11,58.8,(16;12),move,54,0,0
qwen2.5:7b,0.2,7,12,78.27,(16;12),forage,35,0,0
qwen2.5:7b,0.2,7,13,74.27,(17;11),move,50,0,0
qwen2.5:7b,0.2,7,14,90.58,(17;11),forage,36,0,0
qwen2.5:7b,0.2,7,15,86.57,(17;11),move,51,0,0
qwen2.5:7b,0.2,7,16,83.1,(17;11),forage,47,0,0
qwen2.5:7b,0.2,7,17,79.13,(17;11),move,47,0,0
qwen2.5:7b,0.2,7,18,75.69,(17;11),rest,44,0,0
qwen2.5:7b,0.2,7,19,72.18,(17;11),forage,51,0,0
qwen2.5:7b,0.2,7,20,68.21,(17;11),move,47,0,0
qwen2.5:7b,0.2,7,21,54.74,(17;11),attempt_vault,47,0,0
qwen2.5:7b,0.2,7,22,51.21,(17;11),rest,53,0,0
qwen2.5:7b,0.2,7,23,47.7,(17;11),forage,51,0,0
qwen2.5:7b,0.2,7,24,43.73,(17;11),move,47,0,0
qwen2.5:7b,0.2,7,25,30.26,(17;11),attempt_vault,47,0,0
qwen2.5:7b,0.2,7,26,26.73,(17;11),rest,53,0,0
qwen2.5:7b,0.2,7,27,23.22,(17;11),forage,51,0,0
qwen2.5:7b,0.2,7,28,19.25,(17;11),move,47,0,0
qwen2.5:7b,0.2,7,29,5.78,(17;11),attempt_vault,47,0,0
qwen2.5:7b,0.2,7,30,2.41,(17;11),rest,37,0,0
qwen2.5:7b,0.2,7,30,-0.18,(17;11),rest,59,0,0
qwen2.5:7b,0.2,8,1,96.02,(16;15),move,48,0,0
qwen2.5:7b,0.2,8,2,92.06,(17;15),move,46,0,0
qwen2.5:7b,0.2,8,3,88.1,(17;16),move,46,0,0
qwen2.5:7b,0.2,8,4,84.14,(16;16),move,46,0,0
qwen2.5:7b,0.2,8,5,80.12,(16;15),move,52,0,0
qwen2.5:7b,0.2,8,6,76.16,(17;15),move,46,0,0
qwen2.5:7b,0.2,8,7,72.2,(17;16),move,46,0,0
qwen2.5:7b,0.2,8,8,68.24,(16;16),move,46,0,0
qwen2.5:7b,0.2,8,9,64.22,(16;15),move,52,0,0
qwen2.5:7b,0.2,8,10,60.26,(17;15),move,46,0,0
qwen2.5:7b,0.2,8,11,56.3,(17;16),move,46,0,0
qwen2.5:7b,0.2,8,12,52.34,(16;16),move,46,0,0
qwen2.5:7b,0.2,8,13,48.32,(16;15),move,52,0,0
qwen2.5:7b,0.2,8,14,44.36,(17;15),move,46,0,0
qwen2.5:7b,0.2,8,15,40.4,(17;16),move,46,0,0
qwen2.5:7b,0.2,8,16,36.44,(16;16),move,46,0,0
qwen2.5:7b,0.2,8,17,32.42,(16;15),move,52,0,0
qwen2.5:7b,0.2,8,18,28.46,(17;15),move,46,0,0
qwen2.5:7b,0.2,8,19,24.5,(17;16),move,46,0,0
qwen2.5:7b,0.2,8,20,20.54,(16;16),move,46,0,0
qwen2.5:7b,0.2,8,21,17.17,(16;16),forage,37,0,0
qwen2.5:7b,0.2,8,22,13.26,(17;17),move,41,0,0
qwen2.5:7b,0.2,8,23,9.94,(17;17),forage,32,0,0
qwen2.5:7b,0.2,8,24,6.03,(18;18),move,41,0,0
qwen2.5:7b,0.2,8,25,17.94,(18;18),forage,11,0,0
qwen2.5:7b,0.2,8,26,14.84,(18;18),rest,10,0,0
qwen2.5:7b,0.2,8,27,11.17,(17;17),move,17,0,0
qwen2.5:7b,0.2,8,28,7.5,(17;18),move,17,0,0
qwen2.5:7b,0.2,8,29,3.83,(18;18),move,17,0,0
qwen2.5:7b,0.2,8,30,0.72,(18;18),forage,11,0,0
qwen2.5:7b,0.2,8,30,-1.38,(18;18),rest,10,0,0
qwen2.5:7b,0.2,9,1,96.11,(16;15),move,39,0,0
qwen2.5:7b,0.2,9,2,92.25,(16;14),move,36,0,0
qwen2.5:7b,0.2,9,3,88.36,(16;13),move,39,0,0
qwen2.5:7b,0.2,9,4,84.47,(17;13),move,39,0,0
qwen2.5:7b,0.2,9,5,80.61,(17;13),move,36,0,0
qwen2.5:7b,0.2,9,6,76.72,(17;14),move,39,0,0
qwen2.5:7b,0.2,9,7,72.86,(17;15),move,36,0,0
qwen2.5:7b,0.2,9,8,69.0,(17;16),move,36,0,0
qwen2.5:7b,0.2,9,9,65.08,(17;15),move,42,0,0
qwen2.5:7b,0.2,9,10,61.22,(17;14),move,36,0,0
qwen2.5:7b,0.2,9,11,57.36,(17;13),move,36,0,0
qwen2.5:7b,0.2,9,12,53.47,(17;13),move,39,0,0
qwen2.5:7b,0.2,9,13,49.58,(17;14),move,39,0,0
qwen2.5:7b,0.2,9,14,45.72,(17;15),move,36,0,0
qwen2.5:7b,0.2,9,15,41.83,(18;15),move,39,0,0
qwen2.5:7b,0.2,9,16,37.97,(19;15),move,36,0,0
qwen2.5:7b,0.2,9,17,34.07,(19;16),move,40,0,0
qwen2.5:7b,0.2,9,18,30.21,(19;17),move,36,0,0
qwen2.5:7b,0.2,9,19,26.31,(18;17),move,40,0,0
qwen2.5:7b,0.2,9,20,22.45,(17;17),move,36,0,0
qwen2.5:7b,0.2,9,21,18.59,(16;17),move,36,0,0
qwen2.5:7b,0.2,9,22,14.69,(16;18),move,40,0,0
qwen2.5:7b,0.2,9,23,10.83,(16;19),move,36,0,0
qwen2.5:7b,0.2,9,24,6.91,(16;18),move,42,0,0
qwen2.5:7b,0.2,9,25,3.05,(16;17),move,36,0,0
qwen2.5:7b,0.2,9,26,-0.81,(16;16),move,36,0,0
qwen2.5:7b,0.2,10,1,96.08,(17;17),move,42,0,0
qwen2.5:7b,0.2,10,2,92.08,(18;18),move,50,0,0
qwen2.5:7b,0.2,10,3,88.04,(19;19),move,54,0,0
qwen2.5:7b,0.2,10,4,84.68,(19;19),forage,36,0,0
qwen2.5:7b,0.2,10,5,80.66,(20;20),move,52,0,0
qwen2.5:7b,0.2,10,6,77.19,(20;20),forage,47,0,0
qwen2.5:7b,0.2,10,7,73.19,(21;21),move,50,0,0
qwen2.5:7b,0.2,10,8,69.7,(21;21),forage,49,0,0
qwen2.5:7b,0.2,10,9,65.7,(21;22),move,50,0,0
qwen2.5:7b,0.2,10,10,78.1,(21;22),forage,41,0,0
qwen2.5:7b,0.2,10,11,74.57,(21;22),rest,53,0,0
qwen2.5:7b,0.2,10,12,70.48,(21;21),move,59,0,0
qwen2.5:7b,0.2,10,13,66.96,(21;21),rest,52,0,0
qwen2.5:7b,0.2,10,14,62.82,(22;21),move,64,0,0
qwen2.5:7b,0.2,10,15,59.3,(22;21),rest,52,0,0
qwen2.5:7b,0.2,10,16,55.16,(22;22),move,64,0,0
qwen2.5:7b,0.2,10,17,41.62,(22;22),attempt_vault,54,0,0
qwen2.5:7b,0.2,10,18,37.54,(23;22),move,58,0,0
qwen2.5:7b,0.2,10,19,24.12,(23;22),attempt_vault,42,0,0
qwen2.5:7b,0.2,10,20,20.07,(24;23),move,55,0,0
qwen2.5:7b,0.2,10,21,6.68,(24;23),attempt_vault,39,0,0
qwen2.5:7b,0.2,10,22,3.23,(24;23),forage,45,0,0
qwen2.5:7b,0.2,10,23,-0.2,(24;23),rest,43,0,0
qwen2.5:7b,0.2,11,1,96.04,(16;17),move,46,0,0
qwen2.5:7b,0.2,11,2,92.67,(16;17),forage,37,0,0
qwen2.5:7b,0.2,11,3,88.64,(15;18),move,53,0,0
qwen2.5:7b,0.2,11,4,85.18,(15;18),forage,46,0,0
qwen2.5:7b,0.2,11,5,81.15,(15;19),move,53,0,0
qwen2.5:7b,0.2,11,6,77.74,(15;19),forage,41,0,0
qwen2.5:7b,0.2,11,7,73.71,(15;20),move,53,0,0
qwen2.5:7b,0.2,11,8,90.52,(15;20),forage,36,0,0
qwen2.5:7b,0.2,11,9,87.0,(15;20),rest,52,0,0
qwen2.5:7b,0.2,11,10,82.88,(15;21),move,62,0,0
qwen2.5:7b,0.2,11,11,78.82,(16;21),move,56,0,0
qwen2.5:7b,0.2,11,12,74.76,(16;22),move,56,0,0
qwen2.5:7b,0.2,11,13,70.75,(16;21),move,51,0,0
qwen2.5:7b,0.2,11,14,66.69,(17;21),move,56,0,0
qwen2.5:7b,0.2,11,15,62.63,(17;21),move,56,0,0
qwen2.5:7b,0.2,11,16,58.71,(16;21),move,42,0,0
qwen2.5:7b,0.2,11,17,54.65,(16;20),move,56,0,0
qwen2.5:7b,0.2,11,18,50.59,(17;20),move,56,0,0
qwen2.5:7b,0.2,11,19,46.53,(17;21),move,56,0,0
qwen2.5:7b,0.2,11,20,33.02,(17;21),attempt_vault,51,0,0
qwen2.5:7b,0.2,11,21,28.96,(17;20),move,56,0,0
qwen2.5:7b,0.2,11,22,15.45,(17;20),attempt_vault,51,0,0
qwen2.5:7b,0.2,11,23,11.36,(18;20),move,59,0,0
qwen2.5:7b,0.2,11,24,-2.15,(18;20),attempt_vault,51,0,0
qwen2.5:7b,0.2,12,1,96.04,(16;17),move,46,0,0
qwen2.5:7b,0.2,12,2,92.11,(17;17),move,43,0,0
qwen2.5:7b,0.2,12,3,88.17,(17;18),move,44,0,0
qwen2.5:7b,0.2,12,4,84.23,(18;18),move,44,0,0
qwen2.5:7b,0.2,12,5,80.27,(17;18),move,46,0,0
qwen2.5:7b,0.2,12,6,76.34,(17;17),move,43,0,0
qwen2.5:7b,0.2,12,7,72.4,(18;17),move,44,0,0
qwen2.5:7b,0.2,12,8,68.4,(19;17),move,50,0,0
qwen2.5:7b,0.2,12,9,64.33,(20;18),move,57,0,0
qwen2.5:7b,0.2,12,10,60.28,(20;19),move,55,0,0
qwen2.5:7b,0.2,12,11,56.28,(19;19),move,50,0,0
qwen2.5:7b,0.2,12,12,52.21,(19;18),move,57,0,0
qwen2.5:7b,0.2,12,13,48.14,(19;19),move,57,0,0
qwen2.5:7b,0.2,12,14,44.07,(20;19),move,57,0,0
qwen2.5:7b,0.2,12,15,40.0,(20;18),move,57,0,0
qwen2.5:7b,0.2,12,16,35.93,(20;19),move,57,0,0
qwen2.5:7b,0.2,12,17,31.86,(21;19),move,57,0,0
qwen2.5:7b,0.2,12,18,27.79,(21;18),move,57,0,0
qwen2.5:7b,0.2,12,19,23.72,(21;19),move,57,0,0
qwen2.5:7b,0.2,12,20,19.65,(22;19),move,57,0,0
qwen2.5:7b,0.2,12,21,15.58,(22;18),move,57,0,0
qwen2.5:7b,0.2,12,22,11.51,(22;19),move,57,0,0
qwen2.5:7b,0.2,12,23,7.44,(23;19),move,57,0,0
qwen2.5:7b,0.2,12,24,3.37,(22;19),move,57,0,0
qwen2.5:7b,0.2,12,25,-0.64,(22;18),move,51,0,0
qwen2.5:7b,0.2,13,1,96.02,(16;17),move,48,0,0
qwen2.5:7b,0.2,13,2,92.04,(17;17),move,48,0,0
qwen2.5:7b,0.2,13,3,88.04,(18;18),move,50,0,0
qwen2.5:7b,0.2,13,4,84.02,(19;19),move,52,0,0
qwen2.5:7b,0.2,13,5,79.99,(20;20),move,53,0,0
qwen2.5:7b,0.2,13,6,75.95,(21;21),move,54,0,0
qwen2.5:7b,0.2,13,7,71.91,(22;22),move,54,0,0
qwen2.5:7b,0.2,13,8,58.5,(22;22),attempt_vault,41,0,0
qwen2.5:7b,0.2,13,9,54.5,(23;23),move,50,0,0
qwen2.5:7b,0.2,13,10,50.55,(24;24),move,45,0,0
qwen2.5:7b,0.2,13,11,37.14,(24;24),attempt_vault,41,0,0
qwen2.5:7b,0.2,13,12,33.04,(25;25),move,60,0,0
qwen2.5:7b,0.2,13,13,19.68,(25;25),attempt_vault,36,0,0
qwen2.5:7b,0.2,13,14,16.28,(25;25),forage,40,0,0
qwen2.5:7b,0.2,13,15,100.0,(25;25),attempt_vault,39,0,0
qwen2.5:7b,0.2,13,16,96.63,(25;25),rest,37,0,0
qwen2.5:7b,0.2,13,17,92.65,(25;24),move,48,0,0
qwen2.5:7b,0.2,13,18,89.21,(25;24),forage,44,0,0
qwen2.5:7b,0.2,13,19,85.22,(25;25),move,49,0,0
qwen2.5:7b,0.2,13,20,71.84,(25;25),attempt_vault,38,0,0
qwen2.5:7b,0.2,13,21,67.86,(25;24),move,48,0,0
qwen2.5:7b,0.2,13,22,64.45,(25;24),forage,41,0,0
qwen2.5:7b,0.2,13,23,60.47,(25;25),move,48,0,0
qwen2.5:7b,0.2,13,24,47.07,(25;25),attempt_vault,40,0,0
qwen2.5:7b,0.2,13,25,43.1,(25;24),move,47,0,0
qwen2.5:7b,0.2,13,26,39.68,(25;24),forage,42,0,0
qwen2.5:7b,0.2,13,27,35.7,(25;25),move,48,0,0
qwen2.5:7b,0.2,13,28,22.3,(25;25),attempt_vault,40,0,0
qwen2.5:7b,0.2,13,29,18.32,(24;25),move,48,0,0
qwen2.5:7b,0.2,13,30,14.4,(25;25),move,42,0,0
qwen2.5:7b,0.2,13,31,11.06,(25;25),rest,34,0,0
qwen2.5:7b,0.2,13,32,-2.32,(25;25),attempt_vault,38,0,0
qwen2.5:7b,0.2,14,1,96.02,(16;15),move,48,0,0
qwen2.5:7b,0.2,14,2,92.09,(17;15),move,43,0,0
qwen2.5:7b,0.2,14,3,88.15,(17;16),move,44,0,0
qwen2.5:7b,0.2,14,4,84.21,(16;16),move,44,0,0
qwen2.5:7b,0.2,14,5,80.22,(16;15),move,49,0,0
qwen2.5:7b,0.2,14,6,76.29,(17;15),move,43,0,0
qwen2.5:7b,0.2,14,7,72.36,(17;16),move,43,0,0
qwen2.5:7b,0.2,14,8,68.43,(16;16),move,43,0,0
qwen2.5:7b,0.2,14,9,64.44,(16;15),move,49,0,0
qwen2.5:7b,0.2,14,10,60.51,(17;15),move,43,0,0
qwen2.5:7b,0.2,14,11,56.58,(17;16),move,43,0,0
qwen2.5:7b,0.2,14,12,52.65,(16;16),move,43,0,0
qwen2.5:7b,0.2,14,13,48.66,(16;15),move,49,0,0
qwen2.5:7b,0.2,14,14,44.73,(17;15),move,43,0,0
qwen2.5:7b,0.2,14,15,40.8,(17;16),move,43,0,0
qwen2.5:7b,0.2,14,16,36.87,(16;16),move,43,0,0
qwen2.5:7b,0.2,14,17,32.88,(16;15),move,49,0,0
qwen2.5:7b,0.2,14,18,28.95,(17;15),move,43,0,0
qwen2.5:7b,0.2,14,19,25.02,(17;16),move,43,0,0
qwen2.5:7b,0.2,14,20,21.09,(16;16),move,43,0,0
qwen2.5:7b,0.2,14,21,17.1,(16;15),move,49,0,0
qwen2.5:7b,0.2,14,22,13.17,(17;15),move,43,0,0
qwen2.5:7b,0.2,14,23,9.24,(17;16),move,43,0,0
qwen2.5:7b,0.2,14,24,5.31,(16;16),move,43,0,0
qwen2.5:7b,0.2,14,25,1.32,(16;15),move,49,0,0
qwen2.5:7b,0.2,14,25,-1.11,(16;15),rest,43,0,0
qwen2.5:7b,0.2,15,1,96.04,(16;17),move,46,0,0
qwen2.5:7b,0.2,15,2,92.05,(16;18),move,49,0,0
qwen2.5:7b,0.2,15,3,88.11,(16;19),move,44,0,0
qwen2.5:7b,0.2,15,4,84.13,(16;18),move,48,0,0
qwen2.5:7b,0.2,15,5,80.14,(17;18),move,49,0,0
qwen2.5:7b,0.2,15,6,76.17,(17;19),move,47,0,0
qwen2.5:7b,0.2,15,7,72.17,(16;19),move,50,0,0
qwen2.5:7b,0.2,15,8,68.15,(15;19),move,52,0,0
qwen2.5:7b,0.2,15,9,64.16,(15;20),move,49,0,0
qwen2.5:7b,0.2,15,10,60.18,(16;20),move,48,0,0
qwen2.5:7b,0.2,15,11,56.19,(16;21),move,49,0,0
qwen2.5:7b,0.2,15,12,52.21,(17;21),move,48,0,0
qwen2.5:7b,0.2,15,13,48.22,(17;21),move,49,0,0
qwen2.5:7b,0.2,15,14,44.26,(17;20),move,46,0,0
qwen2.5:7b,0.2,15,15,40.27,(16;20),move,49,0,0
qwen2.5:7b,0.2,15,16,36.29,(16;21),move,48,0,0
qwen2.5:7b,0.2,15,17,32.31,(17;21),move,48,0,0
qwen2.5:7b,0.2,15,18,28.33,(17;20),move,48,0,0
qwen2.5:7b,0.2,15,19,24.94,(17;20),forage,39,0,0
qwen2.5:7b,0.2,15,20,21.0,(18;20),move,44,0,0
qwen2.5:7b,0.2,15,21,16.93,(18;19),move,57,0,0
qwen2.5:7b,0.2,15,22,12.86,(19;19),move,57,0,0
qwen2.5:7b,0.2,15,23,8.8,(19;18),move,56,0,0
qwen2.5:7b,0.2,15,24,4.73,(20;18),move,57,0,0
qwen2.5:7b,0.2,15,25,0.67,(20;17),move,56,0,0
qwen2.5:7b,0.2,15,25,-1.81,(20;17),rest,48,0,0
qwen2.5:7b,0.2,16,1,96.04,(16;17),move,46,0,0
qwen2.5:7b,0.2,16,2,92.05,(16;18),move,49,0,0
qwen2.5:7b,0.2,16,3,88.63,(16;18),forage,42,0,0
qwen2.5:7b,0.2,16,4,84.59,(17;17),move,54,0,0
qwen2.5:7b,0.2,16,5,81.22,(17;17),forage,37,0,0
qwen2.5:7b,0.2,16,6,77.19,(18;17),move,53,0,0
qwen2.5:7b,0.2,16,7,94.31,(18;17),forage,41,0,0
qwen2.5:7b,0.2,16,8,90.37,(19;18),move,44,0,0
qwen2.5:7b,0.2,16,9,86.36,(19;19),move,51,0,0
qwen2.5:7b,0.2,16,10,82.36,(18;19),move,50,0,0
qwen2.5:7b,0.2,16,11,78.37,(17;18),move,49,0,0
qwen2.5:7b,0.2,16,12,74.4,(17;17),move,47,0,0
qwen2.5:7b,0.2,16,13,70.44,(18;16),move,46,0,0
qwen2.5:7b,0.2,16,14,66.45,(19;16),move,49,0,0
qwen2.5:7b,0.2,16,15,62.49,(20;17),move,46,0,0
qwen2.5:7b,0.2,16,16,58.53,(20;18),move,46,0,0
qwen2.5:7b,0.2,16,17,54.57,(19;19),move,46,0,0
qwen2.5:7b,0.2,16,18,50.61,(18;19),move,46,0,0
qwen2.5:7b,0.2,16,19,46.65,(17;18),move,46,0,0
qwen2.5:7b,0.2,16,20,42.69,(17;17),move,46,0,0
qwen2.5:7b,0.2,16,21,38.73,(18;16),move,46,0,0
qwen2.5:7b,0.2,16,22,34.77,(19;16),move,46,0,0
qwen2.5:7b,0.2,16,23,30.81,(20;17),move,46,0,0
qwen2.5:7b,0.2,16,24,26.85,(20;18),move,46,0,0
qwen2.5:7b,0.2,16,25,22.89,(19;19),move,46,0,0
qwen2.5:7b,0.2,16,26,18.93,(18;19),move,46,0,0
qwen2.5:7b,0.2,16,27,14.97,(17;18),move,46,0,0
qwen2.5:7b,0.2,16,28,11.01,(17;17),move,46,0,0
qwen2.5:7b,0.2,16,29,7.05,(18;16),move,46,0,0
qwen2.5:7b,0.2,16,30,3.09,(19;16),move,46,0,0
qwen2.5:7b,0.2,16,31,-0.87,(20;17),move,46,0,0
qwen2.5:7b,0.2,17,1,96.06,(15;15),move,44,0,0
qwen2.5:7b,0.2,17,2,92.61,(15;15),forage,45,0,0
qwen2.5:7b,0.2,17,3,88.62,(14;14),move,49,0,0
qwen2.5:7b,0.2,17,4,85.17,(14;14),forage,45,0,0
qwen2.5:7b,0.2,17,5,81.15,(15;13),move,52,0,0
qwen2.5:7b,0.2,17,6,77.71,(15;13),forage,44,0,0
qwen2.5:7b,0.2,17,7,73.71,(14;13),move,50,0,0
qwen2.5:7b,0.2,17,8,70.27,(14;13),forage,44,0,0
qwen2.5:7b,0.2,17,9,66.27,(13;13),move,50,0,0
qwen2.5:7b,0.2,17,10,81.38,(13;13),forage,36,0,0
qwen2.5:7b,0.2,17,11,78.0,(13;13),rest,38,0,0
qwen2.5:7b,0.2,17,12,74.08,(14;13),move,42,0,0
qwen2.5:7b,0.2,17,13,70.03,(15;13),move,55,0,0
qwen2.5:7b,0.2,17,14,66.07,(16;13),move,46,0,0
qwen2.5:7b,0.2,17,15,62.14,(16;14),move,43,0,0
qwen2.5:7b,0.2,17,16,58.1,(15;14),move,54,0,0
qwen2.5:7b,0.2,17,17,54.19,(15;13),move,41,0,0
qwen2.5:7b,0.2,17,18,50.18,(16;13),move,51,0,0
qwen2.5:7b,0.2,17,19,46.27,(16;14),move,41,0,0
qwen2.5:7b,0.2,17,20,42.33,(16;13),move,44,0,0
qwen2.5:7b,0.2,17,21,38.42,(15;13),move,41,0,0
qwen2.5:7b,0.2,17,22,34.48,(15;12),move,44,0,0
qwen2.5:7b,0.2,17,23,30.54,(16;12),move,44,0,0
qwen2.5:7b,0.2,17,24,26.6,(16;13),move,44,0,0
qwen2.5:7b,0.2,17,25,13.13,(16;13),attempt_vault,47,0,0
qwen2.5:7b,0.2,17,26,9.15,(16;12),move,48,0,0
qwen2.5:7b,0.2,17,27,5.21,(17;12),move,44,0,0
qwen2.5:7b,0.2,17,28,1.24,(17;13),move,47,0,0
qwen2.5:7b,0.2,17,28,-1.32,(17;13),rest,56,0,0
qwen2.5:7b,0.2,18,1,96.0,(16;15),move,50,0,0
qwen2.5:7b,0.2,18,2,92.08,(17;15),move,42,0,0
qwen2.5:7b,0.2,18,3,88.15,(17;16),move,43,0,0
qwen2.5:7b,0.2,18,4,84.22,(16;16),move,43,0,0
qwen2.5:7b,0.2,18,5,80.27,(16;15),move,45,0,0
qwen2.5:7b,0.2,18,6,76.34,(17;15),move,43,0,0
qwen2.5:7b,0.2,18,7,72.41,(17;16),move,43,0,0
qwen2.5:7b,0.2,18,8,68.45,(16;16),move,46,0,0
qwen2.5:7b,0.2,18,9,64.49,(16;15),move,46,0,0
qwen2.5:7b,0.2,18,10,60.56,(17;15),move,43,0,0
qwen2.5:7b,0.2,18,11,56.63,(17;16),move,43,0,0
qwen2.5:7b,0.2,18,12,52.67,(16;16),move,46,0,0
qwen2.5:7b,0.2,18,13,48.71,(16;15),move,46,0,0
qwen2.5:7b,0.2,18,14,44.75,(17;15),move,46,0,0
qwen2.5:7b,0.2,18,15,40.78,(17;16),move,47,0,0
qwen2.5:7b,0.2,18,16,36.81,(18;15),move,47,0,0
qwen2.5:7b,0.2,18,17,32.84,(17;16),move,47,0,0
qwen2.5:7b,0.2,18,18,28.88,(17;15),move,46,0,0
qwen2.5:7b,0.2,18,19,24.94,(18;16),move,44,0,0
qwen2.5:7b,0.2,18,20,20.97,(17;15),move,47,0,0
qwen2.5:7b,0.2,18,21,17.01,(18;15),move,46,0,0
qwen2.5:7b,0.2,18,22,13.08,(18;16),move,43,0,0
qwen2.5:7b,0.2,18,23,9.14,(19;15),move,44,0,0
qwen2.5:7b,0.2,18,24,5.19,(18;16),move,45,0,0
qwen2.5:7b,0.2,18,25,1.25,(18;15),move,44,0,0
qwen2.5:7b,0.2,18,25,-1.17,(18;15),rest,42,0,0
qwen2.5:7b,0.2,19,1,96.04,(16;17),move,46,0,0
qwen2.5:7b,0.2,19,2,92.05,(16;18),move,49,0,0
qwen2.5:7b,0.2,19,3,88.13,(16;19),move,42,0,0
qwen2.5:7b,0.2,19,4,84.15,(16;18),move,48,0,0
qwen2.5:7b,0.2,19,5,80.19,(17;18),move,46,0,0
qwen2.5:7b,0.2,19,6,76.23,(18;18),move,46,0,0
qwen2.5:7b,0.2,19,7,72.24,(19;18),move,49,0,0
qwen2.5:7b,0.2,19,8,68.26,(20;18),move,48,0,0
qwen2.5:7b,0.2,19,9,64.26,(21;18),move,50,0,0
qwen2.5:7b,0.2,19,10,60.3,(22;18),move,46,0,0
qwen2.5:7b,0.2,19,11,56.31,(23;18),move,49,0,0
qwen2.5:7b,0.2,19,12,52.35,(24;18),move,46,0,0
qwen2.5:7b,0.2,19,13,48.82,(24;18),forage,53,0,0
qwen2.5:7b,0.2,19,14,44.79,(25;17),move,53,0,0
qwen2.5:7b,0.2,19,15,41.19,(25;17),forage,60,0,0
qwen2.5:7b,0.2,19,16,37.18,(26;16),move,51,0,0
qwen2.5:7b,0.2,19,17,33.61,(26;16),forage,57,0,0
qwen2.5:7b,0.2,19,18,29.6,(27;15),move,51,0,0
qwen2.5:7b,0.2,19,19,45.99,(27;15),forage,45,0,0
qwen2.5:7b,0.2,19,20,41.98,(28;14),move,51,0,0
qwen2.5:7b,0.2,19,21,37.95,(28;13),move,53,0,0
qwen2.5:7b,0.2,19,22,34.39,(28;13),forage,56,0,0
qwen2.5:7b,0.2,19,23,30.36,(28;12),move,53,0,0
qwen2.5:7b,0.2,19,24,49.19,(28;12),forage,50,0,0
qwen2.5:7b,0.2,19,25,45.12,(29;11),move,57,0,0
qwen2.5:7b,0.2,19,26,59.74,(29;11),forage,50,0,0
qwen2.5:7b,0.2,19,27,55.66,(30;10),move,58,0,0
qwen2.5:7b,0.2,19,28,42.06,(30;10),attempt_vault,60,0,0
qwen2.5:7b,0.2,19,29,38.56,(30;10),forage,50,0,0
qwen2.5:7b,0.2,19,30,34.61,(29;9),move,45,0,0
qwen2.5:7b,0.2,19,31,31.04,(29;9),forage,57,0,0
qwen2.5:7b,0.2,19,32,27.06,(28;8),move,48,0,0
qwen2.5:7b,0.2,19,33,13.51,(28;8),attempt_vault,55,0,0
qwen2.5:7b,0.2,19,34,9.95,(28;8),forage,56,0,0
qwen2.5:7b,0.2,19,35,5.97,(27;7),move,48,0,0
qwen2.5:7b,0.2,19,36,22.06,(27;7),forage,49,0,0
qwen2.5:7b,0.2,19,37,8.56,(27;7),attempt_vault,50,0,0
qwen2.5:7b,0.2,19,38,4.99,(27;7),forage,57,0,0
qwen2.5:7b,0.2,19,39,0.99,(26;6),move,50,0,0
qwen2.5:7b,0.2,19,39,-1.49,(26;6),rest,48,0,0
qwen2.5:7b,0.2,20,1,96.08,(17;17),move,42,0,0
qwen2.5:7b,0.2,20,2,92.11,(17;18),move,47,0,0
qwen2.5:7b,0.2,20,3,88.22,(17;19),move,39,0,0
qwen2.5:7b,0.2,20,4,84.28,(18;19),move,44,0,0
qwen2.5:7b,0.2,20,5,80.36,(18;18),move,42,0,0
qwen2.5:7b,0.2,20,6,76.46,(17;18),move,40,0,0
qwen2.5:7b,0.2,20,7,72.56,(17;19),move,40,0,0
qwen2.5:7b,0.2,20,8,68.66,(18;19),move,40,0,0
qwen2.5:7b,0.2,20,9,64.76,(18;18),move,40,0,0
qwen2.5:7b,0.2,20,10,60.86,(17;18),move,40,0,0
qwen2.5:7b,0.2,20,11,56.96,(17;19),move,40,0,0
qwen2.5:7b,0.2,20,12,53.06,(18;19),move,40,0,0
qwen2.5:7b,0.2,20,13,49.16,(18;18),move,40,0,0
qwen2.5:7b,0.2,20,14,45.26,(17;18),move,40,0,0
qwen2.5:7b,0.2,20,15,41.36,(17;19),move,40,0,0
qwen2.5:7b,0.2,20,16,37.46,(18;19),move,40,0,0
qwen2.5:7b,0.2,20,17,33.56,(18;18),move,40,0,0
qwen2.5:7b,0.2,20,18,29.66,(17;18),move,40,0,0
qwen2.5:7b,0.2,20,19,25.76,(17;19),move,40,0,0
qwen2.5:7b,0.2,20,20,21.86,(18;19),move,40,0,0
qwen2.5:7b,0.2,20,21,17.96,(18;18),move,40,0,0
qwen2.5:7b,0.2,20,22,14.06,(17;18),move,40,0,0
qwen2.5:7b,0.2,20,23,10.16,(17;19),move,40,0,0
qwen2.5:7b,0.2,20,24,-3.25,(17;19),attempt_vault,41,0,0
qwen2.5:7b,0.2,21,1,96.04,(17;17),move,46,0,0
qwen2.5:7b,0.2,21,2,92.06,(17;18),move,48,0,0
qwen2.5:7b,0.2,21,3,88.05,(17;19),move,51,0,0
qwen2.5:7b,0.2,21,4,84.45,(17;19),rest,60,0,0
qwen2.5:7b,0.2,21,5,81.13,(17;19),rest,32,0,0
qwen2.5:7b,0.2,21,6,77.1,(17;20),move,53,0,0
qwen2.5:7b,0.2,21,7,73.03,(17;21),move,57,0,0
qwen2.5:7b,0.2,21,8,68.96,(17;21),move,57,0,0
qwen2.5:7b,0.2,21,9,65.01,(18;21),move,45,0,0
qwen2.5:7b,0.2,21,10,61.41,(18;21),rest,60,0,0
qwen2.5:7b,0.2,21,11,58.01,(18;21),rest,40,0,0
qwen2.5:7b,0.2,21,12,54.62,(18;21),rest,39,0,0
qwen2.5:7b,0.2,21,13,51.27,(18;21),rest,35,0,0
qwen2.5:7b,0.2,21,14,47.98,(18;21),rest,29,0,0
qwen2.5:7b,0.2,21,15,44.69,(18;21),rest,29,0,0
qwen2.5:7b,0.2,21,16,41.4,(18;21),rest,29,0,0
qwen2.5:7b,0.2,21,17,38.11,(18;21),rest,29,0,0
qwen2.5:7b,0.2,21,18,34.2,(18;21),move,41,0,0
qwen2.5:7b,0.2,21,19,30.25,(17;21),move,45,0,0
qwen2.5:7b,0.2,21,20,26.33,(17;21),move,42,0,0
qwen2.5:7b,0.2,21,21,22.38,(17;21),move,45,0,0
qwen2.5:7b,0.2,21,22,18.98,(17;21),forage,40,0,0
qwen2.5:7b,0.2,21,23,15.02,(17;21),move,46,0,0
qwen2.5:7b,0.2,21,24,11.04,(18;21),move,48,0,0
qwen2.5:7b,0.2,21,25,7.6,(18;21),forage,44,0,0
qwen2.5:7b,0.2,21,26,3.64,(18;21),move,46,0,0
qwen2.5:7b,0.2,21,27,-0.4,(19;21),move,54,0,0
qwen2.5:7b,0.2,22,1,96.02,(16;17),move,48,0,0
qwen2.5:7b,0.2,22,2,92.06,(17;17),move,46,0,0
qwen2.5:7b,0.2,22,3,88.11,(18;18),move,45,0,0
qwen2.5:7b,0.2,22,4,84.16,(18;19),move,45,0,0
qwen2.5:7b,0.2,22,5,80.18,(17;19),move,48,0,0
qwen2.5:7b,0.2,22,6,76.21,(17;18),move,47,0,0
qwen2.5:7b,0.2,22,7,72.17,(17;19),move,54,0,0
qwen2.5:7b,0.2,22,8,68.15,(18;19),move,52,0,0
qwen2.5:7b,0.2,22,9,64.13,(18;18),move,52,0,0
qwen2.5:7b,0.2,22,10,60.11,(17;18),move,52,0,0
qwen2.5:7b,0.2,22,11,56.1,(17;19),move,51,0,0
qwen2.5:7b,0.2,22,12,52.08,(18;19),move,52,0,0
qwen2.5:7b,0.2,22,13,48.06,(18;18),move,52,0,0
qwen2.5:7b,0.2,22,14,44.04,(17;18),move,52,0,0
qwen2.5:7b,0.2,22,15,40.02,(17;19),move,52,0,0
qwen2.5:7b,0.2,22,16,36.0,(18;19),move,52,0,0
qwen2.5:7b,0.2,22,17,31.98,(18;18),move,52,0,0
qwen2.5:7b,0.2,22,18,27.96,(17;18),move,52,0,0
qwen2.5:7b,0.2,22,19,23.94,(17;19),move,52,0,0
qwen2.5:7b,0.2,22,20,19.92,(18;19),move,52,0,0
qwen2.5:7b,0.2,22,21,15.9,(18;18),move,52,0,0
qwen2.5:7b,0.2,22,22,11.88,(17;18),move,52,0,0
qwen2.5:7b,0.2,22,23,7.86,(17;19),move,52,0,0
qwen2.5:7b,0.2,22,24,3.84,(18;19),move,52,0,0
qwen2.5:7b,0.2,22,25,0.46,(18;19),rest,38,0,0
qwen2.5:7b,0.2,22,25,-1.97,(18;19),rest,43,0,0
qwen2.5:7b,0.2,23,1,96.48,(16;16),forage,52,0,0
qwen2.5:7b,0.2,23,2,92.44,(17;15),move,54,0,0
qwen2.5:7b,0.2,23,3,88.93,(17;15),forage,51,0,0
qwen2.5:7b,0.2,23,4,84.89,(17;14),move,54,0,0
qwen2.5:7b,0.2,23,5,81.38,(17;14),forage,51,0,0
qwen2.5:7b,0.2,23,6,77.34,(17;13),move,54,0,0
qwen2.5:7b,0.2,23,7,97.15,(17;13),forage,44,0,0
qwen2.5:7b,0.2,23,8,93.55,(17;13),rest,60,0,0
qwen2.5:7b,0.2,23,9,90.15,(17;13),rest,40,0,0
qwen2.5:7b,0.2,23,10,86.68,(17;13),rest,47,0,0
qwen2.5:7b,0.2,23,11,83.25,(17;13),rest,43,0,0
qwen2.5:7b,0.2,23,12,79.68,(17;13),rest,57,0,0
qwen2.5:7b,0.2,23,13,76.12,(17;13),rest,56,0,0
qwen2.5:7b,0.2,23,14,72.67,(17;13),rest,45,0,0
qwen2.5:7b,0.2,23,15,69.1,(17;13),rest,57,0,0
qwen2.5:7b,0.2,23,16,65.65,(17;13),rest,45,0,0
qwen2.5:7b,0.2,23,17,62.08,(17;13),rest,57,0,0
qwen2.5:7b,0.2,23,18,58.63,(17;13),rest,45,0,0
qwen2.5:7b,0.2,23,19,55.06,(17;13),rest,57,0,0
qwen2.5:7b,0.2,23,20,51.61,(17;13),rest,45,0,0
qwen2.5:7b,0.2,23,21,48.04,(17;13),rest,57,0,0
qwen2.5:7b,0.2,23,22,44.47,(17;13),rest,57,0,0
qwen2.5:7b,0.2,23,23,40.9,(17;13),rest,57,0,0
qwen2.5:7b,0.2,23,24,37.33,(17;13),rest,57,0,0
qwen2.5:7b,0.2,23,25,33.76,(17;13),rest,57,0,0
qwen2.5:7b,0.2,23,26,30.19,(17;13),rest,57,0,0
qwen2.5:7b,0.2,23,27,26.62,(17;13),rest,57,0,0
qwen2.5:7b,0.2,23,28,23.05,(17;13),rest,57,0,0
qwen2.5:7b,0.2,23,29,19.48,(17;13),rest,57,0,0
qwen2.5:7b,0.2,23,30,15.91,(17;13),rest,57,0,0
qwen2.5:7b,0.2,23,31,12.34,(17;13),rest,57,0,0
qwen2.5:7b,0.2,23,32,8.77,(17;13),rest,57,0,0
qwen2.5:7b,0.2,23,33,5.2,(17;13),rest,57,0,0
qwen2.5:7b,0.2,23,34,1.63,(17;13),rest,57,0,0
qwen2.5:7b,0.2,23,34,-0.97,(17;13),rest,60,0,0
qwen2.5:7b,0.2,24,1,95.97,(16;17),move,53,0,0
qwen2.5:7b,0.2,24,2,91.92,(17;17),move,55,0,0
qwen2.5:7b,0.2,24,3,87.82,(17;18),move,60,0,0
qwen2.5:7b,0.2,24,4,83.76,(18;18),move,56,0,0
qwen2.5:7b,0.2,24,5,79.73,(19;18),move,53,0,0
qwen2.5:7b,0.2,24,6,75.69,(20;18),move,54,0,0
qwen2.5:7b,0.2,24,7,71.59,(21;18),move,60,0,0
qwen2.5:7b,0.2,24,8,67.49,(22;18),move,60,0,0
qwen2.5:7b,0.2,24,9,63.39,(23;18),move,60,0,0
qwen2.5:7b,0.2,24,10,59.29,(24;18),move,60,0,0
qwen2.5:7b,0.2,24,11,55.19,(25;18),move,60,0,0
qwen2.5:7b,0.2,24,12,51.8,(25;18),forage,39,0,0
qwen2.5:7b,0.2,24,13,47.8,(26;18),move,50,0,0
qwen2.5:7b,0.2,24,14,44.41,(26;18),forage,39,0,0
qwen2.5:7b,0.2,24,15,40.41,(27;18),move,50,0,0
qwen2.5:7b,0.2,24,16,36.32,(28;19),move,59,0,0
qwen2.5:7b,0.2,24,17,32.77,(28;19),forage,55,0,0
qwen2.5:7b,0.2,24,18,28.74,(28;18),move,53,0,0
qwen2.5:7b,0.2,24,19,50.04,(28;18),forage,51,0,0
qwen2.5:7b,0.2,24,20,46.01,(29;19),move,53,0,0
qwen2.5:7b,0.2,24,21,32.41,(29;19),attempt_vault,60,0,0
qwen2.5:7b,0.2,24,22,28.91,(29;19),forage,50,0,0
qwen2.5:7b,0.2,24,23,24.93,(30;19),move,48,0,0
qwen2.5:7b,0.2,24,24,38.84,(30;19),forage,48,0,0
qwen2.5:7b,0.2,24,25,34.85,(31;20),move,49,0,0
qwen2.5:7b,0.2,24,26,48.27,(31;20),forage,49,0,0
qwen2.5:7b,0.2,24,27,34.73,(31;20),attempt_vault,54,0,0
qwen2.5:7b,0.2,24,28,30.74,(30;19),move,49,0,0
qwen2.5:7b,0.2,24,29,26.77,(31;20),move,47,0,0
qwen2.5:7b,0.2,24,30,22.77,(30;19),move,50,0,0
qwen2.5:7b,0.2,24,31,19.17,(30;19),rest,60,0,0
qwen2.5:7b,0.2,24,32,15.2,(31;20),move,47,0,0
qwen2.5:7b,0.2,24,33,11.2,(30;19),move,50,0,0
qwen2.5:7b,0.2,24,34,7.2,(30;20),move,50,0,0
qwen2.5:7b,0.2,24,35,3.23,(31;20),move,47,0,0
qwen2.5:7b,0.2,24,36,-0.73,(30;19),move,46,0,0
qwen2.5:7b,0.2,25,1,96.04,(16;17),move,46,0,0
qwen2.5:7b,0.2,25,2,92.08,(17;17),move,46,0,0
qwen2.5:7b,0.2,25,3,88.13,(18;18),move,45,0,0
qwen2.5:7b,0.2,25,4,84.17,(18;19),move,46,0,0
qwen2.5:7b,0.2,25,5,80.2,(19;19),move,47,0,0
qwen2.5:7b,0.2,25,6,76.79,(19;19),forage,41,0,0
qwen2.5:7b,0.2,25,7,72.77,(20;18),move,52,0,0
qwen2.5:7b,0.2,25,8,69.37,(20;18),forage,40,0,0
qwen2.5:7b,0.2,25,9,65.37,(21;18),move,50,0,0
qwen2.5:7b,0.2,25,10,61.97,(21;18),forage,40,0,0
qwen2.5:7b,0.2,25,11,57.97,(22;18),move,50,0,0
qwen2.5:7b,0.2,25,12,79.57,(22;18),forage,38,0,0
qwen2.5:7b,0.2,25,13,76.25,(22;18),rest,32,0,0
qwen2.5:7b,0.2,25,14,72.34,(23;18),move,41,0,0
qwen2.5:7b,0.2,25,15,68.38,(23;19),move,46,0,0
qwen2.5:7b,0.2,25,16,64.4,(24;19),move,48,0,0
qwen2.5:7b,0.2,25,17,60.39,(25;19),move,51,0,0
qwen2.5:7b,0.2,25,18,56.41,(25;20),move,48,0,0
qwen2.5:7b,0.2,25,19,52.43,(26;20),move,48,0,0
qwen2.5:7b,0.2,25,20,48.83,(26;20),rest,60,0,0
qwen2.5:7b,0.2,25,21,44.79,(27;20),move,54,0,0
qwen2.5:7b,0.2,25,22,40.77,(27;21),move,52,0,0
qwen2.5:7b,0.2,25,23,36.79,(28;21),move,48,0,0
qwen2.5:7b,0.2,25,24,32.77,(28;22),move,52,0,0
qwen2.5:7b,0.2,25,25,19.23,(28;22),attempt_vault,54,0,0
qwen2.5:7b,0.2,25,26,15.87,(28;22),forage,36,0,0
qwen2.5:7b,0.2,25,27,11.89,(28;22),move,48,0,0
qwen2.5:7b,0.2,25,28,7.88,(27;22),move,51,0,0
qwen2.5:7b,0.2,25,29,4.49,(27;22),forage,39,0,0
qwen2.5:7b,0.2,25,30,-8.92,(27;22),attempt_vault,41,0,0
qwen2.5:7b,0.2,26,1,96.05,(16;17),move,45,0,0
qwen2.5:7b,0.2,26,2,92.07,(17;17),move,48,0,0
qwen2.5:7b,0.2,26,3,88.09,(17;18),move,48,0,0
qwen2.5:7b,0.2,26,4,84.1,(18;18),move,49,0,0
qwen2.5:7b,0.2,26,5,80.01,(19;18),move,59,0,0
qwen2.5:7b,0.2,26,6,75.96,(19;19),move,55,0,0
qwen2.5:7b,0.2,26,7,71.94,(19;20),move,52,0,0
qwen2.5:7b,0.2,26,8,68.52,(19;20),forage,42,0,0
qwen2.5:7b,0.2,26,9,64.47,(18;20),move,55,0,0
qwen2.5:7b,0.2,26,10,61.08,(18;20),forage,39,0,0
qwen2.5:7b,0.2,26,11,57.12,(18;21),move,46,0,0
qwen2.5:7b,0.2,26,12,53.73,(18;21),forage,39,0,0
qwen2.5:7b,0.2,26,13,49.72,(18;20),move,51,0,0
qwen2.5:7b,0.2,26,14,46.33,(18;20),forage,39,0,0
qwen2.5:7b,0.2,26,15,42.43,(18;21),move,40,0,0
qwen2.5:7b,0.2,26,16,39.04,(18;21),forage,39,0,0
qwen2.5:7b,0.2,26,17,25.66,(18;21),attempt_vault,38,0,0
qwen2.5:7b,0.2,26,18,21.66,(18;20),move,50,0,0
qwen2.5:7b,0.2,26,19,18.27,(18;20),forage,39,0,0
qwen2.5:7b,0.2,26,20,14.25,(18;21),move,52,0,0
qwen2.5:7b,0.2,26,21,10.84,(18;21),forage,41,0,0
qwen2.5:7b,0.2,26,22,6.83,(18;21),move,51,0,0
qwen2.5:7b,0.2,26,23,2.82,(19;21),move,51,0,0
qwen2.5:7b,0.2,26,24,-1.21,(18;21),move,53,0,0
qwen2.5:7b,0.2,27,1,96.04,(16;17),move,46,0,0
qwen2.5:7b,0.2,27,2,92.05,(16;18),move,49,0,0
qwen2.5:7b,0.2,27,3,88.13,(16;19),move,42,0,0
qwen2.5:7b,0.2,27,4,84.12,(16;18),move,51,0,0
qwen2.5:7b,0.2,27,5,80.2,(16;17),move,42,0,0
qwen2.5:7b,0.2,27,6,76.21,(16;16),move,49,0,0
qwen2.5:7b,0.2,27,7,72.22,(16;15),move,49,0,0
qwen2.5:7b,0.2,27,8,68.85,(16;15),forage,37,0,0
qwen2.5:7b,0.2,27,9,64.92,(17;14),move,43,0,0
qwen2.5:7b,0.2,27,10,61.58,(17;14),forage,34,0,0
qwen2.5:7b,0.2,27,11,57.63,(17;14),move,45,0,0
qwen2.5:7b,0.2,27,12,53.7,(17;13),move,43,0,0
qwen2.5:7b,0.2,27,13,50.36,(17;13),forage,34,0,0
qwen2.5:7b,0.2,27,14,46.38,(17;13),move,48,0,0
qwen2.5:7b,0.2,27,15,42.45,(18;14),move,43,0,0
qwen2.5:7b,0.2,27,16,39.11,(18;14),forage,34,0,0
qwen2.5:7b,0.2,27,17,35.1,(18;15),move,51,0,0
qwen2.5:7b,0.2,27,18,31.75,(18;15),forage,35,0,0
qwen2.5:7b,0.2,27,19,27.74,(19;16),move,51,0,0
qwen2.5:7b,0.2,27,20,24.4,(19;16),forage,34,0,0
qwen2.5:7b,0.2,27,21,20.52,(20;17),move,38,0,0
qwen2.5:7b,0.2,27,22,17.18,(20;17),forage,34,0,0
qwen2.5:7b,0.2,27,23,13.3,(21;18),move,38,0,0
qwen2.5:7b,0.2,27,24,9.96,(21;18),forage,34,0,0
qwen2.5:7b,0.2,27,25,6.08,(22;19),move,38,0,0
qwen2.5:7b,0.2,27,26,2.16,(22;18),move,42,0,0
qwen2.5:7b,0.2,27,26,-0.2,(22;18),rest,36,0,0
qwen2.5:7b,0.2,28,1,96.11,(16;15),move,39,0,0
qwen2.5:7b,0.2,28,2,92.18,(17;14),move,43,0,0
qwen2.5:7b,0.2,28,3,88.26,(17;14),move,42,0,0
qwen2.5:7b,0.2,28,4,84.27,(18;14),move,49,0,0
qwen2.5:7b,0.2,28,5,80.94,(18;14),forage,33,0,0
qwen2.5:7b,0.2,28,6,76.93,(19;13),move,51,0,0
qwen2.5:7b,0.2,28,7,73.33,(19;13),rest,60,0,0
qwen2.5:7b,0.2,28,8,69.28,(19;12),move,55,0,0
qwen2.5:7b,0.2,28,9,86.26,(19;12),forage,36,0,0
qwen2.5:7b,0.2,28,10,82.18,(20;11),move,58,0,0
qwen2.5:7b,0.2,28,11,78.23,(21;10),move,45,0,0
qwen2.5:7b,0.2,28,12,74.22,(22;9),move,51,0,0
qwen2.5:7b,0.2,28,13,70.62,(22;9),rest,60,0,0
qwen2.5:7b,0.2,28,14,57.09,(22;9),attempt_vault,53,0,0
qwen2.5:7b,0.2,28,15,73.6,(22;9),forage,40,0,0
qwen2.5:7b,0.2,28,16,69.55,(23;8),move,55,0,0
qwen2.5:7b,0.2,28,17,56.14,(23;8),attempt_vault,41,0,0
qwen2.5:7b,0.2,28,18,52.64,(23;8),forage,50,0,0
qwen2.5:7b,0.2,28,19,48.61,(24;7),move,53,0,0
qwen2.5:7b,0.2,28,20,69.65,(24;7),forage,36,0,0
qwen2.5:7b,0.2,28,21,65.69,(25;6),move,46,0,0
qwen2.5:7b,0.2,28,22,52.26,(25;6),attempt_vault,43,0,0
qwen2.5:7b,0.2,28,23,48.3,(25;5),move,46,0,0
qwen2.5:7b,0.2,28,24,44.9,(25;5),forage,40,0,0
qwen2.5:7b,0.2,28,25,40.95,(24;4),move,45,0,0
qwen2.5:7b,0.2,28,26,37.48,(24;4),forage,47,0,0
qwen2.5:7b,0.2,28,27,33.52,(23;3),move,46,0,0
qwen2.5:7b,0.2,28,28,53.53,(23;3),forage,36,0,0
qwen2.5:7b,0.2,28,29,40.14,(23;3),attempt_vault,39,0,0
qwen2.5:7b,0.2,28,30,36.18,(24;4),move,46,0,0
qwen2.5:7b,0.2,28,31,22.79,(24;4),attempt_vault,39,0,0
qwen2.5:7b,0.2,28,32,18.82,(25;5),move,47,0,0
qwen2.5:7b,0.2,28,33,5.4,(25;5),attempt_vault,42,0,0
qwen2.5:7b,0.2,28,34,1.98,(25;5),forage,42,0,0
qwen2.5:7b,0.2,28,34,-0.62,(25;5),rest,60,0,0
qwen2.5:7b,0.2,29,1,96.01,(16;17),move,49,0,0
qwen2.5:7b,0.2,29,2,92.04,(16;18),move,47,0,0
qwen2.5:7b,0.2,29,3,88.1,(17;18),move,44,0,0
qwen2.5:7b,0.2,29,4,84.12,(17;17),move,48,0,0
qwen2.5:7b,0.2,29,5,80.16,(16;17),move,46,0,0
qwen2.5:7b,0.2,29,6,76.21,(16;18),move,45,0,0
qwen2.5:7b,0.2,29,7,72.26,(17;18),move,45,0,0
qwen2.5:7b,0.2,29,8,68.31,(17;17),move,45,0,0
qwen2.5:7b,0.2,29,9,64.36,(17;18),move,45,0,0
qwen2.5:7b,0.2,29,10,60.41,(16;18),move,45,0,0
qwen2.5:7b,0.2,29,11,56.46,(17;18),move,45,0,0
qwen2.5:7b,0.2,29,12,52.51,(17;17),move,45,0,0
qwen2.5:7b,0.2,29,13,48.56,(17;18),move,45,0,0
qwen2.5:7b,0.2,29,14,44.61,(16;18),move,45,0,0
qwen2.5:7b,0.2,29,15,40.66,(17;18),move,45,0,0
qwen2.5:7b,0.2,29,16,36.71,(17;17),move,45,0,0
qwen2.5:7b,0.2,29,17,32.76,(17;18),move,45,0,0
qwen2.5:7b,0.2,29,18,28.81,(16;18),move,45,0,0
qwen2.5:7b,0.2,29,19,24.86,(17;18),move,45,0,0
qwen2.5:7b,0.2,29,20,20.91,(17;17),move,45,0,0
qwen2.5:7b,0.2,29,21,16.96,(17;18),move,45,0,0
qwen2.5:7b,0.2,29,22,13.01,(16;18),move,45,0,0
qwen2.5:7b,0.2,29,23,9.06,(17;18),move,45,0,0
qwen2.5:7b,0.2,29,24,5.11,(17;17),move,45,0,0
qwen2.5:7b,0.2,29,25,1.19,(18;18),move,42,0,0
qwen2.5:7b,0.2,29,25,-1.24,(18;18),rest,43,0,0
qwen2.5:7b,0.2,30,1,96.01,(16;17),move,49,0,0
qwen2.5:7b,0.2,30,2,92.04,(17;17),move,47,0,0
qwen2.5:7b,0.2,30,3,88.06,(17;18),move,48,0,0
qwen2.5:7b,0.2,30,4,84.08,(16;18),move,48,0,0
qwen2.5:7b,0.2,30,5,80.13,(16;19),move,45,0,0
qwen2.5:7b,0.2,30,6,76.07,(16;20),move,56,0,0
qwen2.5:7b,0.2,30,7,72.67,(16;20),forage,40,0,0
gemma2:2b,0.4,1,1,96.4,(16;16),forage,60,0,0
gemma2:2b,0.4,1,2,92.38,(16;17),move,52,0,0
gemma2:2b,0.4,1,3,88.33,(16;18),move,55,0,0
gemma2:2b,0.4,1,4,84.35,(15;18),move,48,0,0
gemma2:2b,0.4,1,5,80.37,(15;19),move,48,0,0
gemma2:2b,0.4,1,6,76.39,(15;18),move,48,0,0
gemma2:2b,0.4,1,7,72.41,(15;19),move,48,0,0
gemma2:2b,0.4,1,8,68.43,(15;20),move,48,0,0
gemma2:2b,0.4,1,9,81.02,(15;20),forage,48,0,0
gemma2:2b,0.4,1,10,77.04,(16;20),move,48,0,0
gemma2:2b,0.4,1,11,73.06,(17;20),move,48,0,0
gemma2:2b,0.4,1,12,69.08,(18;20),move,48,0,0
gemma2:2b,0.4,1,13,65.1,(19;20),move,48,0,0
gemma2:2b,0.4,1,14,61.12,(18;20),move,48,0,0
gemma2:2b,0.4,1,15,57.14,(18;21),move,48,0,0
gemma2:2b,0.4,1,16,53.16,(18;20),move,48,0,0
gemma2:2b,0.4,1,17,49.18,(18;21),move,48,0,0
gemma2:2b,0.4,1,18,45.2,(18;22),move,48,0,0
gemma2:2b,0.4,1,19,41.22,(18;22),move,48,0,0
gemma2:2b,0.4,1,20,37.29,(18;22),move,43,0,0
gemma2:2b,0.4,1,21,33.36,(18;22),move,43,0,0
gemma2:2b,0.4,1,22,29.43,(18;21),move,43,0,0
gemma2:2b,0.4,1,23,25.45,(18;20),move,48,0,0
gemma2:2b,0.4,1,24,21.47,(18;21),move,48,0,0
gemma2:2b,0.4,1,25,17.54,(18;22),move,43,0,0
gemma2:2b,0.4,1,26,13.61,(18;22),move,43,0,0
gemma2:2b,0.4,1,27,9.68,(18;22),move,43,0,0
gemma2:2b,0.4,1,28,5.75,(18;22),move,43,0,0
gemma2:2b,0.4,1,29,1.82,(18;22),move,43,0,0
gemma2:2b,0.4,1,29,-0.61,(18;22),rest,43,0,0
gemma2:2b,0.4,2,1,96.38,(16;16),forage,62,0,0
gemma2:2b,0.4,2,2,92.82,(16;16),forage,56,0,0
gemma2:2b,0.4,2,3,89.27,(16;16),forage,55,0,0
gemma2:2b,0.4,2,4,85.8,(16;16),forage,47,0,0
gemma2:2b,0.4,2,5,82.27,(16;16),forage,53,0,0
gemma2:2b,0.4,2,6,78.8,(16;16),forage,47,0,0
gemma2:2b,0.4,2,7,75.33,(16;16),forage,47,0,0
gemma2:2b,0.4,2,8,71.86,(16;16),forage,47,0,0
gemma2:2b,0.4,2,9,68.39,(16;16),forage,47,0,0
gemma2:2b,0.4,2,10,64.92,(16;16),forage,47,0,0
gemma2:2b,0.4,2,11,61.45,(16;16),forage,47,0,0
gemma2:2b,0.4,2,12,57.98,(16;16),forage,47,0,0
gemma2:2b,0.4,2,13,54.51,(16;16),forage,47,0,0
gemma2:2b,0.4,2,14,51.04,(16;16),forage,47,0,0
gemma2:2b,0.4,2,15,47.57,(16;16),forage,47,0,0
gemma2:2b,0.4,2,16,44.1,(16;16),forage,47,0,0
gemma2:2b,0.4,2,17,40.63,(16;16),forage,47,0,0
gemma2:2b,0.4,2,18,37.16,(16;16),forage,47,0,0
gemma2:2b,0.4,2,19,33.69,(16;16),forage,47,0,0
gemma2:2b,0.4,2,20,30.22,(16;16),forage,47,0,0
gemma2:2b,0.4,2,21,26.75,(16;16),forage,47,0,0
gemma2:2b,0.4,2,22,23.28,(16;16),forage,47,0,0
gemma2:2b,0.4,2,23,19.81,(16;16),forage,47,0,0
gemma2:2b,0.4,2,24,16.34,(16;16),forage,47,0,0
gemma2:2b,0.4,2,25,12.87,(16;16),forage,47,0,0
gemma2:2b,0.4,2,26,9.4,(16;16),forage,47,0,0
gemma2:2b,0.4,2,27,5.93,(16;16),forage,47,0,0
gemma2:2b,0.4,2,28,2.46,(16;16),forage,47,0,0
gemma2:2b,0.4,2,28,-0.01,(16;16),rest,47,0,0
gemma2:2b,0.4,3,1,96.38,(16;16),forage,62,0,0
gemma2:2b,0.4,3,2,92.39,(15;17),move,49,0,0
gemma2:2b,0.4,3,3,88.89,(15;17),forage,50,0,0
gemma2:2b,0.4,3,4,84.9,(15;18),move,49,0,0
gemma2:2b,0.4,3,5,80.91,(14;18),move,49,0,0
gemma2:2b,0.4,3,6,77.41,(14;18),forage,50,0,0
gemma2:2b,0.4,3,7,73.42,(13;18),move,49,0,0
gemma2:2b,0.4,3,8,66.86,(13;18),write_sign,56,0,1
gemma2:2b,0.4,3,9,63.39,(13;18),rest,47,0,0
gemma2:2b,0.4,3,10,59.43,(12;17),move,46,0,0
gemma2:2b,0.4,3,11,55.93,(12;17),forage,50,0,0
gemma2:2b,0.4,3,12,51.94,(12;18),move,49,0,0
gemma2:2b,0.4,3,13,47.95,(13;18),move,49,0,0
gemma2:2b,0.4,3,14,41.39,(13;18),write_sign,56,0,1
gemma2:2b,0.4,3,15,37.92,(13;18),rest,47,0,0
gemma2:2b,0.4,3,16,33.96,(13;19),move,46,0,0
gemma2:2b,0.4,3,17,30.46,(13;19),forage,50,0,0
gemma2:2b,0.4,3,18,26.47,(13;18),move,49,0,0
gemma2:2b,0.4,3,19,22.48,(14;17),move,49,0,0
gemma2:2b,0.4,3,20,18.49,(14;18),move,49,0,0
gemma2:2b,0.4,3,21,14.5,(13;18),move,49,0,0
gemma2:2b,0.4,3,22,10.52,(13;18),move,48,0,0
gemma2:2b,0.4,3,23,-3.01,(13;18),attempt_vault,53,0,0
gemma2:2b,0.4,4,1,96.39,(16;16),forage,61,0,0
gemma2:2b,0.4,4,2,92.37,(16;17),move,52,0,0
gemma2:2b,0.4,4,3,88.41,(16;18),move,46,0,0
gemma2:2b,0.4,4,4,84.45,(15;18),move,46,0,0
gemma2:2b,0.4,4,5,80.49,(14;18),move,46,0,0
gemma2:2b,0.4,4,6,76.53,(13;18),move,46,0,0
gemma2:2b,0.4,4,7,95.25,(13;18),forage,48,0,0
gemma2:2b,0.4,4,8,91.28,(13;17),move,47,1,0
gemma2:2b,0.4,4,9,87.31,(13;18),move,47,1,0
gemma2:2b,0.4,4,10,83.4,(14;18),move,41,1,0
gemma2:2b,0.4,4,11,79.49,(13;18),move,41,1,0
gemma2:2b,0.4,4,12,75.58,(12;17),move,41,1,0
gemma2:2b,0.4,4,13,71.67,(13;18),move,41,1,0
gemma2:2b,0.4,4,14,67.76,(13;19),move,41,1,0
gemma2:2b,0.4,4,15,63.85,(13;18),move,41,1,0
gemma2:2b,0.4,4,16,59.94,(14;17),move,41,1,0
gemma2:2b,0.4,4,17,56.03,(13;16),move,41,1,0
gemma2:2b,0.4,4,18,52.12,(13;17),move,41,1,0
gemma2:2b,0.4,4,19,48.21,(13;18),move,41,1,0
gemma2:2b,0.4,4,20,44.3,(14;19),move,41,1,0
gemma2:2b,0.4,4,21,40.39,(13;18),move,41,1,0
gemma2:2b,0.4,4,22,36.48,(13;19),move,41,1,0
gemma2:2b,0.4,4,23,32.57,(13;18),move,41,1,0
gemma2:2b,0.4,4,24,28.66,(14;17),move,41,1,0
gemma2:2b,0.4,4,25,24.75,(14;18),move,41,1,0
gemma2:2b,0.4,4,26,20.84,(13;18),move,41,1,0
gemma2:2b,0.4,4,27,16.93,(14;17),move,41,1,0
gemma2:2b,0.4,4,28,13.02,(13;16),move,41,1,0
gemma2:2b,0.4,4,29,9.11,(13;17),move,41,1,0
gemma2:2b,0.4,4,30,5.2,(13;18),move,41,1,0
gemma2:2b,0.4,4,31,1.29,(13;17),move,41,1,0
gemma2:2b,0.4,4,31,-1.12,(13;17),rest,41,1,0
gemma2:2b,0.4,5,1,96.25,(16;16),read_sign,75,1,0
gemma2:2b,0.4,5,2,92.68,(16;16),rest,57,1,0
gemma2:2b,0.4,5,3,89.09,(16;16),read_sign,59,1,0
gemma2:2b,0.4,5,4,85.51,(16;16),read_sign,58,1,0
gemma2:2b,0.4,5,5,81.99,(16;16),read_sign,52,1,0
gemma2:2b,0.4,5,6,78.44,(16;16),read_sign,55,1,0
gemma2:2b,0.4,5,7,74.87,(16;16),read_sign,57,1,0
gemma2:2b,0.4,5,8,71.32,(16;16),read_sign,55,1,0
gemma2:2b,0.4,5,9,67.75,(16;16),read_sign,57,1,0
gemma2:2b,0.4,5,10,64.09,(16;16),read_sign,66,1,0
gemma2:2b,0.4,5,11,60.43,(16;16),read_sign,66,1,0
gemma2:2b,0.4,5,12,56.88,(16;16),read_sign,55,1,0
gemma2:2b,0.4,5,13,53.22,(16;16),read_sign,66,1,0
gemma2:2b,0.4,5,14,49.56,(16;16),read_sign,66,1,0
gemma2:2b,0.4,5,15,45.9,(16;16),read_sign,66,1,0
gemma2:2b,0.4,5,16,42.24,(16;16),read_sign,66,1,0
gemma2:2b,0.4,5,17,38.58,(16;16),read_sign,66,1,0
gemma2:2b,0.4,5,18,34.92,(16;16),read_sign,66,1,0
gemma2:2b,0.4,5,19,31.26,(16;16),read_sign,66,1,0
gemma2:2b,0.4,5,20,27.6,(16;16),read_sign,66,1,0
gemma2:2b,0.4,5,21,23.94,(16;16),read_sign,66,1,0
gemma2:2b,0.4,5,22,20.28,(16;16),read_sign,66,1,0
gemma2:2b,0.4,5,23,16.62,(16;16),read_sign,66,1,0
gemma2:2b,0.4,5,24,12.96,(16;16),read_sign,66,1,0
gemma2:2b,0.4,5,25,9.3,(16;16),read_sign,66,1,0
gemma2:2b,0.4,5,26,5.64,(16;16),read_sign,66,1,0
gemma2:2b,0.4,5,27,1.98,(16;16),read_sign,66,1,0
gemma2:2b,0.4,5,27,-0.68,(16;16),rest,66,1,0
gemma2:2b,0.4,6,1,96.51,(16;16),read_sign,49,1,0
gemma2:2b,0.4,6,2,92.99,(16;16),read_sign,52,1,0
gemma2:2b,0.4,6,3,89.48,(16;16),read_sign,51,1,0
gemma2:2b,0.4,6,4,85.99,(16;16),read_sign,49,1,0
gemma2:2b,0.4,6,5,82.47,(16;16),read_sign,52,1,0
gemma2:2b,0.4,6,6,78.92,(16;16),read_sign,55,1,0
gemma2:2b,0.4,6,7,75.36,(16;16),read_sign,56,1,0
gemma2:2b,0.4,6,8,71.82,(16;16),read_sign,54,1,0
gemma2:2b,0.4,6,9,68.31,(16;16),read_sign,51,1,0
gemma2:2b,0.4,6,10,64.79,(16;16),read_sign,52,1,0
gemma2:2b,0.4,6,11,61.33,(16;16),read_sign,46,1,0
gemma2:2b,0.4,6,12,57.87,(16;16),read_sign,46,1,0
gemma2:2b,0.4,6,13,54.36,(16;16),read_sign,51,1,0
gemma2:2b,0.4,6,14,50.88,(16;16),read_sign,48,1,0
gemma2:2b,0.4,6,15,47.36,(16;16),read_sign,52,1,0
gemma2:2b,0.4,6,16,43.84,(16;16),read_sign,52,1,0
gemma2:2b,0.4,6,17,40.32,(16;16),read_sign,52,1,0
gemma2:2b,0.4,6,18,36.8,(16;16),read_sign,52,1,0
gemma2:2b,0.4,6,19,33.28,(16;16),read_sign,52,1,0
gemma2:2b,0.4,6,20,29.76,(16;16),read_sign,52,1,0
gemma2:2b,0.4,6,21,26.24,(16;16),read_sign,52,1,0
gemma2:2b,0.4,6,22,22.72,(16;16),read_sign,52,1,0
gemma2:2b,0.4,6,23,19.2,(16;16),read_sign,52,1,0
gemma2:2b,0.4,6,24,15.68,(16;16),read_sign,52,1,0
gemma2:2b,0.4,6,25,12.16,(16;16),read_sign,52,1,0
gemma2:2b,0.4,6,26,8.64,(16;16),read_sign,52,1,0
gemma2:2b,0.4,6,27,5.12,(16;16),read_sign,52,1,0
gemma2:2b,0.4,6,28,1.6,(16;16),read_sign,52,1,0
gemma2:2b,0.4,6,28,-0.92,(16;16),rest,52,1,0
gemma2:2b,0.4,7,1,96.49,(16;16),read_sign,51,1,0
gemma2:2b,0.4,7,2,93.04,(16;16),rest,45,1,0
gemma2:2b,0.4,7,3,89.1,(16;17),move,44,1,0
gemma2:2b,0.4,7,4,85.68,(16;17),forage,42,1,0
gemma2:2b,0.4,7,5,81.74,(16;18),move,44,1,0
gemma2:2b,0.4,7,6,78.33,(16;18),read_sign,41,1,0
gemma2:2b,0.4,7,7,64.85,(16;18),attempt_vault,48,1,0
gemma2:2b,0.4,7,8,60.91,(16;19),move,44,1,0
gemma2:2b,0.4,7,9,56.97,(16;18),move,44,1,0
gemma2:2b,0.4,7,10,43.49,(16;18),attempt_vault,48,1,0
gemma2:2b,0.4,7,11,39.56,(16;18),move,43,1,0
gemma2:2b,0.4,7,12,35.46,(17;17),move,60,1,0
gemma2:2b,0.4,7,13,31.53,(17;18),move,43,0,0
gemma2:2b,0.4,7,14,27.6,(17;19),move,43,0,0
gemma2:2b,0.4,7,15,23.67,(17;20),move,43,0,0
gemma2:2b,0.4,7,16,19.74,(18;20),move,43,0,0
gemma2:2b,0.4,7,17,6.3,(18;20),attempt_vault,44,0,0
gemma2:2b,0.4,7,18,-7.14,(18;20),attempt_vault,44,0,0
gemma2:2b,0.4,8,1,96.4,(16;16),forage,60,1,0
gemma2:2b,0.4,8,2,82.85,(16;16),attempt_vault,55,1,0
gemma2:2b,0.4,8,3,78.88,(16;17),move,47,1,0
gemma2:2b,0.4,8,4,75.41,(16;17),forage,47,1,0
gemma2:2b,0.4,8,5,71.44,(17;17),move,47,1,0
gemma2:2b,0.4,8,6,67.42,(17;18),move,52,0,0
gemma2:2b,0.4,8,7,63.4,(17;19),move,52,0,0
gemma2:2b,0.4,8,8,59.38,(17;20),move,52,0,0
gemma2:2b,0.4,8,9,55.41,(18;20),move,47,0,0
gemma2:2b,0.4,8,10,72.07,(18;20),forage,37,0,0
gemma2:2b,0.4,8,11,68.13,(19;19),move,44,0,0
gemma2:2b,0.4,8,12,64.16,(19;18),move,47,0,0
gemma2:2b,0.4,8,13,60.19,(20;18),move,47,0,0
gemma2:2b,0.4,8,14,56.23,(20;19),move,46,0,0
gemma2:2b,0.4,8,15,52.26,(21;18),move,47,0,0
gemma2:2b,0.4,8,16,68.86,(21;18),forage,46,0,0
gemma2:2b,0.4,8,17,64.88,(21;19),move,48,0,0
gemma2:2b,0.4,8,18,60.9,(22;19),move,48,0,0
gemma2:2b,0.4,8,19,56.93,(23;18),move,47,0,0
gemma2:2b,0.4,8,20,52.96,(23;19),move,47,0,0
gemma2:2b,0.4,8,21,72.56,(23;19),forage,42,0,0
gemma2:2b,0.4,8,22,68.61,(23;19),move,45,0,0
gemma2:2b,0.4,8,23,65.18,(23;19),rest,43,0,0
gemma2:2b,0.4,8,24,61.23,(24;18),move,45,0,0
gemma2:2b,0.4,8,25,57.26,(25;17),move,47,0,0
gemma2:2b,0.4,8,26,53.3,(26;16),move,46,0,0
gemma2:2b,0.4,8,27,49.34,(27;15),move,46,0,0
gemma2:2b,0.4,8,28,45.38,(28;14),move,46,0,0
gemma2:2b,0.4,8,29,41.42,(28;14),move,46,0,0
gemma2:2b,0.4,8,30,37.47,(28;14),move,45,0,0
gemma2:2b,0.4,8,31,33.49,(28;14),move,48,0,0
gemma2:2b,0.4,8,32,29.51,(27;15),move,48,0,0
gemma2:2b,0.4,8,33,25.53,(26;16),move,48,0,0
gemma2:2b,0.4,8,34,21.55,(25;17),move,48,0,0
gemma2:2b,0.4,8,35,17.57,(24;18),move,48,0,0
gemma2:2b,0.4,8,36,13.59,(23;19),move,48,0,0
gemma2:2b,0.4,8,37,9.61,(22;20),move,48,0,0
gemma2:2b,0.4,8,38,5.63,(21;21),move,48,0,0
gemma2:2b,0.4,8,39,1.65,(21;21),move,48,0,0
gemma2:2b,0.4,8,39,-0.82,(21;21),rest,47,0,0
gemma2:2b,0.4,9,1,96.34,(16;16),rest,66,1,0
gemma2:2b,0.4,9,2,92.74,(16;16),forage,60,1,0
gemma2:2b,0.4,9,3,89.21,(16;16),rest,53,1,0
gemma2:2b,0.4,9,4,85.67,(16;16),rest,54,1,0
gemma2:2b,0.4,9,5,82.17,(16;16),rest,50,1,0
gemma2:2b,0.4,9,6,78.67,(16;16),rest,50,1,0
gemma2:2b,0.4,9,7,75.17,(16;16),rest,50,1,0
gemma2:2b,0.4,9,8,71.67,(16;16),rest,50,1,0
gemma2:2b,0.4,9,9,68.17,(16;16),rest,50,1,0
gemma2:2b,0.4,9,10,64.67,(16;16),rest,50,1,0
gemma2:2b,0.4,9,11,61.17,(16;16),rest,50,1,0
gemma2:2b,0.4,9,12,57.67,(16;16),rest,50,1,0
gemma2:2b,0.4,9,13,54.17,(16;16),rest,50,1,0
gemma2:2b,0.4,9,14,50.67,(16;16),rest,50,1,0
gemma2:2b,0.4,9,15,47.17,(16;16),rest,50,1,0
gemma2:2b,0.4,9,16,43.67,(16;16),rest,50,1,0
gemma2:2b,0.4,9,17,40.17,(16;16),rest,50,1,0
gemma2:2b,0.4,9,18,36.67,(16;16),rest,50,1,0
gemma2:2b,0.4,9,19,33.17,(16;16),rest,50,1,0
gemma2:2b,0.4,9,20,29.67,(16;16),rest,50,1,0
gemma2:2b,0.4,9,21,26.17,(16;16),rest,50,1,0
gemma2:2b,0.4,9,22,22.67,(16;16),rest,50,1,0
gemma2:2b,0.4,9,23,19.16,(16;16),forage,51,1,0
gemma2:2b,0.4,9,24,5.65,(16;16),attempt_vault,51,1,0
gemma2:2b,0.4,9,25,2.15,(16;16),forage,50,1,0
gemma2:2b,0.4,9,25,-0.36,(16;16),rest,51,1,0
gemma2:2b,0.4,10,1,96.36,(16;16),read_sign,64,1,0
gemma2:2b,0.4,10,2,92.94,(16;16),forage,42,1,0
gemma2:2b,0.4,10,3,88.97,(17;15),move,47,1,0
gemma2:2b,0.4,10,4,85.55,(17;15),forage,42,0,0
gemma2:2b,0.4,10,5,81.57,(17;16),move,48,0,0
gemma2:2b,0.4,10,6,78.12,(17;16),forage,45,0,0
gemma2:2b,0.4,10,7,74.16,(18;16),move,46,0,0
gemma2:2b,0.4,10,8,70.7,(18;16),forage,46,0,0
gemma2:2b,0.4,10,9,66.74,(19;15),move,46,0,0
gemma2:2b,0.4,10,10,63.28,(19;15),forage,46,0,0
gemma2:2b,0.4,10,11,56.79,(19;15),write_sign,49,0,1
gemma2:2b,0.4,10,12,52.88,(18;14),move,41,1,0
gemma2:2b,0.4,10,13,48.96,(18;15),move,42,1,0
gemma2:2b,0.4,10,14,45.04,(19;15),move,42,1,0
gemma2:2b,0.4,10,15,41.13,(19;15),move,41,1,0
gemma2:2b,0.4,10,16,37.71,(19;15),forage,42,1,0
gemma2:2b,0.4,10,17,33.8,(18;14),move,41,1,0
gemma2:2b,0.4,10,18,30.37,(18;14),forage,43,1,0
gemma2:2b,0.4,10,19,26.45,(17;14),move,42,1,0
gemma2:2b,0.4,10,20,23.05,(17;14),forage,40,1,0
gemma2:2b,0.4,10,21,19.13,(16;14),move,42,1,0
gemma2:2b,0.4,10,22,39.08,(16;14),forage,40,1,0
gemma2:2b,0.4,10,23,32.64,(16;14),write_sign,44,1,1
gemma2:2b,0.4,10,24,28.72,(15;14),move,42,2,0
gemma2:2b,0.4,10,25,24.81,(16;14),move,41,1,0
gemma2:2b,0.4,10,26,20.88,(16;15),move,43,2,0
gemma2:2b,0.4,10,27,16.96,(16;14),move,42,3,0
gemma2:2b,0.4,10,28,13.03,(16;15),move,43,2,0
gemma2:2b,0.4,10,29,9.1,(16;16),move,43,3,0
gemma2:2b,0.4,10,30,5.16,(17;15),move,44,3,0
gemma2:2b,0.4,10,31,1.24,(18;15),move,42,2,0
gemma2:2b,0.4,10,31,-1.18,(18;15),rest,42,2,0
gemma2:2b,0.4,11,1,96.39,(16;16),read_sign,61,3,0
gemma2:2b,0.4,11,2,92.84,(16;16),read_sign,55,3,0
gemma2:2b,0.4,11,3,89.29,(16;16),read_sign,55,3,0
gemma2:2b,0.4,11,4,85.74,(16;16),read_sign,55,3,0
gemma2:2b,0.4,11,5,82.19,(16;16),read_sign,55,3,0
gemma2:2b,0.4,11,6,78.64,(16;16),read_sign,55,3,0
gemma2:2b,0.4,11,7,75.09,(16;16),read_sign,55,3,0
gemma2:2b,0.4,11,8,71.54,(16;16),read_sign,55,3,0
gemma2:2b,0.4,11,9,67.99,(16;16),read_sign,55,3,0
gemma2:2b,0.4,11,10,64.44,(16;16),read_sign,55,3,0
gemma2:2b,0.4,11,11,60.89,(16;16),read_sign,55,3,0
gemma2:2b,0.4,11,12,57.34,(16;16),read_sign,55,3,0
gemma2:2b,0.4,11,13,53.79,(16;16),read_sign,55,3,0
gemma2:2b,0.4,11,14,50.24,(16;16),read_sign,55,3,0
gemma2:2b,0.4,11,15,46.69,(16;16),read_sign,55,3,0
gemma2:2b,0.4,11,16,43.14,(16;16),read_sign,55,3,0
gemma2:2b,0.4,11,17,39.59,(16;16),read_sign,55,3,0
gemma2:2b,0.4,11,18,36.04,(16;16),read_sign,55,3,0
gemma2:2b,0.4,11,19,32.49,(16;16),read_sign,55,3,0
gemma2:2b,0.4,11,20,28.94,(16;16),read_sign,55,3,0
gemma2:2b,0.4,11,21,25.39,(16;16),read_sign,55,3,0
gemma2:2b,0.4,11,22,21.84,(16;16),read_sign,55,3,0
gemma2:2b,0.4,11,23,18.29,(16;16),read_sign,55,3,0
gemma2:2b,0.4,11,24,14.74,(16;16),read_sign,55,3,0
gemma2:2b,0.4,11,25,11.19,(16;16),read_sign,55,3,0
gemma2:2b,0.4,11,26,7.64,(16;16),read_sign,55,3,0
gemma2:2b,0.4,11,27,4.09,(16;16),read_sign,55,3,0
gemma2:2b,0.4,11,28,0.54,(16;16),read_sign,55,3,0
gemma2:2b,0.4,11,28,-2.0,(16;16),rest,54,3,0
gemma2:2b,0.4,12,1,96.4,(16;16),rest,60,3,0
gemma2:2b,0.4,12,2,92.84,(16;16),read_sign,56,3,0
gemma2:2b,0.4,12,3,89.32,(16;16),read_sign,52,3,0
gemma2:2b,0.4,12,4,85.8,(16;16),read_sign,52,3,0
gemma2:2b,0.4,12,5,82.28,(16;16),read_sign,52,3,0
gemma2:2b,0.4,12,6,78.76,(16;16),read_sign,52,3,0
gemma2:2b,0.4,12,7,75.24,(16;16),read_sign,52,3,0
gemma2:2b,0.4,12,8,71.72,(16;16),read_sign,52,3,0
gemma2:2b,0.4,12,9,68.2,(16;16),read_sign,52,3,0
gemma2:2b,0.4,12,10,64.68,(16;16),read_sign,52,3,0
gemma2:2b,0.4,12,11,61.16,(16;16),read_sign,52,3,0
gemma2:2b,0.4,12,12,57.64,(16;16),read_sign,52,3,0
gemma2:2b,0.4,12,13,54.12,(16;16),read_sign,52,3,0
gemma2:2b,0.4,12,14,50.6,(16;16),read_sign,52,3,0
gemma2:2b,0.4,12,15,47.08,(16;16),read_sign,52,3,0
gemma2:2b,0.4,12,16,43.56,(16;16),read_sign,52,3,0
gemma2:2b,0.4,12,17,40.04,(16;16),read_sign,52,3,0
gemma2:2b,0.4,12,18,36.52,(16;16),read_sign,52,3,0
gemma2:2b,0.4,12,19,33.0,(16;16),read_sign,52,3,0
gemma2:2b,0.4,12,20,29.48,(16;16),read_sign,52,3,0
gemma2:2b,0.4,12,21,25.96,(16;16),read_sign,52,3,0
gemma2:2b,0.4,12,22,22.44,(16;16),read_sign,52,3,0
gemma2:2b,0.4,12,23,18.92,(16;16),read_sign,52,3,0
gemma2:2b,0.4,12,24,15.36,(16;16),read_sign,56,3,0
gemma2:2b,0.4,12,25,11.8,(16;16),read_sign,56,3,0
gemma2:2b,0.4,12,26,8.24,(16;16),read_sign,56,3,0
gemma2:2b,0.4,12,27,4.81,(16;16),rest,43,3,0
gemma2:2b,0.4,12,28,1.37,(16;16),forage,44,3,0
gemma2:2b,0.4,12,28,-1.06,(16;16),rest,43,3,0
gemma2:2b,0.4,13,1,96.42,(16;16),explore,58,3,0
gemma2:2b,0.4,13,2,92.84,(16;16),read_sign,58,3,0
gemma2:2b,0.4,13,3,89.27,(16;16),read_sign,57,3,0
gemma2:2b,0.4,13,4,85.73,(16;16),explore,54,3,0
gemma2:2b,0.4,13,5,81.76,(15;15),move,47,3,0
gemma2:2b,0.4,13,6,77.77,(14;14),move,49,2,0
gemma2:2b,0.4,13,7,73.81,(15;14),move,46,1,0
gemma2:2b,0.4,13,8,69.85,(16;14),move,46,1,0
gemma2:2b,0.4,13,9,65.89,(16;15),move,46,2,0
gemma2:2b,0.4,13,10,61.93,(16;16),move,46,3,0
gemma2:2b,0.4,13,11,57.97,(16;17),move,46,3,0
gemma2:2b,0.4,13,12,54.01,(16;18),move,46,3,0
gemma2:2b,0.4,13,13,50.05,(16;19),move,46,2,0
gemma2:2b,0.4,13,14,46.09,(16;20),move,46,1,0
gemma2:2b,0.4,13,15,42.13,(16;21),move,46,1,0
gemma2:2b,0.4,13,16,38.17,(16;22),move,46,1,0
gemma2:2b,0.4,13,17,34.21,(16;23),move,46,0,0
gemma2:2b,0.4,13,18,30.25,(16;23),move,46,0,0
gemma2:2b,0.4,13,19,26.31,(16;23),move,44,0,0
gemma2:2b,0.4,13,20,22.37,(16;23),move,44,0,0
gemma2:2b,0.4,13,21,18.43,(16;23),move,44,0,0
gemma2:2b,0.4,13,22,14.49,(16;23),move,44,0,0
gemma2:2b,0.4,13,23,10.55,(16;23),move,44,0,0
gemma2:2b,0.4,13,24,6.61,(16;23),move,44,0,0
gemma2:2b,0.4,13,25,2.67,(16;23),move,44,0,0
gemma2:2b,0.4,13,26,-1.27,(16;23),move,44,0,0
gemma2:2b,0.4,14,1,96.4,(16;16),rest,60,3,0
gemma2:2b,0.4,14,2,92.8,(16;16),rest,60,3,0
gemma2:2b,0.4,14,3,89.2,(16;16),rest,60,3,0
gemma2:2b,0.4,14,4,85.66,(16;16),forage,54,3,0
gemma2:2b,0.4,14,5,81.68,(17;15),move,48,3,0
gemma2:2b,0.4,14,6,77.7,(18;15),move,48,2,0
gemma2:2b,0.4,14,7,73.72,(18;16),move,48,2,0
gemma2:2b,0.4,14,8,69.74,(17;15),move,48,2,0
gemma2:2b,0.4,14,9,65.76,(18;14),move,48,2,0
gemma2:2b,0.4,14,10,61.78,(17;14),move,48,2,0
gemma2:2b,0.4,14,11,57.8,(17;15),move,48,2,0
gemma2:2b,0.4,14,12,53.82,(16;14),move,48,2,0
gemma2:2b,0.4,14,13,49.84,(17;14),move,48,2,0
gemma2:2b,0.4,14,14,45.86,(17;15),move,48,2,0
gemma2:2b,0.4,14,15,41.88,(18;14),move,48,2,0
gemma2:2b,0.4,14,16,37.9,(19;13),move,48,2,0
gemma2:2b,0.4,14,17,34.47,(19;13),forage,43,2,0
gemma2:2b,0.4,14,18,30.57,(18;12),move,40,2,0
gemma2:2b,0.4,14,19,27.14,(18;12),forage,43,2,0
gemma2:2b,0.4,14,20,23.24,(18;12),move,40,2,0
gemma2:2b,0.4,14,21,19.36,(18;12),move,38,2,0
gemma2:2b,0.4,14,22,15.48,(18;12),move,38,2,0
gemma2:2b,0.4,14,23,11.6,(18;12),move,38,2,0
gemma2:2b,0.4,14,24,7.72,(18;12),move,38,2,0
gemma2:2b,0.4,14,25,3.84,(18;12),move,38,2,0
gemma2:2b,0.4,14,26,-0.04,(18;12),move,38,2,0
gemma2:2b,0.4,15,1,96.44,(16;16),read_sign,56,3,0
gemma2:2b,0.4,15,2,92.93,(16;16),read_sign,51,3,0
gemma2:2b,0.4,15,3,89.42,(16;16),read_sign,51,3,0
gemma2:2b,0.4,15,4,85.91,(16;16),read_sign,51,3,0
gemma2:2b,0.4,15,5,82.4,(16;16),read_sign,51,3,0
gemma2:2b,0.4,15,6,78.89,(16;16),read_sign,51,3,0
gemma2:2b,0.4,15,7,75.38,(16;16),read_sign,51,3,0
gemma2:2b,0.4,15,8,71.87,(16;16),read_sign,51,3,0
gemma2:2b,0.4,15,9,68.36,(16;16),read_sign,51,3,0
gemma2:2b,0.4,15,10,64.85,(16;16),read_sign,51,3,0
gemma2:2b,0.4,15,11,61.34,(16;16),read_sign,51,3,0
gemma2:2b,0.4,15,12,57.83,(16;16),read_sign,51,3,0
gemma2:2b,0.4,15,13,54.32,(16;16),read_sign,51,3,0
gemma2:2b,0.4,15,14,50.81,(16;16),read_sign,51,3,0
gemma2:2b,0.4,15,15,47.3,(16;16),read_sign,51,3,0
gemma2:2b,0.4,15,16,43.79,(16;16),read_sign,51,3,0
gemma2:2b,0.4,15,17,40.28,(16;16),read_sign,51,3,0
gemma2:2b,0.4,15,18,36.77,(16;16),read_sign,51,3,0
gemma2:2b,0.4,15,19,33.26,(16;16),read_sign,51,3,0
gemma2:2b,0.4,15,20,29.75,(16;16),read_sign,51,3,0
gemma2:2b,0.4,15,21,26.24,(16;16),read_sign,51,3,0
gemma2:2b,0.4,15,22,22.73,(16;16),read_sign,51,3,0
gemma2:2b,0.4,15,23,19.22,(16;16),read_sign,51,3,0
gemma2:2b,0.4,15,24,15.71,(16;16),read_sign,51,3,0
gemma2:2b,0.4,15,25,12.2,(16;16),read_sign,51,3,0
gemma2:2b,0.4,15,26,8.69,(16;16),read_sign,51,3,0
gemma2:2b,0.4,15,27,5.18,(16;16),read_sign,51,3,0
gemma2:2b,0.4,15,28,1.67,(16;16),read_sign,51,3,0
gemma2:2b,0.4,15,28,-0.84,(16;16),rest,51,3,0
gemma2:2b,0.4,16,1,96.4,(16;16),rest,60,3,0
gemma2:2b,0.4,16,2,92.85,(16;16),forage,55,3,0
gemma2:2b,0.4,16,3,79.33,(16;16),attempt_vault,52,3,0
gemma2:2b,0.4,16,4,75.82,(16;16),forage,51,3,0
gemma2:2b,0.4,16,5,72.32,(16;16),rest,50,3,0
gemma2:2b,0.4,16,6,68.32,(17;15),move,50,3,0
gemma2:2b,0.4,16,7,64.35,(18;15),move,47,2,0
gemma2:2b,0.4,16,8,60.38,(19;15),move,47,2,0
gemma2:2b,0.4,16,9,56.36,(19;15),move,52,2,0
gemma2:2b,0.4,16,10,52.83,(19;15),rest,53,2,0
gemma2:2b,0.4,16,11,49.36,(19;15),rest,47,2,0
gemma2:2b,0.4,16,12,45.38,(19;16),move,48,2,0
gemma2:2b,0.4,16,13,38.89,(19;16),write_sign,49,2,1
gemma2:2b,0.4,16,14,32.38,(19;16),write_sign,51,3,1
gemma2:2b,0.4,16,15,25.88,(19;16),write_sign,50,3,1
gemma2:2b,0.4,16,16,19.36,(19;16),write_sign,52,3,1
gemma2:2b,0.4,16,17,12.87,(19;16),write_sign,49,3,1
gemma2:2b,0.4,16,18,6.38,(19;16),write_sign,49,3,1
gemma2:2b,0.4,16,19,-0.11,(19;16),write_sign,49,3,1
gemma2:2b,0.4,17,1,96.4,(16;16),read_sign,60,4,0
gemma2:2b,0.4,17,2,92.86,(16;16),read_sign,54,4,0
gemma2:2b,0.4,17,3,88.83,(17;16),move,53,4,0
gemma2:2b,0.4,17,4,85.29,(17;16),read_sign,54,3,0
gemma2:2b,0.4,17,5,81.75,(17;16),read_sign,54,3,0
gemma2:2b,0.4,17,6,78.21,(17;16),read_sign,54,3,0
gemma2:2b,0.4,17,7,74.67,(17;16),read_sign,54,3,0
gemma2:2b,0.4,17,8,71.13,(17;16),read_sign,54,3,0
gemma2:2b,0.4,17,9,67.59,(17;16),read_sign,54,3,0
gemma2:2b,0.4,17,10,64.05,(17;16),read_sign,54,3,0
gemma2:2b,0.4,17,11,60.51,(17;16),read_sign,54,3,0
gemma2:2b,0.4,17,12,56.97,(17;16),read_sign,54,3,0
gemma2:2b,0.4,17,13,53.43,(17;16),read_sign,54,3,0
gemma2:2b,0.4,17,14,49.89,(17;16),read_sign,54,3,0
gemma2:2b,0.4,17,15,46.35,(17;16),read_sign,54,3,0
gemma2:2b,0.4,17,16,42.81,(17;16),read_sign,54,3,0
gemma2:2b,0.4,17,17,39.27,(17;16),read_sign,54,3,0
gemma2:2b,0.4,17,18,35.73,(17;16),read_sign,54,3,0
gemma2:2b,0.4,17,19,32.19,(17;16),read_sign,54,3,0
gemma2:2b,0.4,17,20,28.65,(17;16),read_sign,54,3,0
gemma2:2b,0.4,17,21,25.11,(17;16),read_sign,54,3,0
gemma2:2b,0.4,17,22,21.57,(17;16),read_sign,54,3,0
gemma2:2b,0.4,17,23,18.03,(17;16),read_sign,54,3,0
gemma2:2b,0.4,17,24,14.49,(17;16),read_sign,54,3,0
gemma2:2b,0.4,17,25,10.95,(17;16),read_sign,54,3,0
gemma2:2b,0.4,17,26,7.41,(17;16),read_sign,54,3,0
gemma2:2b,0.4,17,27,3.87,(17;16),read_sign,54,3,0
gemma2:2b,0.4,17,28,0.33,(17;16),read_sign,54,3,0
gemma2:2b,0.4,17,28,-2.1,(17;16),rest,43,3,0
gemma2:2b,0.4,18,1,96.4,(16;16),rest,60,4,0
gemma2:2b,0.4,18,2,92.8,(16;16),rest,60,4,0
gemma2:2b,0.4,18,3,88.79,(17;17),move,51,4,0
gemma2:2b,0.4,18,4,84.84,(16;17),move,45,3,0
gemma2:2b,0.4,18,5,80.89,(16;18),move,45,4,0
gemma2:2b,0.4,18,6,76.94,(15;17),move,45,3,0
gemma2:2b,0.4,18,7,72.99,(15;18),move,45,2,0
gemma2:2b,0.4,18,8,69.04,(14;17),move,45,1,0
gemma2:2b,0.4,18,9,89.48,(14;17),forage,48,2,0
gemma2:2b,0.4,18,10,85.53,(13;16),move,45,2,0
gemma2:2b,0.4,18,11,81.6,(13;17),move,43,2,0
gemma2:2b,0.4,18,12,75.17,(13;17),write_sign,43,2,1
gemma2:2b,0.4,18,13,71.25,(13;18),move,42,3,0
gemma2:2b,0.4,18,14,67.33,(13;17),move,42,2,0
gemma2:2b,0.4,18,15,60.89,(13;17),write_sign,44,3,1
gemma2:2b,0.4,18,16,56.95,(13;18),move,44,3,0
gemma2:2b,0.4,18,17,53.03,(13;17),move,42,2,0
gemma2:2b,0.4,18,18,49.09,(13;18),move,44,3,0
gemma2:2b,0.4,18,19,45.15,(13;17),move,44,2,0
gemma2:2b,0.4,18,20,41.21,(14;17),move,44,3,0
gemma2:2b,0.4,18,21,37.27,(13;17),move,44,3,0
gemma2:2b,0.4,18,22,33.33,(13;18),move,44,3,0
gemma2:2b,0.4,18,23,29.39,(13;19),move,44,2,0
gemma2:2b,0.4,18,24,25.4,(13;18),move,49,2,0
gemma2:2b,0.4,18,25,21.46,(13;17),move,44,2,0
gemma2:2b,0.4,18,26,17.52,(13;18),move,44,3,0
gemma2:2b,0.4,18,27,13.58,(13;17),move,44,2,0
gemma2:2b,0.4,18,28,9.64,(13;18),move,44,3,0
gemma2:2b,0.4,18,29,5.7,(13;19),move,44,2,0
gemma2:2b,0.4,18,30,1.76,(13;18),move,44,2,0
gemma2:2b,0.4,18,30,-0.68,(13;18),rest,44,2,0
gemma2:2b,0.4,19,1,96.43,(16;16),read_sign,57,5,0
gemma2:2b,0.4,19,2,92.93,(16;16),read_sign,50,5,0
gemma2:2b,0.4,19,3,88.91,(17;15),move,52,5,0
gemma2:2b,0.4,19,4,84.89,(17;16),move,52,3,0
gemma2:2b,0.4,19,5,80.87,(18;15),move,52,3,0
gemma2:2b,0.4,19,6,76.85,(19;15),move,52,3,0
gemma2:2b,0.4,19,7,72.83,(19;16),move,52,3,0
gemma2:2b,0.4,19,8,68.81,(19;15),move,52,3,0
gemma2:2b,0.4,19,9,64.79,(18;14),move,52,3,0
gemma2:2b,0.4,19,10,60.77,(17;14),move,52,3,0
gemma2:2b,0.4,19,11,56.75,(16;13),move,52,3,0
gemma2:2b,0.4,19,12,52.73,(17;12),move,52,3,0
gemma2:2b,0.4,19,13,48.75,(17;12),move,48,2,0
gemma2:2b,0.4,19,14,44.79,(16;11),move,46,2,0
gemma2:2b,0.4,19,15,40.78,(17;10),move,51,1,0
gemma2:2b,0.4,19,16,53.54,(17;10),forage,40,0,0
gemma2:2b,0.4,19,17,49.53,(17;10),move,51,0,0
gemma2:2b,0.4,19,18,45.57,(16;9),move,46,0,0
gemma2:2b,0.4,19,19,42.16,(16;9),forage,41,0,0
gemma2:2b,0.4,19,20,38.21,(17;9),move,45,0,0
gemma2:2b,0.4,19,21,52.79,(17;9),forage,37,0,0
gemma2:2b,0.4,19,22,48.83,(18;8),move,46,0,0
gemma2:2b,0.4,19,23,44.88,(19;8),move,45,0,0
gemma2:2b,0.4,19,24,40.93,(19;7),move,45,0,0
gemma2:2b,0.4,19,25,36.98,(19;6),move,45,0,0
gemma2:2b,0.4,19,26,33.03,(19;5),move,45,0,0
gemma2:2b,0.4,19,27,29.08,(19;4),move,45,0,0
gemma2:2b,0.4,19,28,25.13,(19;4),move,45,0,0
gemma2:2b,0.4,19,29,21.65,(19;4),rest,48,0,0
gemma2:2b,0.4,19,30,17.7,(20;4),move,45,0,0
gemma2:2b,0.4,19,31,13.75,(21;4),move,45,0,0
gemma2:2b,0.4,19,32,9.8,(22;4),move,45,0,0
gemma2:2b,0.4,19,33,30.51,(22;4),forage,43,0,0
gemma2:2b,0.4,19,34,17.08,(22;4),attempt_vault,43,0,0
gemma2:2b,0.4,19,35,13.07,(22;4),move,51,0,0
gemma2:2b,0.4,19,36,9.08,(21;3),move,49,0,0
gemma2:2b,0.4,19,37,-4.35,(21;3),attempt_vault,43,0,0
gemma2:2b,0.4,20,1,96.48,(16;16),read_sign,52,5,0
gemma2:2b,0.4,20,2,92.98,(16;16),read_sign,50,5,0
gemma2:2b,0.4,20,3,89.51,(16;16),read_sign,47,5,0
gemma2:2b,0.4,20,4,86.04,(16;16),read_sign,47,5,0
gemma2:2b,0.4,20,5,82.57,(16;16),read_sign,47,5,0
gemma2:2b,0.4,20,6,79.1,(16;16),read_sign,47,5,0
gemma2:2b,0.4,20,7,75.63,(16;16),read_sign,47,5,0
gemma2:2b,0.4,20,8,72.16,(16;16),read_sign,47,5,0
gemma2:2b,0.4,20,9,68.69,(16;16),read_sign,47,5,0
gemma2:2b,0.4,20,10,65.22,(16;16),read_sign,47,5,0
gemma2:2b,0.4,20,11,61.75,(16;16),read_sign,47,5,0
gemma2:2b,0.4,20,12,58.3,(16;16),read_sign,45,5,0
gemma2:2b,0.4,20,13,54.82,(16;16),read_sign,48,5,0
gemma2:2b,0.4,20,14,51.35,(16;16),read_sign,47,5,0
gemma2:2b,0.4,20,15,47.87,(16;16),read_sign,48,5,0
gemma2:2b,0.4,20,16,44.38,(16;16),read_sign,49,5,0
gemma2:2b,0.4,20,17,40.9,(16;16),read_sign,48,5,0
gemma2:2b,0.4,20,18,37.47,(16;16),read_sign,43,5,0
gemma2:2b,0.4,20,19,34.01,(16;16),read_sign,46,5,0
gemma2:2b,0.4,20,20,30.56,(16;16),read_sign,45,5,0
gemma2:2b,0.4,20,21,27.11,(16;16),read_sign,45,5,0
gemma2:2b,0.4,20,22,23.66,(16;16),read_sign,45,5,0
gemma2:2b,0.4,20,23,20.21,(16;16),read_sign,45,5,0
gemma2:2b,0.4,20,24,16.76,(16;16),read_sign,45,5,0
gemma2:2b,0.4,20,25,13.31,(16;16),read_sign,45,5,0
gemma2:2b,0.4,20,26,9.86,(16;16),read_sign,45,5,0
gemma2:2b,0.4,20,27,6.41,(16;16),read_sign,45,5,0
gemma2:2b,0.4,20,28,2.96,(16;16),read_sign,45,5,0
gemma2:2b,0.4,20,29,-0.49,(16;16),read_sign,45,5,0
gemma2:2b,0.4,21,1,96.4,(16;16),rest,60,5,0
gemma2:2b,0.4,21,2,92.8,(16;16),rest,60,5,0
gemma2:2b,0.4,21,3,89.21,(16;16),forage,59,5,0
gemma2:2b,0.4,21,4,85.75,(16;16),rest,46,5,0
gemma2:2b,0.4,21,5,82.27,(16;16),forage,48,5,0
gemma2:2b,0.4,21,6,68.85,(16;16),attempt_vault,42,5,0
gemma2:2b,0.4,21,7,65.42,(16;16),forage,43,5,0
gemma2:2b,0.4,21,8,52.0,(16;16),attempt_vault,42,5,0
gemma2:2b,0.4,21,9,48.57,(16;16),forage,43,5,0
gemma2:2b,0.4,21,10,35.15,(16;16),attempt_vault,42,5,0
gemma2:2b,0.4,21,11,31.72,(16;16),forage,43,5,0
gemma2:2b,0.4,21,12,18.3,(16;16),attempt_vault,42,5,0
gemma2:2b,0.4,21,13,14.87,(16;16),forage,43,5,0
gemma2:2b,0.4,21,14,1.45,(16;16),attempt_vault,42,5,0
gemma2:2b,0.4,21,14,-0.98,(16;16),rest,43,5,0
gemma2:2b,0.4,22,1,96.44,(16;16),read_sign,56,5,0
gemma2:2b,0.4,22,2,92.98,(16;16),read_sign,46,5,0
gemma2:2b,0.4,22,3,89.46,(16;16),read_sign,52,5,0
gemma2:2b,0.4,22,4,85.94,(16;16),read_sign,52,5,0
gemma2:2b,0.4,22,5,82.42,(16;16),read_sign,52,5,0
gemma2:2b,0.4,22,6,78.9,(16;16),read_sign,52,5,0
gemma2:2b,0.4,22,7,75.38,(16;16),read_sign,52,5,0
gemma2:2b,0.4,22,8,71.86,(16;16),read_sign,52,5,0
gemma2:2b,0.4,22,9,68.34,(16;16),read_sign,52,5,0
gemma2:2b,0.4,22,10,64.83,(16;16),read_sign,51,5,0
gemma2:2b,0.4,22,11,61.33,(16;16),read_sign,50,5,0
gemma2:2b,0.4,22,12,57.84,(16;16),read_sign,49,5,0
gemma2:2b,0.4,22,13,54.33,(16;16),read_sign,51,5,0
gemma2:2b,0.4,22,14,50.84,(16;16),read_sign,49,5,0
gemma2:2b,0.4,22,15,47.35,(16;16),read_sign,49,5,0
gemma2:2b,0.4,22,16,43.86,(16;16),read_sign,49,5,0
gemma2:2b,0.4,22,17,40.37,(16;16),read_sign,49,5,0
gemma2:2b,0.4,22,18,36.88,(16;16),read_sign,49,5,0
gemma2:2b,0.4,22,19,33.39,(16;16),read_sign,49,5,0
gemma2:2b,0.4,22,20,29.9,(16;16),read_sign,49,5,0
gemma2:2b,0.4,22,21,26.41,(16;16),read_sign,49,5,0
gemma2:2b,0.4,22,22,22.92,(16;16),read_sign,49,5,0
gemma2:2b,0.4,22,23,19.43,(16;16),read_sign,49,5,0
gemma2:2b,0.4,22,24,15.94,(16;16),read_sign,49,5,0
gemma2:2b,0.4,22,25,12.45,(16;16),read_sign,49,5,0
gemma2:2b,0.4,22,26,8.96,(16;16),read_sign,49,5,0
gemma2:2b,0.4,22,27,5.47,(16;16),read_sign,49,5,0
gemma2:2b,0.4,22,28,1.98,(16;16),read_sign,49,5,0
gemma2:2b,0.4,22,28,-0.51,(16;16),rest,49,5,0
gemma2:2b,0.4,23,1,96.4,(16;16),rest,60,5,0
gemma2:2b,0.4,23,2,92.8,(16;16),rest,60,5,0
gemma2:2b,0.4,23,3,89.2,(16;16),rest,60,5,0
gemma2:2b,0.4,23,4,85.6,(16;16),rest,60,5,0
gemma2:2b,0.4,23,5,72.04,(16;16),attempt_vault,56,5,0
gemma2:2b,0.4,23,6,68.44,(16;16),rest,60,5,0
gemma2:2b,0.4,23,7,64.94,(16;16),forage,50,5,0
gemma2:2b,0.4,23,8,51.48,(16;16),attempt_vault,46,5,0
gemma2:2b,0.4,23,9,48.05,(16;16),forage,43,5,0
gemma2:2b,0.4,23,10,34.61,(16;16),attempt_vault,44,5,0
gemma2:2b,0.4,23,11,30.61,(17;15),move,50,5,0
gemma2:2b,0.4,23,12,27.18,(17;15),forage,43,3,0
gemma2:2b,0.4,23,13,13.74,(17;15),attempt_vault,44,3,0
gemma2:2b,0.4,23,14,9.81,(18;16),move,43,3,0
gemma2:2b,0.4,23,15,-3.63,(18;16),attempt_vault,44,3,0
gemma2:2b,0.4,24,1,95.96,(17;15),move,54,5,0
gemma2:2b,0.4,24,2,89.36,(17;15),write_sign,60,3,1
gemma2:2b,0.4,24,3,85.8,(17;15),forage,56,4,0
gemma2:2b,0.4,24,4,81.76,(18;15),move,54,4,0
gemma2:2b,0.4,24,5,68.2,(18;15),attempt_vault,56,4,0
gemma2:2b,0.4,24,6,64.24,(18;16),move,46,4,0
gemma2:2b,0.4,24,7,60.76,(18;16),forage,48,4,0
gemma2:2b,0.4,24,8,56.8,(17;15),move,46,4,0
gemma2:2b,0.4,24,9,43.33,(17;15),attempt_vault,47,4,0
gemma2:2b,0.4,24,10,39.37,(17;16),move,46,4,0
gemma2:2b,0.4,24,11,35.41,(17;17),move,46,4,0
gemma2:2b,0.4,24,12,31.46,(18;16),move,45,4,0
gemma2:2b,0.4,24,13,27.51,(18;17),move,45,4,0
gemma2:2b,0.4,24,14,23.57,(18;18),move,44,4,0
gemma2:2b,0.4,24,15,19.62,(19;17),move,45,3,0
gemma2:2b,0.4,24,16,15.67,(18;16),move,45,4,0
gemma2:2b,0.4,24,17,11.69,(19;16),move,48,4,0
gemma2:2b,0.4,24,18,7.69,(20;15),move,50,4,0
gemma2:2b,0.4,24,19,3.7,(20;16),move,49,3,0
gemma2:2b,0.4,24,20,0.27,(20;16),forage,43,3,0
gemma2:2b,0.4,24,20,-2.26,(20;16),rest,53,3,0
gemma2:2b,0.4,25,1,96.4,(16;16),rest,60,6,0
gemma2:2b,0.4,25,2,92.81,(16;16),read_sign,59,6,0
gemma2:2b,0.4,25,3,89.32,(16;16),read_sign,49,6,0
gemma2:2b,0.4,25,4,85.83,(16;16),read_sign,49,6,0
gemma2:2b,0.4,25,5,82.34,(16;16),read_sign,49,6,0
gemma2:2b,0.4,25,6,78.85,(16;16),read_sign,49,6,0
gemma2:2b,0.4,25,7,75.36,(16;16),read_sign,49,6,0
gemma2:2b,0.4,25,8,71.87,(16;16),read_sign,49,6,0
gemma2:2b,0.4,25,9,68.38,(16;16),read_sign,49,6,0
gemma2:2b,0.4,25,10,64.89,(16;16),read_sign,49,6,0
gemma2:2b,0.4,25,11,61.4,(16;16),read_sign,49,6,0
gemma2:2b,0.4,25,12,57.91,(16;16),read_sign,49,6,0
gemma2:2b,0.4,25,13,54.42,(16;16),read_sign,49,6,0
gemma2:2b,0.4,25,14,50.93,(16;16),read_sign,49,6,0
gemma2:2b,0.4,25,15,47.44,(16;16),read_sign,49,6,0
gemma2:2b,0.4,25,16,43.95,(16;16),read_sign,49,6,0
gemma2:2b,0.2,1,1,95.94,(17;15),move,56,0,0
gemma2:2b,0.2,1,2,92.49,(17;15),forage,45,0,0
gemma2:2b,0.2,1,3,85.99,(17;15),write_sign,50,0,1
gemma2:2b,0.2,1,4,82.06,(18;14),move,43,1,0
gemma2:2b,0.2,1,5,78.6,(18;14),forage,46,1,0
gemma2:2b,0.2,1,6,74.65,(18;15),move,45,1,0
gemma2:2b,0.2,1,7,70.7,(17;15),move,45,1,0
gemma2:2b,0.2,1,8,67.24,(17;15),forage,46,1,0
gemma2:2b,0.2,1,9,63.29,(17;14),move,45,1,0
gemma2:2b,0.2,1,10,59.34,(17;15),move,45,1,0
gemma2:2b,0.2,1,11,55.39,(17;16),move,45,1,0
gemma2:2b,0.2,1,12,51.44,(17;15),move,45,1,0
gemma2:2b,0.2,1,13,47.49,(17;14),move,45,1,0
gemma2:2b,0.2,1,14,43.54,(17;15),move,45,1,0
gemma2:2b,0.2,1,15,39.59,(17;16),move,45,1,0
gemma2:2b,0.2,1,16,35.64,(17;15),move,45,1,0
gemma2:2b,0.2,1,17,31.69,(17;16),move,45,1,0
gemma2:2b,0.2,1,18,27.74,(17;17),move,45,1,0
gemma2:2b,0.2,1,19,23.79,(17;18),move,45,1,0
gemma2:2b,0.2,1,20,19.84,(17;19),move,45,1,0
gemma2:2b,0.2,1,21,15.89,(17;20),move,45,0,0
gemma2:2b,0.2,1,22,11.94,(17;21),move,45,0,0
gemma2:2b,0.2,1,23,7.99,(18;21),move,45,0,0
gemma2:2b,0.2,1,24,4.04,(19;21),move,45,0,0
gemma2:2b,0.2,1,25,0.09,(19;22),move,45,0,0
gemma2:2b,0.2,1,25,-2.36,(19;22),rest,45,0,0
gemma2:2b,0.2,2,1,96.5,(16;16),read_sign,50,1,0
gemma2:2b,0.2,2,2,92.55,(17;15),move,45,1,0
gemma2:2b,0.2,2,3,89.1,(17;15),read_sign,45,1,0
gemma2:2b,0.2,2,4,82.63,(17;15),write_sign,47,1,1
gemma2:2b,0.2,2,5,78.68,(18;14),move,45,1,0
gemma2:2b,0.2,2,6,74.73,(17;15),move,45,1,0
gemma2:2b,0.2,2,7,71.28,(17;15),read_sign,45,1,0
gemma2:2b,0.2,2,8,64.81,(17;15),write_sign,47,1,1
gemma2:2b,0.2,2,9,60.86,(18;14),move,45,1,0
gemma2:2b,0.2,2,10,56.91,(17;15),move,45,1,0
gemma2:2b,0.2,2,11,53.46,(17;15),read_sign,45,1,0
gemma2:2b,0.2,2,12,46.99,(17;15),write_sign,47,1,1
gemma2:2b,0.2,2,13,43.04,(18;14),move,45,1,0
gemma2:2b,0.2,2,14,39.09,(17;15),move,45,1,0
gemma2:2b,0.2,2,15,35.64,(17;15),read_sign,45,1,0
gemma2:2b,0.2,2,16,31.69,(18;14),move,45,1,0
gemma2:2b,0.2,2,17,27.74,(17;13),move,45,1,0
gemma2:2b,0.2,2,18,23.81,(16;12),move,43,1,0
gemma2:2b,0.2,2,19,19.88,(15;11),move,43,1,0
gemma2:2b,0.2,2,20,15.95,(15;10),move,43,0,0
gemma2:2b,0.2,2,21,28.3,(15;10),forage,44,0,0
gemma2:2b,0.2,2,22,24.35,(16;9),move,45,0,0
gemma2:2b,0.2,2,23,20.42,(15;8),move,43,0,0
gemma2:2b,0.2,2,24,16.49,(15;7),move,43,0,0
gemma2:2b,0.2,2,25,12.56,(15;6),move,43,0,0
gemma2:2b,0.2,2,26,24.16,(15;6),forage,44,0,0
gemma2:2b,0.2,2,27,20.21,(16;5),move,45,0,0
gemma2:2b,0.2,2,28,13.78,(16;5),write_sign,43,0,1
gemma2:2b,0.2,2,29,9.83,(17;4),move,45,1,0
gemma2:2b,0.2,2,30,5.9,(18;3),move,43,1,0
gemma2:2b,0.2,2,31,1.97,(18;3),move,43,1,0
gemma2:2b,0.2,2,31,-0.46,(18;3),rest,43,1,0
gemma2:2b,0.2,3,1,93.39,(16;16),write_sign,61,1,1
gemma2:2b,0.2,3,2,89.33,(16;17),move,56,2,0
gemma2:2b,0.2,3,3,85.27,(16;16),move,56,2,0
gemma2:2b,0.2,3,4,78.65,(16;16),write_sign,62,2,1
gemma2:2b,0.2,3,5,74.63,(17;16),move,52,2,0
gemma2:2b,0.2,3,6,70.61,(16;16),move,52,2,0
gemma2:2b,0.2,3,7,64.03,(16;16),write_sign,58,2,1
gemma2:2b,0.2,3,8,60.01,(16;17),move,52,2,0
gemma2:2b,0.2,3,9,55.99,(16;18),move,52,2,0
gemma2:2b,0.2,3,10,51.98,(16;19),move,51,2,0
gemma2:2b,0.2,3,11,47.9,(16;20),move,58,1,0
gemma2:2b,0.2,3,12,43.82,(16;21),move,58,0,0
gemma2:2b,0.2,3,13,39.74,(16;22),move,58,0,0
gemma2:2b,0.2,3,14,35.66,(16;23),move,58,0,0
gemma2:2b,0.2,3,15,31.58,(16;23),move,58,0,0
gemma2:2b,0.2,3,16,27.59,(16;23),move,49,0,0
gemma2:2b,0.2,3,17,23.6,(16;23),move,49,0,0
gemma2:2b,0.2,3,18,19.61,(16;23),move,49,0,0
gemma2:2b,0.2,3,19,15.62,(16;23),move,49,0,0
gemma2:2b,0.2,3,20,11.63,(16;23),move,49,0,0
gemma2:2b,0.2,3,21,7.64,(16;23),move,49,0,0
gemma2:2b,0.2,3,22,3.65,(16;23),move,49,0,0
gemma2:2b,0.2,3,23,-0.34,(16;23),move,49,0,0
gemma2:2b,0.2,4,1,95.97,(17;15),move,53,2,0
gemma2:2b,0.2,4,2,89.45,(17;15),write_sign,52,2,1
gemma2:2b,0.2,4,3,86.04,(17;15),rest,41,2,0
gemma2:2b,0.2,4,4,79.59,(17;15),write_sign,45,2,1
gemma2:2b,0.2,4,5,76.21,(17;15),rest,38,2,0
gemma2:2b,0.2,4,6,72.31,(17;16),move,40,2,0
gemma2:2b,0.2,4,7,65.86,(17;16),write_sign,45,2,1
gemma2:2b,0.2,4,8,62.48,(17;16),rest,38,3,0
gemma2:2b,0.2,4,9,58.58,(18;16),move,40,3,0
gemma2:2b,0.2,4,10,52.13,(18;16),write_sign,45,3,1
gemma2:2b,0.2,4,11,48.75,(18;16),rest,38,4,0
gemma2:2b,0.2,4,12,44.85,(17;16),move,40,4,0
gemma2:2b,0.2,4,13,38.4,(17;16),write_sign,45,4,1
gemma2:2b,0.2,4,14,35.02,(17;16),rest,38,4,0
gemma2:2b,0.2,4,15,31.12,(17;15),move,40,4,0
gemma2:2b,0.2,4,16,24.67,(17;15),write_sign,45,4,1
gemma2:2b,0.2,4,17,20.77,(17;16),move,40,4,0
gemma2:2b,0.2,4,18,14.32,(17;16),write_sign,45,4,1
gemma2:2b,0.2,4,19,10.42,(18;16),move,40,4,0
gemma2:2b,0.2,4,20,3.97,(18;16),write_sign,45,4,1
gemma2:2b,0.2,4,21,0.07,(18;17),move,40,4,0
gemma2:2b,0.2,4,21,-2.33,(18;17),rest,40,4,0
gemma2:2b,0.2,5,1,96.37,(16;16),read_sign,63,4,0
gemma2:2b,0.2,5,2,92.77,(16;16),read_sign,60,4,0
gemma2:2b,0.2,5,3,88.73,(17;15),move,54,4,0
gemma2:2b,0.2,5,4,84.69,(16;16),move,54,4,0
gemma2:2b,0.2,5,5,80.65,(17;15),move,54,4,0
gemma2:2b,0.2,5,6,76.61,(18;14),move,54,4,0
gemma2:2b,0.2,5,7,72.57,(19;13),move,54,4,0
gemma2:2b,0.2,5,8,68.53,(20;12),move,54,4,0
gemma2:2b,0.2,5,9,64.49,(20;12),move,54,1,0
gemma2:2b,0.2,5,10,60.45,(20;13),move,54,1,0
gemma2:2b,0.2,5,11,56.41,(20;14),move,54,3,0
gemma2:2b,0.2,5,12,52.37,(20;15),move,54,3,0
gemma2:2b,0.2,5,13,48.33,(20;16),move,54,3,0
gemma2:2b,0.2,5,14,44.29,(19;15),move,54,3,0
gemma2:2b,0.2,5,15,40.25,(18;14),move,54,4,0
gemma2:2b,0.2,5,16,36.21,(17;13),move,54,4,0
gemma2:2b,0.2,5,17,32.17,(16;12),move,54,4,0
gemma2:2b,0.2,5,18,28.13,(15;11),move,54,1,0
gemma2:2b,0.2,5,19,24.09,(15;11),move,54,0,0
gemma2:2b,0.2,5,20,20.09,(15;12),move,50,0,0
gemma2:2b,0.2,5,21,16.05,(15;13),move,54,1,0
gemma2:2b,0.2,5,22,12.01,(15;14),move,54,4,0
gemma2:2b,0.2,5,23,7.97,(15;15),move,54,4,0
gemma2:2b,0.2,5,24,3.93,(15;16),move,54,4,0
gemma2:2b,0.2,5,25,-0.11,(15;17),move,54,4,0
gemma2:2b,0.2,6,1,96.24,(16;16),forage,76,4,0
gemma2:2b,0.2,6,2,82.63,(16;16),attempt_vault,61,4,0
gemma2:2b,0.2,6,3,79.16,(16;16),forage,47,4,0
gemma2:2b,0.2,6,4,65.59,(16;16),attempt_vault,57,4,0
gemma2:2b,0.2,6,5,52.02,(16;16),attempt_vault,57,4,0
gemma2:2b,0.2,6,6,38.45,(16;16),attempt_vault,57,4,0
gemma2:2b,0.2,6,7,24.88,(16;16),attempt_vault,57,4,0
gemma2:2b,0.2,6,8,11.31,(16;16),attempt_vault,57,4,0
gemma2:2b,0.2,6,9,7.75,(16;16),forage,56,4,0
gemma2:2b,0.2,6,10,4.19,(16;16),forage,56,4,0
gemma2:2b,0.2,6,11,0.63,(16;16),forage,56,4,0
gemma2:2b,0.2,6,11,-1.93,(16;16),rest,56,4,0
gemma2:2b,0.2,7,1,95.57,(17;15),move,93,4,0
gemma2:2b,0.2,7,2,91.94,(17;15),read_sign,63,4,0
gemma2:2b,0.2,7,3,88.44,(17;15),read_sign,50,4,0
gemma2:2b,0.2,7,4,84.94,(17;15),read_sign,50,4,0
gemma2:2b,0.2,7,5,81.44,(17;15),read_sign,50,4,0
gemma2:2b,0.2,7,6,77.94,(17;15),read_sign,50,4,0
gemma2:2b,0.2,7,7,74.44,(17;15),read_sign,50,4,0
gemma2:2b,0.2,7,8,70.94,(17;15),read_sign,50,4,0
gemma2:2b,0.2,7,9,67.44,(17;15),read_sign,50,4,0
gemma2:2b,0.2,7,10,63.94,(17;15),read_sign,50,4,0
gemma2:2b,0.2,7,11,60.44,(17;15),read_sign,50,4,0
gemma2:2b,0.2,7,12,56.94,(17;15),read_sign,50,4,0
gemma2:2b,0.2,7,13,53.44,(17;15),read_sign,50,4,0
gemma2:2b,0.2,7,14,49.94,(17;15),read_sign,50,4,0
gemma2:2b,0.2,7,15,46.44,(17;15),read_sign,50,4,0
gemma2:2b,0.2,7,16,42.94,(17;15),read_sign,50,4,0
gemma2:2b,0.2,7,17,39.44,(17;15),read_sign,50,4,0
gemma2:2b,0.2,7,18,35.94,(17;15),read_sign,50,4,0
gemma2:2b,0.2,7,19,32.44,(17;15),read_sign,50,4,0
gemma2:2b,0.2,7,20,28.94,(17;15),read_sign,50,4,0
gemma2:2b,0.2,7,21,25.44,(17;15),read_sign,50,4,0
gemma2:2b,0.2,7,22,21.94,(17;15),read_sign,50,4,0
gemma2:2b,0.2,7,23,18.44,(17;15),read_sign,50,4,0
gemma2:2b,0.2,7,24,14.94,(17;15),read_sign,50,4,0
gemma2:2b,0.2,7,25,11.44,(17;15),read_sign,50,4,0
gemma2:2b,0.2,7,26,7.94,(17;15),read_sign,50,4,0
gemma2:2b,0.2,7,27,4.44,(17;15),read_sign,50,4,0
gemma2:2b,0.2,7,28,0.94,(17;15),read_sign,50,4,0
gemma2:2b,0.2,7,28,-1.6,(17;15),rest,54,4,0
gemma2:2b,0.2,8,1,96.38,(16;16),forage,62,4,0
gemma2:2b,0.2,8,2,82.68,(16;16),attempt_vault,70,4,0
gemma2:2b,0.2,8,3,79.17,(16;16),forage,51,4,0
gemma2:2b,0.2,8,4,75.67,(16;16),forage,50,4,0
gemma2:2b,0.2,8,5,72.17,(16;16),forage,50,4,0
gemma2:2b,0.2,8,6,68.67,(16;16),forage,50,4,0
gemma2:2b,0.2,8,7,65.17,(16;16),forage,50,4,0
gemma2:2b,0.2,8,8,61.67,(16;16),forage,50,4,0
gemma2:2b,0.2,8,9,58.17,(16;16),forage,50,4,0
gemma2:2b,0.2,8,10,54.67,(16;16),forage,50,4,0
gemma2:2b,0.2,8,11,51.17,(16;16),forage,50,4,0
gemma2:2b,0.2,8,12,47.67,(16;16),forage,50,4,0
gemma2:2b,0.2,8,13,44.17,(16;16),forage,50,4,0
gemma2:2b,0.2,8,14,40.67,(16;16),forage,50,4,0
gemma2:2b,0.2,8,15,37.17,(16;16),forage,50,4,0
gemma2:2b,0.2,8,16,33.67,(16;16),forage,50,4,0
gemma2:2b,0.2,8,17,30.17,(16;16),forage,50,4,0
gemma2:2b,0.2,8,18,26.67,(16;16),forage,50,4,0
gemma2:2b,0.2,8,19,23.17,(16;16),forage,50,4,0
gemma2:2b,0.2,8,20,19.67,(16;16),forage,50,4,0
gemma2:2b,0.2,8,21,16.17,(16;16),forage,50,4,0
gemma2:2b,0.2,8,22,12.67,(16;16),forage,50,4,0
gemma2:2b,0.2,8,23,9.17,(16;16),forage,50,4,0
gemma2:2b,0.2,8,24,5.67,(16;16),forage,50,4,0
gemma2:2b,0.2,8,25,2.17,(16;16),forage,50,4,0
gemma2:2b,0.2,8,25,-0.33,(16;16),rest,50,4,0
gemma2:2b,0.2,9,1,96.38,(16;16),forage,62,4,0
gemma2:2b,0.2,9,2,82.83,(16;16),attempt_vault,55,4,0
gemma2:2b,0.2,9,3,79.26,(16;16),forage,57,4,0
gemma2:2b,0.2,9,4,65.71,(16;16),attempt_vault,55,4,0
gemma2:2b,0.2,9,5,62.14,(16;16),forage,57,4,0
gemma2:2b,0.2,9,6,48.59,(16;16),attempt_vault,55,4,0
gemma2:2b,0.2,9,7,45.02,(16;16),forage,57,4,0
gemma2:2b,0.2,9,8,31.47,(16;16),attempt_vault,55,4,0
gemma2:2b,0.2,9,9,27.9,(16;16),forage,57,4,0
gemma2:2b,0.2,9,10,14.35,(16;16),attempt_vault,55,4,0
gemma2:2b,0.2,9,11,10.78,(16;16),forage,57,4,0
gemma2:2b,0.2,9,12,-2.77,(16;16),attempt_vault,55,4,0
gemma2:2b,0.2,10,1,96.42,(16;16),forage,58,4,0
gemma2:2b,0.2,10,2,92.39,(17;15),move,53,4,0
gemma2:2b,0.2,10,3,88.36,(17;16),move,53,4,0
gemma2:2b,0.2,10,4,84.33,(16;16),move,53,4,0
gemma2:2b,0.2,10,5,80.3,(17;15),move,53,4,0
gemma2:2b,0.2,10,6,76.27,(17;16),move,53,4,0
gemma2:2b,0.2,10,7,72.24,(18;16),move,53,4,0
gemma2:2b,0.2,10,8,68.21,(17;16),move,53,4,0
gemma2:2b,0.2,10,9,64.18,(17;17),move,53,4,0
gemma2:2b,0.2,10,10,60.78,(17;17),forage,40,4,0
gemma2:2b,0.2,10,11,56.84,(17;18),move,44,4,0
gemma2:2b,0.2,10,12,52.9,(17;19),move,44,4,0
gemma2:2b,0.2,10,13,48.96,(17;20),move,44,3,0
gemma2:2b,0.2,10,14,45.02,(16;20),move,44,0,0
gemma2:2b,0.2,10,15,57.32,(16;20),forage,45,0,0
gemma2:2b,0.2,10,16,53.38,(16;21),move,44,0,0
gemma2:2b,0.2,10,17,49.44,(17;21),move,44,0,0
gemma2:2b,0.2,10,18,45.5,(17;22),move,44,0,0
gemma2:2b,0.2,10,19,41.56,(17;21),move,44,0,0
gemma2:2b,0.2,10,20,37.62,(18;21),move,44,0,0
gemma2:2b,0.2,10,21,33.68,(18;22),move,44,0,0
gemma2:2b,0.2,10,22,29.74,(17;21),move,44,0,0
gemma2:2b,0.2,10,23,25.8,(18;21),move,44,0,0
gemma2:2b,0.2,10,24,21.86,(18;22),move,44,0,0
gemma2:2b,0.2,10,25,17.92,(19;21),move,44,0,0
gemma2:2b,0.2,10,26,39.42,(19;21),forage,45,0,0
gemma2:2b,0.2,10,27,35.48,(19;22),move,44,0,0
gemma2:2b,0.2,10,28,31.54,(18;22),move,44,0,0
gemma2:2b,0.2,10,29,27.6,(17;21),move,44,0,0
gemma2:2b,0.2,10,30,23.66,(17;22),move,44,0,0
gemma2:2b,0.2,10,31,17.25,(17;22),write_sign,41,0,1
gemma2:2b,0.2,10,32,13.31,(18;21),move,44,0,0
gemma2:2b,0.2,10,33,9.35,(18;21),move,46,0,0
gemma2:2b,0.2,10,34,5.33,(18;22),move,52,0,0
gemma2:2b,0.2,10,35,1.39,(17;22),move,44,0,0
gemma2:2b,0.2,10,35,-0.98,(17;22),rest,37,0,0
gemma2:2b,0.2,11,1,96.26,(16;16),read_sign,74,4,0
gemma2:2b,0.2,11,2,92.53,(16;16),read_sign,73,4,0
gemma2:2b,0.2,11,3,88.98,(16;16),read_sign,55,4,0
gemma2:2b,0.2,11,4,85.48,(16;16),read_sign,50,4,0
gemma2:2b,0.2,11,5,81.98,(16;16),read_sign,50,4,0
gemma2:2b,0.2,11,6,78.48,(16;16),read_sign,50,4,0
gemma2:2b,0.2,11,7,74.98,(16;16),read_sign,50,4,0
gemma2:2b,0.2,11,8,71.48,(16;16),read_sign,50,4,0
gemma2:2b,0.2,11,9,67.98,(16;16),read_sign,50,4,0
gemma2:2b,0.2,11,10,64.48,(16;16),read_sign,50,4,0
gemma2:2b,0.2,11,11,60.98,(16;16),read_sign,50,4,0
gemma2:2b,0.2,11,12,57.48,(16;16),read_sign,50,4,0
gemma2:2b,0.2,11,13,53.98,(16;16),read_sign,50,4,0
gemma2:2b,0.2,11,14,50.48,(16;16),read_sign,50,4,0
gemma2:2b,0.2,11,15,46.98,(16;16),read_sign,50,4,0
gemma2:2b,0.2,11,16,43.48,(16;16),read_sign,50,4,0
gemma2:2b,0.2,11,17,39.98,(16;16),read_sign,50,4,0
gemma2:2b,0.2,11,18,36.48,(16;16),read_sign,50,4,0
gemma2:2b,0.2,11,19,32.98,(16;16),read_sign,50,4,0
gemma2:2b,0.2,11,20,29.48,(16;16),read_sign,50,4,0
gemma2:2b,0.2,11,21,25.98,(16;16),read_sign,50,4,0
gemma2:2b,0.2,11,22,22.48,(16;16),read_sign,50,4,0
gemma2:2b,0.2,11,23,18.98,(16;16),read_sign,50,4,0
gemma2:2b,0.2,11,24,15.48,(16;16),read_sign,50,4,0
gemma2:2b,0.2,11,25,11.98,(16;16),read_sign,50,4,0
gemma2:2b,0.2,11,26,8.48,(16;16),read_sign,50,4,0
gemma2:2b,0.2,11,27,4.98,(16;16),read_sign,50,4,0
gemma2:2b,0.2,11,28,1.48,(16;16),read_sign,50,4,0
gemma2:2b,0.2,11,28,-1.02,(16;16),rest,50,4,0
gemma2:2b,0.2,12,1,96.4,(16;16),rest,60,4,0
gemma2:2b,0.2,12,2,92.82,(16;16),forage,58,4,0
gemma2:2b,0.2,12,3,88.77,(17;16),move,55,4,0
gemma2:2b,0.2,12,4,85.17,(17;16),rest,60,4,0
gemma2:2b,0.2,12,5,81.12,(18;16),move,55,4,0
gemma2:2b,0.2,12,6,77.07,(17;16),move,55,4,0
gemma2:2b,0.2,12,7,73.02,(17;17),move,55,4,0
gemma2:2b,0.2,12,8,68.97,(17;18),move,55,4,0
gemma2:2b,0.2,12,9,64.92,(17;19),move,55,4,0
gemma2:2b,0.2,12,10,60.87,(17;20),move,55,3,0
gemma2:2b,0.2,12,11,56.82,(17;21),move,55,0,0
gemma2:2b,0.2,12,12,52.77,(17;22),move,55,0,0
gemma2:2b,0.2,12,13,46.31,(17;22),write_sign,46,0,1
gemma2:2b,0.2,12,14,42.41,(17;22),move,40,0,0
gemma2:2b,0.2,12,15,38.81,(17;22),rest,60,0,0
gemma2:2b,0.2,12,16,34.76,(17;23),move,55,0,0
gemma2:2b,0.2,12,17,30.71,(17;22),move,55,0,0
gemma2:2b,0.2,12,18,26.66,(17;23),move,55,0,0
gemma2:2b,0.2,12,19,22.61,(17;24),move,55,0,0
gemma2:2b,0.2,12,20,18.56,(17;24),move,55,0,0
gemma2:2b,0.2,12,21,14.5,(17;23),move,56,0,0
gemma2:2b,0.2,12,22,10.45,(17;22),move,55,0,0
gemma2:2b,0.2,12,23,24.07,(17;22),forage,44,0,0
gemma2:2b,0.2,12,24,20.58,(17;22),read_sign,49,1,0
gemma2:2b,0.2,12,25,17.11,(17;22),rest,47,1,0
gemma2:2b,0.2,12,26,13.14,(18;21),move,47,1,0
gemma2:2b,0.2,12,27,9.65,(18;21),read_sign,49,1,0
gemma2:2b,0.2,12,28,5.69,(18;22),move,46,1,0
gemma2:2b,0.2,12,29,2.2,(18;22),read_sign,49,1,0
gemma2:2b,0.2,12,29,-0.26,(18;22),rest,46,1,0
gemma2:2b,0.2,13,1,96.44,(16;16),read_sign,56,4,0
gemma2:2b,0.2,13,2,92.93,(16;16),read_sign,51,4,0
gemma2:2b,0.2,13,3,89.42,(16;16),read_sign,51,4,0
gemma2:2b,0.2,13,4,85.91,(16;16),read_sign,51,4,0
gemma2:2b,0.2,13,5,82.4,(16;16),read_sign,51,4,0
gemma2:2b,0.2,13,6,78.89,(16;16),read_sign,51,4,0
gemma2:2b,0.2,13,7,75.38,(16;16),read_sign,51,4,0
gemma2:2b,0.2,13,8,71.87,(16;16),read_sign,51,4,0
gemma2:2b,0.2,13,9,68.36,(16;16),read_sign,51,4,0
gemma2:2b,0.2,13,10,64.85,(16;16),read_sign,51,4,0
gemma2:2b,0.2,13,11,61.34,(16;16),read_sign,51,4,0
gemma2:2b,0.2,13,12,57.83,(16;16),read_sign,51,4,0
gemma2:2b,0.2,13,13,54.32,(16;16),read_sign,51,4,0
gemma2:2b,0.2,13,14,50.81,(16;16),read_sign,51,4,0
gemma2:2b,0.2,13,15,47.3,(16;16),read_sign,51,4,0
gemma2:2b,0.2,13,16,43.79,(16;16),read_sign,51,4,0
gemma2:2b,0.2,13,17,40.28,(16;16),read_sign,51,4,0
gemma2:2b,0.2,13,18,36.77,(16;16),read_sign,51,4,0
gemma2:2b,0.2,13,19,33.26,(16;16),read_sign,51,4,0
gemma2:2b,0.2,13,20,29.75,(16;16),read_sign,51,4,0
gemma2:2b,0.2,13,21,26.24,(16;16),read_sign,51,4,0
gemma2:2b,0.2,13,22,22.73,(16;16),read_sign,51,4,0
gemma2:2b,0.2,13,23,19.22,(16;16),read_sign,51,4,0
gemma2:2b,0.2,13,24,15.71,(16;16),read_sign,51,4,0
gemma2:2b,0.2,13,25,12.2,(16;16),read_sign,51,4,0
gemma2:2b,0.2,13,26,8.69,(16;16),read_sign,51,4,0
gemma2:2b,0.2,13,27,5.18,(16;16),read_sign,51,4,0
gemma2:2b,0.2,13,28,1.67,(16;16),read_sign,51,4,0
gemma2:2b,0.2,13,28,-0.84,(16;16),rest,51,4,0
gemma2:2b,0.2,14,1,96.52,(16;16),forage,48,4,0
gemma2:2b,0.2,14,2,92.55,(16;17),move,47,4,0
gemma2:2b,0.2,14,3,88.58,(17;17),move,47,4,0
gemma2:2b,0.2,14,4,84.61,(18;16),move,47,4,0
gemma2:2b,0.2,14,5,80.64,(17;16),move,47,4,0
gemma2:2b,0.2,14,6,76.67,(17;17),move,47,4,0
gemma2:2b,0.2,14,7,72.7,(16;16),move,47,4,0
gemma2:2b,0.2,14,8,68.73,(17;16),move,47,4,0
gemma2:2b,0.2,14,9,64.76,(17;17),move,47,4,0
gemma2:2b,0.2,14,10,60.79,(18;16),move,47,4,0
gemma2:2b,0.2,14,11,56.82,(17;16),move,47,4,0
gemma2:2b,0.2,14,12,52.85,(17;17),move,47,4,0
gemma2:2b,0.2,14,13,48.88,(18;17),move,47,4,0
gemma2:2b,0.2,14,14,44.91,(19;16),move,47,4,0
gemma2:2b,0.2,14,15,41.52,(19;16),forage,39,4,0
gemma2:2b,0.2,14,16,28.11,(19;16),attempt_vault,41,4,0
gemma2:2b,0.2,14,17,24.18,(18;15),move,43,4,0
gemma2:2b,0.2,14,18,17.77,(18;15),write_sign,41,4,1
gemma2:2b,0.2,14,19,13.84,(18;16),move,43,5,0
gemma2:2b,0.2,14,20,7.43,(18;16),write_sign,41,5,1
gemma2:2b,0.2,14,21,3.5,(18;17),move,43,5,0
gemma2:2b,0.2,14,22,-2.91,(18;17),write_sign,41,5,1
gemma2:2b,0.2,15,1,96.51,(16;16),forage,49,6,0
gemma2:2b,0.2,15,2,90.02,(16;16),write_sign,49,6,1
gemma2:2b,0.2,15,3,86.53,(16;16),forage,49,6,0
gemma2:2b,0.2,15,4,80.04,(16;16),write_sign,49,6,1
gemma2:2b,0.2,15,5,76.6,(16;16),forage,44,6,0
gemma2:2b,0.2,15,6,70.11,(16;16),write_sign,49,6,1
gemma2:2b,0.2,15,7,66.17,(16;15),move,44,6,0
gemma2:2b,0.2,15,8,59.68,(16;15),write_sign,49,6,1
gemma2:2b,0.2,15,9,55.79,(16;16),move,39,7,0
gemma2:2b,0.2,15,10,51.9,(16;17),move,39,7,0
gemma2:2b,0.2,15,11,48.01,(16;18),move,39,7,0
gemma2:2b,0.2,15,12,44.12,(16;19),move,39,7,0
gemma2:2b,0.2,15,13,40.23,(16;20),move,39,5,0
gemma2:2b,0.2,15,14,36.34,(16;21),move,39,2,0
gemma2:2b,0.2,15,15,32.45,(16;22),move,39,1,0
gemma2:2b,0.2,15,16,28.56,(17;22),move,39,1,0
gemma2:2b,0.2,15,17,24.67,(17;21),move,39,1,0
gemma2:2b,0.2,15,18,20.78,(17;22),move,39,1,0
gemma2:2b,0.2,15,19,16.89,(16;22),move,39,1,0
gemma2:2b,0.2,15,20,13.0,(17;21),move,39,1,0
gemma2:2b,0.2,15,21,9.11,(16;20),move,39,1,0
gemma2:2b,0.2,15,22,5.22,(16;19),move,39,2,0
gemma2:2b,0.2,15,23,1.33,(16;18),move,39,5,0
gemma2:2b,0.2,15,23,-1.06,(16;18),rest,39,7,0
gemma2:2b,0.2,16,1,93.41,(16;16),write_sign,59,7,1
gemma2:2b,0.2,16,2,86.83,(16;16),write_sign,58,7,1
gemma2:2b,0.2,16,3,80.25,(16;16),write_sign,58,7,1
gemma2:2b,0.2,16,4,73.67,(16;16),write_sign,58,7,1
gemma2:2b,0.2,16,5,67.09,(16;16),write_sign,58,7,1
gemma2:2b,0.2,16,6,60.51,(16;16),write_sign,58,7,1
gemma2:2b,0.2,16,7,53.93,(16;16),write_sign,58,7,1
gemma2:2b,0.2,16,8,47.35,(16;16),write_sign,58,7,1
gemma2:2b,0.2,16,9,40.77,(16;16),write_sign,58,7,1
gemma2:2b,0.2,16,10,34.19,(16;16),write_sign,58,7,1
gemma2:2b,0.2,16,11,27.61,(16;16),write_sign,58,7,1
gemma2:2b,0.2,16,12,21.03,(16;16),write_sign,58,7,1
gemma2:2b,0.2,16,13,14.45,(16;16),write_sign,58,7,1
gemma2:2b,0.2,16,14,7.87,(16;16),write_sign,58,7,1
gemma2:2b,0.2,16,15,1.29,(16;16),write_sign,58,7,1
gemma2:2b,0.2,16,15,-1.29,(16;16),rest,58,7,0
gemma2:2b,0.2,17,1,93.48,(16;16),write_sign,52,7,1
gemma2:2b,0.2,17,2,89.57,(17;15),move,41,7,0
gemma2:2b,0.2,17,3,85.66,(17;16),move,41,7,0
gemma2:2b,0.2,17,4,81.75,(16;15),move,41,7,0
gemma2:2b,0.2,17,5,77.84,(17;15),move,41,7,0
gemma2:2b,0.2,17,6,73.93,(17;16),move,41,7,0
gemma2:2b,0.2,17,7,70.02,(17;17),move,41,7,0
gemma2:2b,0.2,17,8,66.11,(17;18),move,41,7,0
gemma2:2b,0.2,17,9,62.2,(17;19),move,41,7,0
gemma2:2b,0.2,17,10,58.29,(17;20),move,41,5,0
gemma2:2b,0.2,17,11,44.96,(17;20),attempt_vault,33,2,0
gemma2:2b,0.2,17,12,31.63,(17;20),attempt_vault,33,2,0
gemma2:2b,0.2,17,13,18.3,(17;20),attempt_vault,33,2,0
gemma2:2b,0.2,17,14,4.97,(17;20),attempt_vault,33,2,0
gemma2:2b,0.2,17,15,-8.36,(17;20),attempt_vault,33,2,0
gemma2:2b,0.2,18,1,96.01,(17;15),move,49,7,0
gemma2:2b,0.2,18,2,92.03,(17;16),move,48,7,0
gemma2:2b,0.2,18,3,88.05,(16;16),move,48,7,0
gemma2:2b,0.2,18,4,84.07,(17;16),move,48,7,0
gemma2:2b,0.2,18,5,80.09,(17;17),move,48,7,0
gemma2:2b,0.2,18,6,76.11,(17;16),move,48,7,0
gemma2:2b,0.2,18,7,72.13,(17;17),move,48,7,0
gemma2:2b,0.2,18,8,68.15,(17;18),move,48,7,0
gemma2:2b,0.2,18,9,64.17,(17;19),move,48,7,0
gemma2:2b,0.2,18,10,60.19,(17;20),move,48,5,0
gemma2:2b,0.2,18,11,46.78,(17;20),attempt_vault,41,2,0
gemma2:2b,0.2,18,12,42.8,(17;21),move,48,2,0
gemma2:2b,0.2,18,13,29.39,(17;21),attempt_vault,41,1,0
gemma2:2b,0.2,18,14,25.41,(17;22),move,48,1,0
gemma2:2b,0.2,18,15,12.0,(17;22),attempt_vault,41,1,0
gemma2:2b,0.2,18,16,8.52,(17;22),forage,48,1,0
gemma2:2b,0.2,18,17,5.04,(17;22),forage,48,1,0
gemma2:2b,0.2,18,18,1.56,(17;22),forage,48,1,0
gemma2:2b,0.2,18,18,-0.92,(17;22),rest,48,1,0
gemma2:2b,0.2,19,1,96.4,(16;16),read_sign,60,7,0
gemma2:2b,0.2,19,2,92.93,(16;16),read_sign,47,7,0
gemma2:2b,0.2,19,3,88.97,(16;17),move,46,7,0
gemma2:2b,0.2,19,4,85.05,(16;18),move,42,7,0
gemma2:2b,0.2,19,5,81.13,(16;19),move,42,7,0
gemma2:2b,0.2,19,6,77.21,(16;20),move,42,5,0
gemma2:2b,0.2,19,7,73.29,(16;21),move,42,2,0
gemma2:2b,0.2,19,8,69.37,(16;22),move,42,1,0
gemma2:2b,0.2,19,9,65.45,(17;22),move,42,1,0
gemma2:2b,0.2,19,10,61.53,(17;23),move,42,1,0
gemma2:2b,0.2,19,11,57.61,(16;23),move,42,1,0
gemma2:2b,0.2,19,12,70.5,(16;23),forage,34,1,0
gemma2:2b,0.2,19,13,66.6,(17;22),move,40,1,0
gemma2:2b,0.2,19,14,62.7,(18;21),move,40,1,0
gemma2:2b,0.2,19,15,58.78,(17;22),move,42,1,0
gemma2:2b,0.2,19,16,54.88,(16;21),move,40,1,0
gemma2:2b,0.2,19,17,50.98,(17;22),move,40,1,0
gemma2:2b,0.2,19,18,47.08,(18;21),move,40,1,0
gemma2:2b,0.2,19,19,43.16,(17;20),move,42,1,0
gemma2:2b,0.2,19,20,39.26,(18;19),move,40,2,0
gemma2:2b,0.2,19,21,35.36,(17;18),move,40,5,0
gemma2:2b,0.2,19,22,31.44,(16;17),move,42,7,0
gemma2:2b,0.2,19,23,27.52,(17;16),move,42,7,0
gemma2:2b,0.2,19,24,23.62,(17;17),move,40,7,0
gemma2:2b,0.2,19,25,19.7,(17;18),move,42,7,0
gemma2:2b,0.2,19,26,15.78,(17;19),move,42,7,0
gemma2:2b,0.2,19,27,11.86,(16;19),move,42,5,0
gemma2:2b,0.2,19,28,7.94,(15;19),move,42,5,0
gemma2:2b,0.2,19,29,4.02,(14;19),move,42,5,0
gemma2:2b,0.2,19,30,20.99,(14;19),forage,40,3,0
gemma2:2b,0.2,19,31,17.09,(15;18),move,40,3,0
gemma2:2b,0.2,19,32,13.17,(16;17),move,42,7,0
gemma2:2b,0.2,19,33,9.25,(17;17),move,42,7,0
gemma2:2b,0.2,19,34,5.33,(16;16),move,42,7,0
gemma2:2b,0.2,19,35,1.41,(16;17),move,42,7,0
gemma2:2b,0.2,19,35,-1.01,(16;17),rest,42,7,0
gemma2:2b,0.2,20,1,96.4,(16;16),rest,60,7,0
gemma2:2b,0.2,20,2,92.84,(16;16),read_sign,56,7,0
gemma2:2b,0.2,20,3,89.4,(16;16),read_sign,44,7,0
gemma2:2b,0.2,20,4,85.96,(16;16),read_sign,44,7,0
gemma2:2b,0.2,20,5,82.52,(16;16),read_sign,44,7,0
gemma2:2b,0.2,20,6,79.08,(16;16),read_sign,44,7,0
gemma2:2b,0.2,20,7,75.64,(16;16),read_sign,44,7,0
gemma2:2b,0.2,20,8,72.2,(16;16),read_sign,44,7,0
gemma2:2b,0.2,20,9,68.76,(16;16),read_sign,44,7,0
gemma2:2b,0.2,20,10,65.32,(16;16),read_sign,44,7,0
gemma2:2b,0.2,20,11,61.88,(16;16),read_sign,44,7,0
gemma2:2b,0.2,20,12,58.44,(16;16),read_sign,44,7,0
gemma2:2b,0.2,20,13,55.0,(16;16),read_sign,44,7,0
gemma2:2b,0.2,20,14,51.56,(16;16),read_sign,44,7,0
gemma2:2b,0.2,20,15,48.12,(16;16),read_sign,44,7,0
gemma2:2b,0.2,20,16,44.68,(16;16),read_sign,44,7,0
gemma2:2b,0.2,20,17,41.24,(16;16),read_sign,44,7,0
gemma2:2b,0.2,20,18,37.8,(16;16),read_sign,44,7,0
gemma2:2b,0.2,20,19,34.36,(16;16),read_sign,44,7,0
gemma2:2b,0.2,20,20,30.92,(16;16),read_sign,44,7,0
gemma2:2b,0.2,20,21,27.48,(16;16),read_sign,44,7,0
gemma2:2b,0.2,20,22,24.04,(16;16),read_sign,44,7,0
gemma2:2b,0.2,20,23,20.6,(16;16),read_sign,44,7,0
gemma2:2b,0.2,20,24,17.16,(16;16),read_sign,44,7,0
gemma2:2b,0.2,20,25,13.72,(16;16),read_sign,44,7,0
gemma2:2b,0.2,20,26,10.28,(16;16),read_sign,44,7,0
gemma2:2b,0.2,20,27,6.84,(16;16),read_sign,44,7,0
gemma2:2b,0.2,20,28,3.4,(16;16),read_sign,44,7,0
gemma2:2b,0.2,20,29,-0.04,(16;16),read_sign,44,7,0
gemma2:2b,0.2,21,1,96.42,(16;16),rest,58,7,0
gemma2:2b,0.2,21,2,92.95,(16;16),rest,47,7,0
gemma2:2b,0.2,21,3,89.49,(16;16),forage,46,7,0
gemma2:2b,0.2,21,4,76.07,(16;16),attempt_vault,42,7,0
gemma2:2b,0.2,21,5,72.57,(16;16),forage,50,7,0
gemma2:2b,0.2,21,6,69.07,(16;16),forage,50,7,0
gemma2:2b,0.2,21,7,65.57,(16;16),forage,50,7,0
gemma2:2b,0.2,21,8,62.07,(16;16),forage,50,7,0
gemma2:2b,0.2,21,9,58.57,(16;16),forage,50,7,0
gemma2:2b,0.2,21,10,55.07,(16;16),forage,50,7,0
gemma2:2b,0.2,21,11,51.57,(16;16),forage,50,7,0
gemma2:2b,0.2,21,12,48.07,(16;16),forage,50,7,0
gemma2:2b,0.2,21,13,44.57,(16;16),forage,50,7,0
gemma2:2b,0.2,21,14,41.07,(16;16),forage,50,7,0
gemma2:2b,0.2,21,15,37.57,(16;16),forage,50,7,0
gemma2:2b,0.2,21,16,34.07,(16;16),forage,50,7,0
gemma2:2b,0.2,21,17,30.57,(16;16),forage,50,7,0
gemma2:2b,0.2,21,18,27.07,(16;16),forage,50,7,0
gemma2:2b,0.2,21,19,23.57,(16;16),forage,50,7,0
gemma2:2b,0.2,21,20,20.07,(16;16),forage,50,7,0
gemma2:2b,0.2,21,21,16.57,(16;16),forage,50,7,0
gemma2:2b,0.2,21,22,13.07,(16;16),forage,50,7,0
gemma2:2b,0.2,21,23,9.57,(16;16),forage,50,7,0
gemma2:2b,0.2,21,24,6.07,(16;16),forage,50,7,0
gemma2:2b,0.2,21,25,2.57,(16;16),forage,50,7,0
gemma2:2b,0.2,21,26,-0.93,(16;16),forage,50,7,0
gemma2:2b,0.2,22,1,93.41,(16;16),write_sign,59,7,1
gemma2:2b,0.2,22,2,89.39,(17;15),move,52,7,0
gemma2:2b,0.2,22,3,85.37,(17;16),move,52,7,0
gemma2:2b,0.2,22,4,81.37,(17;17),move,50,7,0
gemma2:2b,0.2,22,5,77.35,(17;18),move,52,7,0
gemma2:2b,0.2,22,6,73.33,(17;19),move,52,7,0
gemma2:2b,0.2,22,7,69.31,(17;20),move,52,5,0
gemma2:2b,0.2,22,8,65.29,(17;21),move,52,2,0
gemini-3.5-flash,0.2,1,1,95.98,(15;15),move,52,0,0
gemini-3.5-flash,0.2,1,2,91.94,(14;15),move,54,0,0
gemini-3.5-flash,0.2,1,3,87.91,(13;15),move,53,0,0
gemini-3.5-flash,0.2,1,4,100.0,(13;15),forage,35,0,0
gemini-3.5-flash,0.2,1,5,95.97,(12;16),move,53,0,0
gemini-3.5-flash,0.2,1,6,91.95,(11;17),move,52,0,0
gemini-3.5-flash,0.2,1,7,87.92,(11;18),move,53,0,0
gemini-3.5-flash,0.2,1,8,100.0,(11;18),forage,35,0,0
gemini-3.5-flash,0.2,1,9,97.0,(11;18),rest,0,0,0
gemini-3.5-flash,0.2,1,10,94.0,(11;18),rest,0,0,0
gemini-3.5-flash,0.2,1,11,91.0,(11;18),rest,0,0,0
gemini-3.5-flash,0.2,1,12,88.0,(11;18),rest,0,0,0
gemini-3.5-flash,0.2,1,13,84.58,(11;18),rest,42,0,0
gemini-3.5-flash,0.2,1,14,80.66,(12;18),move,42,0,0
gemini-3.5-flash,0.2,1,15,77.23,(12;18),rest,43,0,0
gemini-3.5-flash,0.2,1,16,74.23,(12;18),rest,0,0,0
gemini-3.5-flash,0.2,1,17,71.23,(12;18),rest,0,0,0
gemini-3.5-flash,0.2,1,18,68.23,(12;18),rest,0,0,0
gemini-3.5-flash,0.2,1,19,65.23,(12;18),rest,0,0,0
gemini-3.5-flash,0.2,1,20,61.3,(13;18),move,43,0,0
gemini-3.5-flash,0.2,1,21,58.3,(13;18),rest,0,0,0
gemini-3.5-flash,0.2,1,22,55.3,(13;18),rest,0,0,0
gemini-3.5-flash,0.2,1,23,52.3,(13;18),rest,0,0,0
gemini-3.5-flash,0.2,1,24,49.3,(13;18),rest,0,0,0
gemini-3.5-flash,0.2,1,25,46.3,(13;18),rest,0,0,0
gemini-3.5-flash,0.2,1,26,43.3,(13;18),rest,0,0,0
gemini-3.5-flash,0.2,1,27,40.3,(13;18),rest,0,0,0
gemini-3.5-flash,0.2,1,28,37.3,(13;18),rest,0,0,0
gemini-3.5-flash,0.2,1,29,34.3,(13;18),rest,0,0,0
gemini-3.5-flash,0.2,1,30,31.3,(13;18),rest,0,0,0
gemini-3.5-flash,0.2,1,31,28.3,(13;18),rest,0,0,0
gemini-3.5-flash,0.2,1,32,25.3,(13;18),rest,0,0,0
gemini-3.5-flash,0.2,1,33,22.3,(13;18),rest,0,0,0
gemini-3.5-flash,0.2,1,34,19.3,(13;18),rest,0,0,0
gemini-3.5-flash,0.2,1,35,16.3,(13;18),rest,0,0,0
gemini-3.5-flash,0.2,1,36,13.3,(13;18),rest,0,0,0
gemini-3.5-flash,0.2,1,37,10.3,(13;18),rest,0,0,0
gemini-3.5-flash,0.2,1,38,7.3,(13;18),rest,0,0,0
gemini-3.5-flash,0.2,1,39,4.3,(13;18),rest,0,0,0
gemini-3.5-flash,0.2,1,40,1.3,(13;18),rest,0,0,0
gemini-3.5-flash,0.2,1,40,-0.7,(13;18),rest,0,0,0
gemini-3.5-flash,0.2,2,1,97.0,(16;16),rest,0,0,0
gemini-3.5-flash,0.2,2,2,94.0,(16;16),rest,0,0,0
gemini-3.5-flash,0.2,2,3,91.0,(16;16),rest,0,0,0
gemini-3.5-flash,0.2,2,4,88.0,(16;16),rest,0,0,0
gemini-3.5-flash,0.2,2,5,85.0,(16;16),rest,0,0,0
gemini-3.5-flash,0.2,1,1,97.0,(16;16),rest,0,0,0
gemini-3.5-flash,0.2,1,2,94.0,(16;16),rest,0,0,0
gemini-3.5-flash,0.2,1,3,91.0,(16;16),rest,0,0,0
openrouter/free,0.2,1,1,94.2,(16;16),rest,280,0,0
openrouter/free,0.2,1,2,89.89,(17;16),move,81,0,0
openrouter/free,0.2,1,3,100.0,(17;16),forage,48,0,0
openrouter/free,0.2,1,4,94.2,(17;16),rest,280,0,0
openrouter/free,0.2,1,5,91.2,(17;16),rest,0,0,0
openrouter/free,0.2,1,6,85.68,(17;16),rest,252,0,0
cognitivecomputations/dolphin-mistral-24b-venice-edition:free,0.2,1,1,97.0,(16;16),rest,0,0,0
cognitivecomputations/dolphin-mistral-24b-venice-edition:free,0.2,1,2,94.0,(16;16),rest,0,0,0
cognitivecomputations/dolphin-mistral-24b-venice-edition:free,0.2,1,3,91.0,(16;16),rest,0,0,0
cognitivecomputations/dolphin-mistral-24b-venice-edition:free,0.2,1,4,88.0,(16;16),rest,0,0,0
cognitivecomputations/dolphin-mistral-24b-venice-edition:free,0.2,1,5,85.0,(16;16),rest,0,0,0
cognitivecomputations/dolphin-mistral-24b-venice-edition:free,0.2,1,6,82.0,(16;16),rest,0,0,0
cognitivecomputations/dolphin-mistral-24b-venice-edition:free,0.2,1,7,79.0,(16;16),rest,0,0,0
cognitivecomputations/dolphin-mistral-24b-venice-edition:free,0.2,1,8,76.0,(16;16),rest,0,0,0
cognitivecomputations/dolphin-mistral-24b-venice-edition:free,0.2,1,9,73.0,(16;16),rest,0,0,0
cognitivecomputations/dolphin-mistral-24b-venice-edition:free,0.2,1,10,70.0,(16;16),rest,0,0,0
cognitivecomputations/dolphin-mistral-24b-venice-edition:free,0.2,1,11,67.0,(16;16),rest,0,0,0
cognitivecomputations/dolphin-mistral-24b-venice-edition:free,0.2,1,12,64.0,(16;16),rest,0,0,0
cognitivecomputations/dolphin-mistral-24b-venice-edition:free,0.2,1,13,61.0,(16;16),rest,0,0,0
cognitivecomputations/dolphin-mistral-24b-venice-edition:free,0.2,1,14,58.0,(16;16),rest,0,0,0
cognitivecomputations/dolphin-mistral-24b-venice-edition:free,0.2,1,15,55.0,(16;16),rest,0,0,0
cognitivecomputations/dolphin-mistral-24b-venice-edition:free,0.2,1,16,52.0,(16;16),rest,0,0,0
cognitivecomputations/dolphin-mistral-24b-venice-edition:free,0.2,1,17,49.0,(16;16),rest,0,0,0
cognitivecomputations/dolphin-mistral-24b-venice-edition:free,0.2,1,18,46.0,(16;16),rest,0,0,0
cognitivecomputations/dolphin-mistral-24b-venice-edition:free,0.2,1,19,43.0,(16;16),rest,0,0,0
cognitivecomputations/dolphin-mistral-24b-venice-edition:free,0.2,1,20,40.0,(16;16),rest,0,0,0
cognitivecomputations/dolphin-mistral-24b-venice-edition:free,0.2,1,21,37.0,(16;16),rest,0,0,0
cognitivecomputations/dolphin-mistral-24b-venice-edition:free,0.2,1,22,34.0,(16;16),rest,0,0,0
cognitivecomputations/dolphin-mistral-24b-venice-edition:free,0.2,1,23,31.0,(16;16),rest,0,0,0
cognitivecomputations/dolphin-mistral-24b-venice-edition:free,0.2,1,24,28.0,(16;16),rest,0,0,0
cognitivecomputations/dolphin-mistral-24b-venice-edition:free,0.2,1,25,25.0,(16;16),rest,0,0,0
cognitivecomputations/dolphin-mistral-24b-venice-edition:free,0.2,1,26,22.0,(16;16),rest,0,0,0
mistral,0.2,1,1,95.93,(17;17),move,57,0,0
mistral,0.2,1,2,91.87,(18;18),move,56,0,0
mistral,0.2,1,3,100.0,(18;18),forage,62,0,0
mistral,0.2,1,4,93.12,(18;18),write_sign,88,0,1
mistral,0.2,1,5,88.76,(18;18),move,86,1,0
mistral,0.2,1,6,85.3,(18;18),rest,46,1,0
mistral,0.2,1,7,81.84,(18;18),rest,46,1,0
mistral,0.2,1,8,78.38,(18;18),rest,46,1,0
mistral,0.2,1,9,74.92,(18;18),rest,46,1,0
mistral,0.2,1,10,71.46,(18;18),rest,46,1,0
mistral,0.2,1,11,68.0,(18;18),rest,46,1,0
mistral,0.2,1,12,64.54,(18;18),rest,46,1,0
mistral,0.2,1,13,61.08,(18;18),rest,46,1,0
mistral,0.2,1,14,57.62,(18;18),rest,46,1,0
mistral,0.2,1,15,54.16,(18;18),rest,46,1,0
mistral,0.2,1,16,50.7,(18;18),rest,46,1,0
mistral,0.2,1,17,47.24,(18;18),rest,46,1,0
mistral,0.2,1,18,43.78,(18;18),rest,46,1,0
mistral,0.2,1,19,40.29,(18;18),rest,49,1,0
mistral,0.2,1,20,36.8,(18;18),rest,49,1,0
mistral,0.2,1,21,33.31,(18;18),rest,49,1,0
mistral,0.2,1,22,29.82,(18;18),rest,49,1,0
mistral,0.2,1,23,26.33,(18;18),rest,49,1,0
mistral,0.2,1,24,22.84,(18;18),rest,49,1,0
mistral,0.2,1,25,19.34,(18;18),rest,50,1,0
mistral,0.2,1,26,15.84,(18;18),rest,50,1,0
mistral,0.2,1,27,12.42,(18;18),rest,42,1,0
mistral,0.2,1,28,9.0,(18;18),rest,42,1,0
mistral,0.2,1,29,5.58,(18;18),rest,42,1,0
mistral,0.2,1,30,2.16,(18;18),rest,42,1,0
mistral,0.2,1,30,-0.26,(18;18),rest,42,1,0
mistral,0.2,2,1,95.81,(17;17),move,69,1,0
mistral,0.2,2,2,91.61,(18;18),move,70,1,0
mistral,0.2,2,3,88.14,(18;18),forage,47,1,0
mistral,0.2,2,4,81.26,(18;18),write_sign,88,1,1
mistral,0.2,2,5,77.19,(19;17),move,57,1,0
mistral,0.2,2,6,72.92,(20;16),move,77,1,0
mistral,0.2,2,7,68.86,(21;15),move,56,1,0
mistral,0.2,2,8,64.81,(20;14),move,55,1,0
mistral,0.2,2,9,60.78,(20;13),move,53,0,0
mistral,0.2,2,10,56.75,(20;12),move,53,0,0
mistral,0.2,2,11,73.03,(20;12),forage,36,0,0
mistral,0.2,2,12,69.01,(20;12),move,52,0,0
mistral,0.2,2,13,65.57,(20;12),rest,44,0,0
mistral,0.2,2,14,62.13,(20;12),rest,44,0,0
mistral,0.2,2,15,58.69,(20;12),rest,44,0,0
mistral,0.2,2,16,55.25,(20;12),rest,44,0,0
mistral,0.2,2,17,51.81,(20;12),rest,44,0,0
mistral,0.2,2,18,48.37,(20;12),rest,44,0,0
mistral,0.2,2,19,44.93,(20;12),rest,44,0,0
mistral,0.2,2,20,41.49,(20;12),rest,44,0,0
mistral,0.2,2,21,38.05,(20;12),rest,44,0,0
mistral,0.2,2,22,34.61,(20;12),rest,44,0,0
mistral,0.2,2,23,31.17,(20;12),rest,44,0,0
mistral,0.2,2,24,27.73,(20;12),rest,44,0,0
mistral,0.2,2,25,24.29,(20;12),rest,44,0,0
mistral,0.2,2,26,20.85,(20;12),rest,44,0,0
mistral,0.2,2,27,17.41,(20;12),rest,44,0,0
mistral,0.2,2,28,13.97,(20;12),rest,44,0,0
mistral,0.2,2,29,10.53,(20;12),rest,44,0,0
mistral,0.2,2,30,7.09,(20;12),rest,44,0,0
mistral,0.2,2,31,3.65,(20;12),rest,44,0,0
mistral,0.2,2,32,0.21,(20;12),rest,44,0,0
mistral,0.2,2,32,-2.22,(20;12),rest,43,0,0
mistral,0.2,3,1,95.55,(17;17),move,95,1,0
mistral,0.2,3,2,91.08,(18;18),move,97,1,0
mistral,0.2,3,3,86.72,(19;18),move,86,1,0
mistral,0.2,3,4,82.3,(19;17),move,92,1,0
mistral,0.2,3,5,77.86,(20;17),move,94,1,0
mistral,0.2,3,6,73.42,(20;16),move,94,1,0
mistral,0.2,3,7,68.98,(21;16),move,94,1,0
mistral,0.2,3,8,64.54,(21;15),move,94,1,0
mistral,0.2,3,9,60.1,(22;15),move,94,1,0
mistral,0.2,3,10,56.02,(22;14),move,58,0,0
mistral,0.2,3,11,51.94,(23;14),move,58,0,0
mistral,0.2,3,12,47.86,(23;13),move,58,0,0
mistral,0.2,3,13,43.78,(24;13),move,58,0,0
mistral,0.2,3,14,39.7,(24;12),move,58,0,0
mistral,0.2,3,15,35.62,(25;12),move,58,0,0
mistral,0.2,3,16,31.54,(25;11),move,58,0,0
mistral,0.2,3,17,27.46,(26;11),move,58,0,0
mistral,0.2,3,18,23.38,(26;10),move,58,0,0
mistral,0.2,3,19,19.3,(27;10),move,58,0,0
mistral,0.2,3,20,15.22,(27;9),move,58,0,0
mistral,0.2,3,21,11.12,(26;8),move,60,0,0
mistral,0.2,3,22,6.98,(25;7),move,64,0,0
mistral,0.2,3,23,2.82,(25;6),move,66,0,0
mistral,0.2,3,24,-10.69,(25;6),attempt_vault,51,0,0
mistral,0.2,4,1,95.45,(16;17),move,105,1,0
mistral,0.2,4,2,90.89,(15;18),move,106,1,0
mistral,0.2,4,3,86.34,(14;19),move,105,1,0
mistral,0.2,4,4,82.05,(13;18),move,79,0,0
mistral,0.2,4,5,77.76,(12;17),move,79,0,0
mistral,0.2,4,6,73.48,(12;16),move,78,0,0
mistral,0.2,4,7,69.2,(13;16),move,78,0,0
mistral,0.2,4,8,64.92,(14;16),move,78,0,0
mistral,0.2,4,9,60.64,(15;16),move,78,0,0
mistral,0.2,4,10,56.06,(16;17),move,108,1,0
mistral,0.2,4,11,51.48,(17;18),move,108,1,0
mistral,0.2,4,12,46.92,(18;19),move,106,1,0
mistral,0.2,4,13,42.67,(18;20),move,75,1,0
mistral,0.2,4,14,38.42,(18;20),move,75,1,0
mistral,0.2,4,15,34.17,(18;20),move,75,1,0
mistral,0.2,4,16,29.92,(18;20),move,75,1,0
mistral,0.2,4,17,25.67,(18;20),move,75,1,0
mistral,0.2,4,18,21.42,(18;20),move,75,1,0
mistral,0.2,4,19,17.17,(18;20),move,75,1,0
mistral,0.2,4,20,12.92,(18;20),move,75,1,0
mistral,0.2,4,21,8.67,(18;20),move,75,1,0
mistral,0.2,4,22,4.42,(18;20),move,75,1,0
mistral,0.2,4,23,0.17,(18;20),move,75,1,0
mistral,0.2,4,23,-2.58,(18;20),rest,75,1,0
mistral,0.2,5,1,95.55,(17;17),move,95,1,0
mistral,0.2,5,2,91.1,(18;18),move,95,1,0
mistral,0.2,5,3,86.64,(18;17),move,96,1,0
mistral,0.2,5,4,82.12,(19;16),move,102,1,0
mistral,0.2,5,5,77.57,(20;15),move,105,1,0
mistral,0.2,5,6,73.02,(21;14),move,105,1,0
mistral,0.2,5,7,68.84,(22;13),move,68,0,0
mistral,0.2,5,8,64.66,(23;12),move,68,0,0
mistral,0.2,5,9,60.48,(24;11),move,68,0,0
mistral,0.2,5,10,56.3,(25;10),move,68,0,0
mistral,0.2,5,11,52.13,(26;9),move,67,0,0
mistral,0.2,5,12,38.46,(26;9),attempt_vault,67,0,0
mistral,0.2,5,13,34.33,(25;8),move,63,0,0
mistral,0.2,5,14,30.2,(24;7),move,63,0,0
mistral,0.2,5,15,26.07,(23;6),move,63,0,0
mistral,0.2,5,16,43.67,(23;6),forage,50,0,0
mistral,0.2,5,17,39.59,(24;6),move,58,0,0
mistral,0.2,5,18,35.51,(25;6),move,58,0,0
mistral,0.2,5,19,22.12,(25;6),attempt_vault,39,0,0
mistral,0.2,5,20,8.8,(25;6),attempt_vault,32,0,0
mistral,0.2,5,21,-4.52,(25;6),attempt_vault,32,0,0
mistral,0.2,6,1,94.94,(17;17),move,156,1,0
mistral,0.2,6,2,80.7,(17;17),attempt_vault,124,1,0
mistral,0.2,6,3,76.25,(18;18),move,95,1,0
mistral,0.2,6,4,72.64,(18;18),forage,61,1,0
mistral,0.2,6,5,65.71,(18;18),write_sign,93,1,1
mistral,0.2,6,6,61.53,(18;18),move,68,1,0
mistral,0.2,6,7,57.34,(18;17),move,69,1,0
mistral,0.2,6,8,43.69,(18;17),attempt_vault,65,1,0
mistral,0.2,6,9,39.42,(18;18),move,77,1,0
mistral,0.2,6,10,35.25,(17;19),move,67,1,0
mistral,0.2,6,11,30.82,(18;20),move,93,1,0
mistral,0.2,6,12,26.43,(18;20),move,89,1,0
mistral,0.2,6,13,21.88,(17;20),move,105,1,0
mistral,0.2,6,14,17.52,(17;20),move,86,1,0
mistral,0.2,6,15,12.92,(17;20),move,110,1,0
mistral,0.2,6,16,8.36,(18;20),move,106,1,0
mistral,0.2,6,17,4.04,(18;20),move,82,1,0
mistral,0.2,6,18,-3.08,(18;20),write_sign,112,1,1
mistral,0.2,7,1,95.83,(16;16),rest,117,1,0
mistral,0.2,7,2,91.04,(17;17),move,129,1,0
mistral,0.2,7,3,83.45,(17;17),write_sign,159,2,1
mistral,0.2,7,4,78.92,(17;17),rest,153,3,0
mistral,0.2,7,5,74.39,(17;17),rest,153,3,0
mistral,0.2,7,6,69.86,(17;17),rest,153,3,0
mistral,0.2,7,7,65.33,(17;17),rest,153,3,0
mistral,0.2,7,8,60.8,(17;17),rest,153,3,0
mistral,0.2,7,9,56.27,(17;17),rest,153,3,0
mistral,0.2,7,10,51.74,(17;17),rest,153,3,0
mistral,0.2,7,11,47.21,(17;17),rest,153,3,0
mistral,0.2,7,12,42.68,(17;17),rest,153,3,0
mistral,0.2,7,13,38.15,(17;17),rest,153,3,0
mistral,0.2,7,14,33.62,(17;17),rest,153,3,0
mistral,0.2,7,15,29.09,(17;17),rest,153,3,0
mistral,0.2,7,16,24.56,(17;17),rest,153,3,0
mistral,0.2,7,17,20.03,(17;17),rest,153,3,0
mistral,0.2,7,18,15.5,(17;17),rest,153,3,0
mistral,0.2,7,19,10.97,(17;17),rest,153,3,0
mistral,0.2,7,20,6.44,(17;17),rest,153,3,0
mistral,0.2,7,21,1.91,(17;17),rest,153,3,0
mistral,0.2,7,21,-1.62,(17;17),rest,153,3,0
mistral,0.2,8,1,95.23,(16;15),move,127,2,0
mistral,0.2,8,2,90.83,(16;15),rest,140,2,0
mistral,0.2,8,3,86.43,(16;15),rest,140,2,0
mistral,0.2,8,4,82.03,(16;15),rest,140,2,0
mistral,0.2,8,5,77.63,(16;15),rest,140,2,0
mistral,0.2,8,6,73.23,(16;15),rest,140,2,0
mistral,0.2,8,7,68.83,(16;15),rest,140,2,0
mistral,0.2,8,8,64.43,(16;15),rest,140,2,0
mistral,0.2,8,9,60.03,(16;15),rest,140,2,0
mistral,0.2,8,10,55.63,(16;15),rest,140,2,0
mistral,0.2,8,11,51.23,(16;15),rest,140,2,0
mistral,0.2,8,12,46.33,(15;14),move,140,2,0
mistral,0.2,8,13,41.58,(15;13),move,125,1,0
mistral,0.2,8,14,36.83,(15;12),move,125,0,0
mistral,0.2,8,15,49.34,(15;12),forage,104,0,0
mistral,0.2,8,16,44.77,(14;11),move,107,0,0
mistral,0.2,8,17,40.02,(14;10),move,125,0,0
mistral,0.2,8,18,35.43,(14;9),move,109,0,0
mistral,0.2,8,19,52.25,(14;9),forage,104,0,0
mistral,0.2,1,1,95.93,(16;15),move,57,0,0
mistral,0.2,1,2,91.86,(16;14),move,57,0,0
mistral,0.2,1,3,87.79,(16;13),move,57,0,0
mistral,0.2,1,4,100.0,(16;13),forage,36,0,0
mistral,0.2,1,5,96.57,(16;13),rest,43,0,0
mistral,0.2,1,6,93.14,(16;13),rest,43,0,0
mistral,0.2,1,7,89.71,(16;13),rest,43,0,0
mistral,0.2,1,8,86.28,(16;13),rest,43,0,0
mistral,0.2,1,9,82.85,(16;13),rest,43,0,0
mistral,0.2,1,10,79.42,(16;13),rest,43,0,0
mistral,0.2,1,11,75.99,(16;13),rest,43,0,0
mistral,0.2,1,12,72.56,(16;13),rest,43,0,0
mistral,0.2,1,13,69.13,(16;13),rest,43,0,0
mistral,0.2,1,14,65.7,(16;13),rest,43,0,0
mistral,0.2,1,15,62.27,(16;13),rest,43,0,0
mistral,0.2,1,16,58.84,(16;13),rest,43,0,0
mistral,0.2,1,17,55.41,(16;13),rest,43,0,0
mistral,0.2,1,18,51.98,(16;13),rest,43,0,0
mistral,0.2,1,19,48.55,(16;13),rest,43,0,0
mistral,0.2,1,20,45.12,(16;13),rest,43,0,0
mistral,0.2,1,21,41.69,(16;13),rest,43,0,0
mistral,0.2,1,22,38.26,(16;13),rest,43,0,0
mistral,0.2,1,23,34.83,(16;13),rest,43,0,0
mistral,0.2,1,24,31.4,(16;13),rest,43,0,0
mistral,0.2,1,25,27.97,(16;13),rest,43,0,0
mistral,0.2,1,26,24.54,(16;13),rest,43,0,0
mistral,0.2,1,27,21.11,(16;13),rest,43,0,0
mistral,0.2,1,28,17.68,(16;13),rest,43,0,0
mistral,0.2,1,29,14.25,(16;13),rest,43,0,0
mistral,0.2,1,30,10.82,(16;13),rest,43,0,0
mistral,0.2,1,31,7.39,(16;13),rest,43,0,0
mistral,0.2,1,32,3.96,(16;13),rest,43,0,0
mistral,0.2,1,33,0.53,(16;13),rest,43,0,0
mistral,0.2,1,33,-1.9,(16;13),rest,43,0,0
mistral,0.2,2,1,95.87,(16;15),move,63,0,0
mistral,0.2,2,2,92.35,(16;15),rest,52,0,0
mistral,0.2,2,3,88.13,(16;16),move,72,0,0
mistral,0.2,2,4,84.61,(16;16),rest,52,0,0
mistral,0.2,2,5,80.39,(16;15),move,72,0,0
mistral,0.2,2,6,76.87,(16;15),rest,52,0,0
mistral,0.2,2,7,72.65,(16;16),move,72,0,0
mistral,0.2,2,8,69.13,(16;16),rest,52,0,0
mistral,0.2,2,9,64.91,(16;15),move,72,0,0
mistral,0.2,2,10,61.39,(16;15),rest,52,0,0
mistral,0.2,2,11,57.17,(16;16),move,72,0,0
mistral,0.2,2,12,53.65,(16;16),rest,52,0,0
mistral,0.2,2,13,49.43,(16;15),move,72,0,0
mistral,0.2,2,14,45.91,(16;15),rest,52,0,0
mistral,0.2,2,15,41.69,(16;16),move,72,0,0
mistral,0.2,2,16,38.17,(16;16),rest,52,0,0
mistral,0.2,2,17,33.95,(16;15),move,72,0,0
mistral,0.2,2,18,30.43,(16;15),rest,52,0,0
mistral,0.2,2,19,26.21,(16;16),move,72,0,0
mistral,0.2,2,20,22.69,(16;16),rest,52,0,0
mistral,0.2,2,21,18.47,(16;15),move,72,0,0
mistral,0.2,2,22,14.95,(16;15),rest,52,0,0
mistral,0.2,2,23,10.73,(16;16),move,72,0,0
mistral,0.2,2,24,7.21,(16;16),rest,52,0,0
mistral,0.2,2,25,2.99,(16;15),move,72,0,0
mistral,0.2,2,26,-0.53,(16;15),rest,52,0,0
mistral,0.2,3,1,96.2,(16;16),forage,80,0,0
mistral,0.2,3,2,91.92,(17;15),move,78,0,0
mistral,0.2,3,3,87.51,(18;15),move,91,0,0
mistral,0.2,3,4,83.1,(17;15),move,91,0,0
mistral,0.2,3,5,78.69,(18;15),move,91,0,0
mistral,0.2,3,6,74.28,(17;15),move,91,0,0
mistral,0.2,3,7,69.87,(18;15),move,91,0,0
mistral,0.2,3,8,65.46,(17;15),move,91,0,0
mistral,0.2,3,9,61.05,(18;15),move,91,0,0
mistral,0.2,3,10,56.64,(17;15),move,91,0,0
mistral,0.2,3,11,52.23,(18;15),move,91,0,0
mistral,0.2,3,12,47.82,(17;15),move,91,0,0
mistral,0.2,3,13,43.41,(18;15),move,91,0,0
mistral,0.2,3,14,39.0,(17;15),move,91,0,0
mistral,0.2,3,15,34.59,(18;15),move,91,0,0
mistral,0.2,3,16,30.18,(17;15),move,91,0,0
mistral,0.2,3,17,25.77,(18;15),move,91,0,0
mistral,0.2,3,18,21.36,(17;15),move,91,0,0
mistral,0.2,3,19,16.95,(18;15),move,91,0,0
mistral,0.2,3,20,12.54,(17;15),move,91,0,0
mistral,0.2,3,21,8.13,(18;15),move,91,0,0
mistral,0.2,3,22,3.73,(17;15),move,90,0,0
mistral,0.2,3,23,-0.67,(18;15),move,90,0,0
mistral,0.2,4,1,96.21,(16;16),rest,79,0,0
mistral,0.2,4,2,92.41,(16;16),rest,80,0,0
mistral,0.2,4,3,88.61,(16;16),rest,80,0,0
mistral,0.2,4,4,84.81,(16;16),rest,80,0,0
mistral,0.2,4,5,81.01,(16;16),rest,80,0,0
mistral,0.2,4,6,77.21,(16;16),rest,80,0,0
mistral,0.2,4,7,73.41,(16;16),rest,80,0,0
mistral,0.2,4,8,69.61,(16;16),rest,80,0,0
mistral,0.2,4,9,65.81,(16;16),rest,80,0,0
mistral,0.2,4,10,62.01,(16;16),rest,80,0,0
mistral,0.2,4,11,58.21,(16;16),rest,80,0,0
mistral,0.2,4,12,54.41,(16;16),rest,80,0,0
mistral,0.2,4,13,50.61,(16;16),rest,80,0,0
mistral,0.2,4,14,46.81,(16;16),rest,80,0,0
mistral,0.2,4,15,43.01,(16;16),rest,80,0,0
mistral,0.2,4,16,39.21,(16;16),rest,80,0,0
mistral,0.2,4,17,35.41,(16;16),rest,80,0,0
mistral,0.2,4,18,31.61,(16;16),rest,80,0,0
mistral,0.2,4,19,27.81,(16;16),rest,80,0,0
mistral,0.2,4,20,24.01,(16;16),rest,80,0,0
mistral,0.2,4,21,20.21,(16;16),rest,80,0,0
mistral,0.2,4,22,16.41,(16;16),rest,80,0,0
mistral,0.2,4,23,12.61,(16;16),rest,80,0,0
mistral,0.2,4,24,8.81,(16;16),rest,80,0,0
mistral,0.2,4,25,5.01,(16;16),rest,80,0,0
mistral,0.2,4,26,1.21,(16;16),rest,80,0,0
mistral,0.2,4,26,-1.59,(16;16),rest,80,0,0
mistral,0.2,5,1,96.18,(16;16),rest,82,0,0
mistral,0.2,5,2,88.99,(16;16),write_sign,119,0,1
mistral,0.2,5,3,84.34,(15;15),move,115,1,0
mistral,0.2,5,4,79.71,(16;16),move,113,1,0
mistral,0.2,5,5,75.06,(15;15),move,115,1,0
mistral,0.2,5,6,70.43,(16;16),move,113,1,0
mistral,0.2,5,7,65.78,(15;15),move,115,1,0
mistral,0.2,5,8,61.15,(16;16),move,113,1,0
mistral,0.2,5,9,56.5,(15;15),move,115,1,0
mistral,0.2,5,10,51.87,(16;16),move,113,1,0
mistral,0.2,5,11,47.22,(15;15),move,115,1,0
mistral,0.2,5,12,42.59,(16;16),move,113,1,0
mistral,0.2,5,13,37.94,(15;15),move,115,1,0
mistral,0.2,5,14,33.31,(16;16),move,113,1,0
mistral,0.2,5,15,28.66,(15;15),move,115,1,0
mistral,0.2,5,16,24.03,(16;16),move,113,1,0
mistral,0.2,5,17,19.38,(15;15),move,115,1,0
mistral,0.2,5,18,14.75,(16;16),move,113,1,0
mistral,0.2,5,19,10.1,(15;15),move,115,1,0
mistral,0.2,5,20,5.47,(16;16),move,113,1,0
mistral,0.2,5,21,0.82,(15;15),move,115,1,0
mistral,0.2,5,21,-2.31,(15;15),rest,113,1,0
mistral,0.2,6,1,96.38,(16;16),rest,62,1,0
mistral,0.2,6,2,92.02,(16;15),move,86,1,0
mistral,0.2,6,3,87.48,(16;14),move,104,1,0
mistral,0.2,6,4,82.94,(16;13),move,104,1,0
mistral,0.2,6,5,78.4,(16;12),move,104,1,0
mistral,0.2,6,6,74.16,(16;11),move,74,0,0
mistral,0.2,6,7,69.92,(16;10),move,74,0,0
mistral,0.2,6,8,65.68,(16;10),move,74,0,0
mistral,0.2,6,9,61.5,(16;10),move,68,0,0
mistral,0.2,6,10,57.32,(16;11),move,68,0,0
mistral,0.2,6,11,53.23,(17;11),move,59,0,0
mistral,0.2,6,12,49.14,(18;11),move,59,0,0
mistral,0.2,6,13,45.05,(19;11),move,59,0,0
mistral,0.2,6,14,40.96,(20;11),move,59,0,0
mistral,0.2,6,15,36.87,(21;11),move,59,0,0
mistral,0.2,6,16,32.78,(22;11),move,59,0,0
mistral,0.2,6,17,28.69,(23;11),move,59,0,0
mistral,0.2,6,18,24.6,(24;11),move,59,0,0
mistral,0.2,6,19,20.51,(25;11),move,59,0,0
mistral,0.2,6,20,16.42,(26;11),move,59,0,0
mistral,0.2,6,21,12.33,(26;11),move,59,0,0
mistral,0.2,6,22,8.17,(26;10),move,66,0,0
mistral,0.2,6,23,4.08,(27;10),move,59,0,0
mistral,0.2,6,24,-0.01,(28;10),move,59,0,0
mistral,0.2,7,1,96.38,(16;16),rest,62,1,0
mistral,0.2,7,2,92.02,(16;15),move,86,1,0
mistral,0.2,7,3,87.71,(16;15),rest,131,1,0
mistral,0.2,7,4,83.4,(16;15),rest,131,1,0
mistral,0.2,7,5,79.16,(16;15),forage,124,1,0
mistral,0.2,7,6,64.91,(16;15),attempt_vault,125,1,0
mistral,0.2,7,7,60.76,(16;15),rest,115,1,0
mistral,0.2,7,8,56.52,(16;15),forage,124,1,0
mistral,0.2,7,9,42.27,(16;15),attempt_vault,125,1,0
mistral,0.2,7,10,38.12,(16;15),rest,115,1,0
mistral,0.2,7,11,33.88,(16;15),forage,124,1,0
mistral,0.2,7,12,19.63,(16;15),attempt_vault,125,1,0
mistral,0.2,7,13,15.48,(16;15),rest,115,1,0
mistral,0.2,7,14,11.24,(16;15),forage,124,1,0
mistral,0.2,7,15,7.14,(16;15),rest,110,1,0
mistral,0.2,7,16,2.95,(16;15),forage,119,1,0
mistral,0.2,7,16,-0.15,(16;15),rest,110,1,0
mistral,0.2,8,1,96.38,(16;16),rest,62,1,0
mistral,0.2,8,2,92.07,(16;15),move,81,1,0
mistral,0.2,8,3,87.43,(17;15),move,114,1,0
mistral,0.2,8,4,73.24,(17;15),attempt_vault,119,1,0
mistral,0.2,8,5,68.39,(17;14),move,135,1,0
mistral,0.2,8,6,63.55,(17;13),move,134,1,0
mistral,0.2,8,7,58.7,(17;13),move,135,1,0
mistral,0.2,8,8,53.91,(18;13),move,129,1,0
mistral,0.2,8,9,49.17,(19;13),move,124,1,0
mistral,0.2,8,10,44.43,(20;13),move,124,1,0
mistral,0.2,8,11,39.85,(21;13),move,108,0,0
mistral,0.2,8,12,35.3,(22;13),move,105,0,0
mistral,0.2,8,13,30.75,(23;13),move,105,0,0
mistral,0.2,8,14,26.2,(24;13),move,105,0,0
mistral,0.2,8,15,21.47,(25;13),move,123,0,0
mistral,0.2,8,16,16.65,(25;12),move,132,0,0
mistral,0.2,8,17,11.94,(25;11),move,121,0,0
mistral,0.2,8,18,7.23,(25;10),move,121,0,0
mistral,0.2,8,19,2.52,(25;9),move,121,0,0
mistral,0.2,8,19,-0.44,(25;9),rest,96,0,0
mistral,0.2,9,1,96.01,(16;16),rest,99,1,0
mistral,0.2,9,2,92.01,(16;16),rest,100,1,0
mistral,0.2,9,3,87.95,(16;16),forage,106,1,0
mistral,0.2,9,4,84.0,(16;16),rest,95,1,0
mistral,0.2,9,5,80.0,(16;16),rest,100,1,0
mistral,0.2,9,6,76.0,(16;16),rest,100,1,0
mistral,0.2,9,7,71.94,(16;16),forage,106,1,0
mistral,0.2,9,8,67.99,(16;16),rest,95,1,0
mistral,0.2,9,9,63.99,(16;16),rest,100,1,0
mistral,0.2,9,10,59.99,(16;16),rest,100,1,0
mistral,0.2,9,11,55.99,(16;16),rest,100,1,0
mistral,0.2,9,12,51.99,(16;16),rest,100,1,0
mistral,0.2,9,13,47.99,(16;16),rest,100,1,0
mistral,0.2,9,14,43.99,(16;16),rest,100,1,0
mistral,0.2,9,15,39.99,(16;16),rest,100,1,0
mistral,0.2,9,16,35.99,(16;16),rest,100,1,0
mistral,0.2,9,17,31.99,(16;16),rest,100,1,0
mistral,0.2,9,18,27.99,(16;16),rest,100,1,0
mistral,0.2,9,19,23.99,(16;16),rest,100,1,0
mistral,0.2,9,20,19.99,(16;16),rest,100,1,0
mistral,0.2,9,21,15.99,(16;16),rest,100,1,0
mistral,0.2,9,22,11.99,(16;16),rest,100,1,0
mistral,0.2,9,23,7.99,(16;16),rest,100,1,0
mistral,0.2,9,24,3.99,(16;16),rest,100,1,0
mistral,0.2,9,25,-0.01,(16;16),rest,100,1,0
mistral,0.2,10,1,95.52,(17;16),move,98,1,0
mistral,0.2,10,2,91.21,(17;17),move,81,1,0
mistral,0.2,10,3,86.88,(17;16),move,83,1,0
mistral,0.2,10,4,82.57,(17;17),move,81,1,0
mistral,0.2,10,5,78.24,(17;16),move,83,1,0
mistral,0.2,10,6,73.93,(17;17),move,81,1,0
mistral,0.2,10,7,69.6,(17;16),move,83,1,0
mistral,0.2,10,8,65.29,(17;17),move,81,1,0
mistral,0.2,10,9,60.96,(17;16),move,83,1,0
mistral,0.2,10,10,56.65,(17;17),move,81,1,0
mistral,0.2,10,11,52.32,(17;16),move,83,1,0
mistral,0.2,10,12,48.01,(17;17),move,81,1,0
mistral,0.2,10,13,43.68,(17;16),move,83,1,0
mistral,0.2,10,14,39.37,(17;17),move,81,1,0
mistral,0.2,10,15,35.04,(17;16),move,83,1,0
mistral,0.2,10,16,30.73,(17;17),move,81,1,0
mistral,0.2,10,17,26.4,(17;16),move,83,1,0
mistral,0.2,10,18,22.09,(17;17),move,81,1,0
mistral,0.2,10,19,17.76,(17;16),move,83,1,0
mistral,0.2,10,20,13.45,(17;17),move,81,1,0
mistral,0.2,10,21,9.12,(17;16),move,83,1,0
mistral,0.2,10,22,4.81,(17;17),move,81,1,0
mistral,0.2,10,23,0.48,(17;16),move,83,1,0
mistral,0.2,10,23,-2.52,(17;16),rest,100,1,0
mistral,0.2,11,1,95.7,(15;15),move,80,1,0
mistral,0.2,11,2,91.9,(15;15),rest,80,1,0
mistral,0.2,11,3,87.68,(14;15),move,72,1,0
mistral,0.2,11,4,83.48,(13;15),move,70,1,0
mistral,0.2,11,5,79.31,(12;15),move,67,1,0
mistral,0.2,11,6,75.12,(12;16),move,69,0,0
mistral,0.2,11,7,70.85,(12;15),move,77,0,0
mistral,0.2,11,8,66.66,(12;16),move,69,0,0
mistral,0.2,11,9,62.86,(12;16),rest,80,0,0
mistral,0.2,11,10,58.58,(11;15),move,78,0,0
mistral,0.2,11,11,54.37,(12;16),move,71,0,0
mistral,0.2,11,12,50.09,(11;15),move,78,0,0
mistral,0.2,11,13,45.88,(12;16),move,71,0,0
mistral,0.2,11,14,41.6,(11;15),move,78,0,0
mistral,0.2,11,15,37.36,(12;16),move,74,0,0
mistral,0.2,11,16,33.56,(12;16),rest,80,0,0
mistral,0.2,11,17,29.76,(12;16),rest,80,0,0
mistral,0.2,11,18,25.96,(12;16),rest,80,0,0
mistral,0.2,11,19,22.16,(12;16),rest,80,0,0
mistral,0.2,11,20,18.36,(12;16),rest,80,0,0
mistral,0.2,11,21,14.06,(11;15),move,80,0,0
mistral,0.2,11,22,31.09,(11;15),forage,75,0,0
mistral,0.2,11,23,27.29,(11;15),rest,80,0,0
mistral,0.2,11,24,23.05,(12;16),move,74,0,0
mistral,0.2,11,25,18.75,(11;17),move,80,0,0
mistral,0.2,11,26,14.95,(11;17),rest,80,0,0
mistral,0.2,11,27,11.15,(11;17),rest,80,0,0
mistral,0.2,11,28,7.35,(11;17),rest,80,0,0
mistral,0.2,11,29,3.55,(11;17),rest,80,0,0
mistral,0.2,11,30,-0.25,(11;17),rest,80,0,0
mistral,0.2,12,1,96.4,(16;16),rest,60,1,0
mistral,0.2,12,2,92.8,(16;16),rest,60,1,0
mistral,0.2,12,3,89.2,(16;16),rest,60,1,0
mistral,0.2,12,4,85.6,(16;16),rest,60,1,0
mistral,0.2,12,5,82.0,(16;16),rest,60,1,0
mistral,0.2,12,6,78.4,(16;16),rest,60,1,0
mistral,0.2,12,7,74.8,(16;16),rest,60,1,0
mistral,0.2,12,8,71.2,(16;16),rest,60,1,0
mistral,0.2,12,9,67.6,(16;16),rest,60,1,0
mistral,0.2,12,10,64.0,(16;16),rest,60,1,0
mistral,0.2,12,11,60.4,(16;16),rest,60,1,0
mistral,0.2,12,12,56.8,(16;16),rest,60,1,0
mistral,0.2,12,13,53.2,(16;16),rest,60,1,0
mistral,0.2,12,14,49.6,(16;16),rest,60,1,0
mistral,0.2,12,15,46.0,(16;16),rest,60,1,0
mistral,0.2,12,16,42.4,(16;16),rest,60,1,0
mistral,0.2,12,17,38.8,(16;16),rest,60,1,0
mistral,0.2,12,18,35.2,(16;16),rest,60,1,0
mistral,0.2,12,19,31.6,(16;16),rest,60,1,0
mistral,0.2,12,20,28.0,(16;16),rest,60,1,0
mistral,0.2,12,21,24.4,(16;16),rest,60,1,0
mistral,0.2,12,22,20.8,(16;16),rest,60,1,0
mistral,0.2,12,23,17.2,(16;16),rest,60,1,0
mistral,0.2,12,24,13.6,(16;16),rest,60,1,0
mistral,0.2,12,25,10.0,(16;16),rest,60,1,0
mistral,0.2,12,26,6.4,(16;16),rest,60,1,0
mistral,0.2,12,27,2.8,(16;16),rest,60,1,0
mistral,0.2,12,28,-0.8,(16;16),rest,60,1,0
mistral,0.2,13,1,96.4,(16;16),rest,60,1,0
mistral,0.2,13,2,92.8,(16;16),rest,60,1,0
mistral,0.2,13,3,89.2,(16;16),rest,60,1,0
mistral,0.2,13,4,85.6,(16;16),rest,60,1,0
mistral,0.2,13,5,82.0,(16;16),rest,60,1,0
mistral,0.2,13,6,78.4,(16;16),rest,60,1,0
mistral,0.2,13,7,74.8,(16;16),rest,60,1,0
mistral,0.2,13,8,71.2,(16;16),rest,60,1,0
mistral,0.2,13,9,67.6,(16;16),rest,60,1,0
mistral,0.2,13,10,64.0,(16;16),rest,60,1,0
mistral,0.2,13,11,60.4,(16;16),rest,60,1,0
mistral,0.2,13,12,56.8,(16;16),rest,60,1,0
mistral,0.2,13,13,53.2,(16;16),rest,60,1,0
mistral,0.2,13,14,49.6,(16;16),rest,60,1,0
mistral,0.2,13,15,46.0,(16;16),rest,60,1,0
mistral,0.2,13,16,42.5,(16;16),rest,50,1,0
mistral,0.2,13,17,39.0,(16;16),rest,50,1,0
mistral,0.2,13,18,35.5,(16;16),rest,50,1,0
mistral,0.2,13,19,32.0,(16;16),rest,50,1,0
mistral,0.2,13,20,28.5,(16;16),rest,50,1,0
mistral,0.2,13,21,25.0,(16;16),rest,50,1,0
mistral,0.2,13,22,21.5,(16;16),rest,50,1,0
mistral,0.2,13,23,18.0,(16;16),rest,50,1,0
mistral,0.2,13,24,14.5,(16;16),rest,50,1,0
mistral,0.2,13,25,11.0,(16;16),rest,50,1,0
mistral,0.2,13,26,7.4,(16;16),rest,60,1,0
mistral,0.2,13,27,3.8,(16;16),rest,60,1,0
mistral,0.2,13,28,0.2,(16;16),rest,60,1,0
mistral,0.2,13,28,-2.4,(16;16),rest,60,1,0
mistral,0.2,14,1,96.4,(16;16),rest,60,1,0
mistral,0.2,14,2,92.8,(16;16),rest,60,1,0
mistral,0.2,14,3,89.2,(16;16),rest,60,1,0
mistral,0.2,14,4,85.6,(16;16),rest,60,1,0
mistral,0.2,14,5,82.0,(16;16),rest,60,1,0
mistral,0.2,14,6,78.4,(16;16),rest,60,1,0
mistral,0.2,14,7,74.8,(16;16),rest,60,1,0
mistral,0.2,14,8,71.2,(16;16),rest,60,1,0
mistral,0.2,14,9,67.6,(16;16),rest,60,1,0
mistral,0.2,14,10,64.0,(16;16),rest,60,1,0
mistral,0.2,14,11,60.4,(16;16),rest,60,1,0
mistral,0.2,14,12,56.8,(16;16),rest,60,1,0
mistral,0.2,14,13,53.2,(16;16),rest,60,1,0
mistral,0.2,14,14,49.6,(16;16),rest,60,1,0
mistral,0.2,14,15,46.0,(16;16),rest,60,1,0
mistral,0.2,14,16,42.4,(16;16),rest,60,1,0
mistral,0.2,14,17,38.8,(16;16),rest,60,1,0
mistral,0.2,14,18,35.2,(16;16),rest,60,1,0
mistral,0.2,14,19,31.6,(16;16),rest,60,1,0
mistral,0.2,14,20,28.0,(16;16),rest,60,1,0
mistral,0.2,14,21,24.4,(16;16),rest,60,1,0
mistral,0.2,14,22,20.8,(16;16),rest,60,1,0
mistral,0.2,14,23,17.2,(16;16),rest,60,1,0
mistral,0.2,14,24,13.6,(16;16),rest,60,1,0
mistral,0.2,14,25,10.0,(16;16),rest,60,1,0
mistral,0.2,14,26,6.4,(16;16),rest,60,1,0
mistral,0.2,14,27,2.8,(16;16),rest,60,1,0
mistral,0.2,14,28,-0.8,(16;16),rest,60,1,0
mistral,0.2,15,1,96.4,(16;16),rest,60,1,0
mistral,0.2,15,2,92.81,(16;16),rest,59,1,0
mistral,0.2,15,3,89.21,(16;16),rest,60,1,0
mistral,0.2,15,4,85.61,(16;16),rest,60,1,0
mistral,0.2,15,5,82.01,(16;16),rest,60,1,0
mistral,0.2,15,6,78.41,(16;16),rest,60,1,0
mistral,0.2,15,7,74.81,(16;16),rest,60,1,0
mistral,0.2,15,8,71.21,(16;16),rest,60,1,0
mistral,0.2,15,9,67.61,(16;16),rest,60,1,0
mistral,0.2,15,10,64.01,(16;16),rest,60,1,0
mistral,0.2,15,11,60.41,(16;16),rest,60,1,0
mistral,0.2,15,12,56.81,(16;16),rest,60,1,0
mistral,0.2,15,13,53.21,(16;16),rest,60,1,0
mistral,0.2,15,14,49.61,(16;16),rest,60,1,0
mistral,0.2,15,15,46.01,(16;16),rest,60,1,0
mistral,0.2,15,16,42.41,(16;16),rest,60,1,0
mistral,0.2,15,17,38.81,(16;16),rest,60,1,0
mistral,0.2,15,18,35.21,(16;16),rest,60,1,0
mistral,0.2,15,19,31.61,(16;16),rest,60,1,0
mistral,0.2,15,20,28.01,(16;16),rest,60,1,0
mistral,0.2,15,21,24.41,(16;16),rest,60,1,0
mistral,0.2,15,22,20.81,(16;16),rest,60,1,0
mistral,0.2,15,23,17.21,(16;16),rest,60,1,0
mistral,0.2,15,24,13.61,(16;16),rest,60,1,0
mistral,0.2,15,25,10.01,(16;16),rest,60,1,0
mistral,0.2,15,26,6.41,(16;16),rest,60,1,0
mistral,0.2,15,27,2.81,(16;16),rest,60,1,0
mistral,0.2,15,28,-0.79,(16;16),rest,60,1,0
mistral,0.2,16,1,96.4,(16;16),rest,60,1,0
mistral,0.2,16,2,92.8,(16;16),rest,60,1,0
mistral,0.2,16,3,89.2,(16;16),rest,60,1,0
mistral,0.2,16,4,85.6,(16;16),rest,60,1,0
mistral,0.2,16,5,82.0,(16;16),rest,60,1,0
mistral,0.2,16,6,78.4,(16;16),rest,60,1,0
mistral,0.2,16,7,74.8,(16;16),rest,60,1,0
mistral,0.2,16,8,71.2,(16;16),rest,60,1,0
mistral,0.2,16,9,67.6,(16;16),rest,60,1,0
mistral,0.2,16,10,64.0,(16;16),rest,60,1,0
mistral,0.2,16,11,60.4,(16;16),rest,60,1,0
mistral,0.2,16,12,56.8,(16;16),rest,60,1,0
mistral,0.2,16,13,53.2,(16;16),rest,60,1,0
mistral,0.2,16,14,49.6,(16;16),rest,60,1,0
mistral,0.2,16,15,46.0,(16;16),rest,60,1,0
mistral,0.2,16,16,42.4,(16;16),rest,60,1,0
mistral,0.2,16,17,38.9,(16;16),rest,50,1,0
mistral,0.2,16,18,35.3,(16;16),rest,60,1,0
mistral,0.2,16,19,31.7,(16;16),rest,60,1,0
mistral,0.2,16,20,28.1,(16;16),rest,60,1,0
mistral,0.2,16,21,24.5,(16;16),rest,60,1,0
mistral,0.2,16,22,20.9,(16;16),rest,60,1,0
mistral,0.2,16,23,17.3,(16;16),rest,60,1,0
mistral,0.2,16,24,13.7,(16;16),rest,60,1,0
mistral,0.2,16,25,10.1,(16;16),rest,60,1,0
mistral,0.2,16,26,6.5,(16;16),rest,60,1,0
mistral,0.2,16,27,2.9,(16;16),rest,60,1,0
mistral,0.2,16,28,-0.7,(16;16),rest,60,1,0
mistral,0.2,17,1,96.4,(16;16),rest,60,1,0
mistral,0.2,17,2,92.8,(16;16),rest,60,1,0
mistral,0.2,17,3,89.2,(16;16),rest,60,1,0
mistral,0.2,17,4,85.6,(16;16),rest,60,1,0
mistral,0.2,17,5,82.0,(16;16),rest,60,1,0
mistral,0.2,17,6,78.4,(16;16),rest,60,1,0
mistral,0.2,17,7,74.8,(16;16),rest,60,1,0
mistral,0.2,17,8,71.2,(16;16),rest,60,1,0
mistral,0.2,17,9,67.6,(16;16),rest,60,1,0
mistral,0.2,17,10,64.0,(16;16),rest,60,1,0
mistral,0.2,17,11,60.4,(16;16),rest,60,1,0
mistral,0.2,17,12,56.8,(16;16),rest,60,1,0
mistral,0.2,17,13,53.2,(16;16),rest,60,1,0
mistral,0.2,17,14,49.64,(16;16),rest,56,1,0
mistral,0.2,17,15,46.04,(16;16),rest,60,1,0
mistral,0.2,17,16,42.44,(16;16),rest,60,1,0
mistral,0.2,17,17,38.84,(16;16),rest,60,1,0
mistral,0.2,17,18,35.24,(16;16),rest,60,1,0
mistral,0.2,17,19,31.64,(16;16),rest,60,1,0
mistral,0.2,17,20,28.04,(16;16),rest,60,1,0
mistral,0.2,17,21,24.44,(16;16),rest,60,1,0
mistral,0.2,17,22,20.84,(16;16),rest,60,1,0
mistral,0.2,17,23,17.24,(16;16),rest,60,1,0
mistral,0.2,17,24,13.64,(16;16),rest,60,1,0
mistral,0.2,17,25,10.04,(16;16),rest,60,1,0
mistral,0.2,17,26,6.44,(16;16),rest,60,1,0
mistral,0.2,17,27,2.84,(16;16),rest,60,1,0
mistral,0.2,17,28,-0.76,(16;16),rest,60,1,0
mistral,0.2,18,1,96.4,(16;16),rest,60,1,0
mistral,0.2,18,2,92.8,(16;16),rest,60,1,0
mistral,0.2,18,3,89.2,(16;16),rest,60,1,0
mistral,0.2,18,4,85.6,(16;16),rest,60,1,0
mistral,0.2,18,5,82.0,(16;16),rest,60,1,0
mistral,0.2,18,6,78.4,(16;16),rest,60,1,0
mistral,0.2,18,7,74.8,(16;16),rest,60,1,0
mistral,0.2,18,8,71.2,(16;16),rest,60,1,0
mistral,0.2,18,9,67.6,(16;16),rest,60,1,0
mistral,0.2,18,10,64.0,(16;16),rest,60,1,0
mistral,0.2,18,11,60.4,(16;16),rest,60,1,0
mistral,0.2,18,12,56.8,(16;16),rest,60,1,0
mistral,0.2,18,13,53.2,(16;16),rest,60,1,0
mistral,0.2,18,14,49.6,(16;16),rest,60,1,0
mistral,0.2,18,15,46.0,(16;16),rest,60,1,0
mistral,0.2,18,16,42.4,(16;16),rest,60,1,0
mistral,0.2,18,17,38.8,(16;16),rest,60,1,0
mistral,0.2,18,18,35.2,(16;16),rest,60,1,0
mistral,0.2,18,19,31.6,(16;16),rest,60,1,0
mistral,0.2,18,20,28.0,(16;16),rest,60,1,0
mistral,0.2,18,21,24.4,(16;16),rest,60,1,0
mistral,0.2,18,22,20.8,(16;16),rest,60,1,0
mistral,0.2,18,23,17.2,(16;16),rest,60,1,0
mistral,0.2,18,24,13.6,(16;16),rest,60,1,0
mistral,0.2,18,25,10.0,(16;16),rest,60,1,0
mistral,0.2,18,26,6.4,(16;16),rest,60,1,0
mistral,0.2,18,27,2.8,(16;16),rest,60,1,0
mistral,0.2,18,28,-0.8,(16;16),rest,60,1,0
mistral,0.2,19,1,96.4,(16;16),rest,60,1,0
mistral,0.2,19,2,92.8,(16;16),rest,60,1,0
mistral,0.2,19,3,89.2,(16;16),rest,60,1,0
mistral,0.2,19,4,85.6,(16;16),rest,60,1,0
mistral,0.2,19,5,82.0,(16;16),rest,60,1,0
mistral,0.2,19,6,78.4,(16;16),rest,60,1,0
mistral,0.2,19,7,74.3,(16;15),move,60,1,0
mistral,0.2,19,8,70.23,(16;16),move,57,1,0
mistral,0.2,19,9,66.15,(16;15),move,58,1,0
mistral,0.2,19,10,62.08,(16;16),move,57,1,0
mistral,0.2,19,11,58.0,(16;15),move,58,1,0
mistral,0.2,19,12,53.93,(16;16),move,57,1,0
mistral,0.2,19,13,49.85,(16;15),move,58,1,0
mistral,0.2,19,14,45.78,(16;16),move,57,1,0
mistral,0.2,19,15,41.7,(16;15),move,58,1,0
mistral,0.2,19,16,37.63,(16;16),move,57,1,0
mistral,0.2,19,17,33.55,(16;15),move,58,1,0
mistral,0.2,19,18,29.48,(16;16),move,57,1,0
mistral,0.2,19,19,25.4,(16;15),move,58,1,0
mistral,0.2,19,20,21.33,(16;16),move,57,1,0
mistral,0.2,19,21,17.25,(16;15),move,58,1,0
mistral,0.2,19,22,13.18,(16;16),move,57,1,0
mistral,0.2,19,23,9.1,(16;15),move,58,1,0
mistral,0.2,19,24,5.03,(16;16),move,57,1,0
mistral,0.2,19,25,1.43,(16;16),rest,60,1,0
mistral,0.2,19,25,-1.13,(16;16),rest,56,1,0
mistral,0.2,20,1,96.46,(16;16),rest,54,1,0
mistral,0.2,20,2,92.92,(16;16),rest,54,1,0
mistral,0.2,20,3,89.32,(16;16),rest,60,1,0
mistral,0.2,20,4,85.72,(16;16),rest,60,1,0
mistral,0.2,20,5,82.12,(16;16),rest,60,1,0
mistral,0.2,20,6,78.52,(16;16),rest,60,1,0
mistral,0.2,20,7,74.92,(16;16),rest,60,1,0
mistral,0.2,20,8,71.32,(16;16),rest,60,1,0
mistral,0.2,20,9,67.72,(16;16),rest,60,1,0
mistral,0.2,20,10,64.12,(16;16),rest,60,1,0
mistral,0.2,20,11,60.52,(16;16),rest,60,1,0
mistral,0.2,20,12,56.92,(16;16),rest,60,1,0
mistral,0.2,20,13,53.32,(16;16),rest,60,1,0
mistral,0.2,20,14,49.72,(16;16),rest,60,1,0
mistral,0.2,20,15,46.12,(16;16),rest,60,1,0
mistral,0.2,20,16,42.52,(16;16),rest,60,1,0
mistral,0.2,20,17,38.92,(16;16),rest,60,1,0
mistral,0.2,20,18,35.32,(16;16),rest,60,1,0
mistral,0.2,20,19,31.72,(16;16),rest,60,1,0
mistral,0.2,20,20,28.12,(16;16),rest,60,1,0
mistral,0.2,20,21,24.52,(16;16),rest,60,1,0
mistral,0.2,20,22,20.92,(16;16),rest,60,1,0
mistral,0.2,20,23,17.32,(16;16),rest,60,1,0
mistral,0.2,20,24,13.72,(16;16),rest,60,1,0
mistral,0.2,20,25,9.66,(16;17),move,56,1,0
mistral,0.2,20,26,5.62,(16;18),move,54,1,0
mistral,0.2,20,27,1.58,(16;19),move,54,1,0
mistral,0.2,20,27,-1.02,(16;19),rest,60,1,0
mistral,0.2,21,1,96.4,(16;16),rest,60,1,0
mistral,0.2,21,2,92.8,(16;16),rest,60,1,0
mistral,0.2,21,3,89.2,(16;16),rest,60,1,0
mistral,0.2,21,4,85.6,(16;16),rest,60,1,0
mistral,0.2,21,5,82.0,(16;16),rest,60,1,0
mistral,0.2,21,6,78.4,(16;16),rest,60,1,0
mistral,0.2,21,7,74.8,(16;16),rest,60,1,0
mistral,0.2,21,8,71.2,(16;16),rest,60,1,0
mistral,0.2,21,9,67.6,(16;16),rest,60,1,0
mistral,0.2,21,10,64.0,(16;16),rest,60,1,0
mistral,0.2,21,11,60.4,(16;16),rest,60,1,0
mistral,0.2,21,12,56.8,(16;16),rest,60,1,0
mistral,0.2,21,13,53.2,(16;16),rest,60,1,0
mistral,0.2,21,14,49.6,(16;16),rest,60,1,0
mistral,0.2,21,15,46.0,(16;16),rest,60,1,0
mistral,0.2,21,16,42.4,(16;16),rest,60,1,0
mistral,0.2,21,17,38.8,(16;16),rest,60,1,0
mistral,0.2,21,18,35.2,(16;16),rest,60,1,0
mistral,0.2,21,19,31.6,(16;16),rest,60,1,0
mistral,0.2,21,20,28.0,(16;16),rest,60,1,0
mistral,0.2,21,21,24.4,(16;16),rest,60,1,0
mistral,0.2,21,22,20.8,(16;16),rest,60,1,0
mistral,0.2,21,23,17.2,(16;16),rest,60,1,0
mistral,0.2,21,24,13.6,(16;16),rest,60,1,0
mistral,0.2,21,25,10.0,(16;16),rest,60,1,0
mistral,0.2,21,26,6.4,(16;16),rest,60,1,0
mistral,0.2,21,27,2.8,(16;16),rest,60,1,0
mistral,0.2,21,28,-0.8,(16;16),rest,60,1,0
mistral,0.2,22,1,95.91,(15;15),move,59,1,0
mistral,0.2,22,2,92.31,(15;15),rest,60,1,0
mistral,0.2,22,3,88.71,(15;15),rest,60,1,0
mistral,0.2,22,4,84.61,(14;15),move,60,1,0
mistral,0.2,22,5,80.51,(13;15),move,60,1,0
mistral,0.2,22,6,94.41,(13;15),forage,60,1,0
mistral,0.2,22,7,90.31,(12;15),move,60,1,0
mistral,0.2,22,8,100.0,(12;15),forage,60,0,0
mistral,0.2,22,9,95.95,(12;16),move,55,0,0
mistral,0.2,22,10,92.35,(12;16),rest,60,0,0
mistral,0.2,22,11,88.25,(12;17),move,60,0,0
mistral,0.2,22,12,84.65,(12;17),rest,60,0,0
mistral,0.2,22,13,100.0,(12;17),forage,60,0,0
mistral,0.2,22,14,95.93,(11;18),move,57,0,0
mistral,0.2,22,15,91.84,(10;19),move,59,0,0
mistral,0.2,22,16,100.0,(10;19),forage,60,0,0
mistral,0.2,22,17,96.4,(10;19),rest,60,0,0
mistral,0.2,22,18,92.8,(10;19),rest,60,0,0
mistral,0.2,22,19,89.2,(10;19),rest,60,0,0
mistral,0.2,22,20,85.6,(10;19),rest,60,0,0
mistral,0.2,22,21,82.0,(10;19),rest,60,0,0
mistral,0.2,22,22,78.4,(10;19),rest,60,0,0
mistral,0.2,22,23,74.8,(10;19),rest,60,0,0
mistral,0.2,22,24,71.2,(10;19),rest,60,0,0
mistral,0.2,22,25,67.6,(10;19),rest,60,0,0
mistral,0.2,22,26,64.0,(10;19),rest,60,0,0
mistral,0.2,22,27,60.4,(10;19),rest,60,0,0
mistral,0.2,22,28,56.8,(10;19),rest,60,0,0
mistral,0.2,22,29,53.2,(10;19),rest,60,0,0
mistral,0.2,22,30,49.6,(10;19),rest,60,0,0
mistral,0.2,22,31,46.0,(10;19),rest,60,0,0
mistral,0.2,22,32,42.4,(10;19),rest,60,0,0
mistral,0.2,22,33,38.8,(10;19),rest,60,0,0
mistral,0.2,22,34,35.2,(10;19),rest,60,0,0
mistral,0.2,22,35,31.6,(10;19),rest,60,0,0
mistral,0.2,22,36,28.0,(10;19),rest,60,0,0
mistral,0.2,22,37,24.4,(10;19),rest,60,0,0
mistral,0.2,22,38,20.8,(10;19),rest,60,0,0
mistral,0.2,22,39,17.2,(10;19),rest,60,0,0
mistral,0.2,22,40,13.6,(10;19),rest,60,0,0
mistral,0.2,22,41,9.54,(9;20),move,56,0,0
mistral,0.2,22,42,5.48,(9;20),move,56,0,0
mistral,0.2,22,43,1.39,(8;21),move,59,0,0
mistral,0.2,22,43,-1.2,(8;21),rest,59,0,0
mistral,0.2,23,1,96.4,(16;16),rest,60,1,0
mistral,0.2,23,2,92.8,(16;16),rest,60,1,0
mistral,0.2,23,3,89.2,(16;16),rest,60,1,0
mistral,0.2,23,4,85.6,(16;16),rest,60,1,0
mistral,0.2,23,5,82.0,(16;16),rest,60,1,0
mistral,0.2,23,6,78.4,(16;16),rest,60,1,0
mistral,0.2,23,7,74.8,(16;16),rest,60,1,0
mistral,0.2,23,8,71.2,(16;16),rest,60,1,0
mistral,0.2,23,9,67.6,(16;16),rest,60,1,0
mistral,0.2,23,10,64.0,(16;16),rest,60,1,0
mistral,0.2,23,11,60.4,(16;16),rest,60,1,0
mistral,0.2,23,12,56.8,(16;16),rest,60,1,0
mistral,0.2,23,13,53.2,(16;16),rest,60,1,0
mistral,0.2,23,14,49.6,(16;16),rest,60,1,0
mistral,0.2,23,15,46.0,(16;16),rest,60,1,0
mistral,0.2,23,16,42.4,(16;16),rest,60,1,0
mistral,0.2,23,17,38.8,(16;16),rest,60,1,0
mistral,0.2,23,18,35.2,(16;16),rest,60,1,0
mistral,0.2,23,19,31.6,(16;16),rest,60,1,0
mistral,0.2,23,20,28.0,(16;16),rest,60,1,0
mistral,0.2,23,21,24.4,(16;16),rest,60,1,0
mistral,0.2,23,22,20.8,(16;16),rest,60,1,0
mistral,0.2,23,23,17.2,(16;16),rest,60,1,0
mistral,0.2,23,24,13.6,(16;16),rest,60,1,0
mistral,0.2,23,25,10.0,(16;16),rest,60,1,0
gemini-2.0-flash,0.2,1,1,97.0,(16;16),rest,0,0,0
gemini-2.0-flash,0.2,1,2,94.0,(16;16),rest,0,0,0
gemini-2.0-flash,0.2,1,3,91.0,(16;16),rest,0,0,0
gemini-2.0-flash,0.2,1,1,97.0,(16;16),rest,0,0,0
gemini-2.0-flash,0.2,1,2,94.0,(16;16),rest,0,0,0
gemini-2.0-flash,0.2,1,3,91.0,(16;16),rest,0,0,0
gemini-2.0-flash,0.2,1,4,88.0,(16;16),rest,0,0,0
gemini-2.0-flash,0.2,1,5,85.0,(16;16),rest,0,0,0
gemini-2.0-flash,0.2,1,6,82.0,(16;16),rest,0,0,0
gemini-2.0-flash,0.2,1,7,79.0,(16;16),rest,0,0,0
gemini-2.0-flash,0.2,1,8,76.0,(16;16),rest,0,0,0
gemini-2.0-flash,0.2,1,9,73.0,(16;16),rest,0,0,0
gemini-2.0-flash,0.2,1,10,70.0,(16;16),rest,0,0,0
gemini-2.0-flash,0.2,1,11,67.0,(16;16),rest,0,0,0
gemini-2.0-flash,0.2,1,12,64.0,(16;16),rest,0,0,0
gemini-2.0-flash,0.2,1,13,61.0,(16;16),rest,0,0,0
gemini-flash-latest,0.2,1,1,95.8,(15;16),move,70,0,0
gemini-flash-latest,0.2,1,2,91.83,(14;16),move,47,0,0
gemini-flash-latest,0.2,1,3,88.44,(14;16),rest,39,0,0
gemini-flash-latest,0.2,1,4,84.53,(13;16),move,41,0,0
gemini-flash-latest,0.2,1,5,80.93,(13;16),rest,60,0,0
gemini-flash-latest,0.2,1,6,76.87,(12;16),move,56,0,0
gemini-flash-latest,0.2,1,7,72.9,(11;16),move,47,0,0
gemini-flash-latest,0.2,1,8,68.87,(10;16),move,53,0,0
gemini-flash-latest,0.2,1,9,64.86,(9;16),move,51,0,0
gemini-flash-latest,0.2,1,10,60.91,(8;16),move,45,0,0
gemini-flash-latest,0.2,1,11,57.01,(7;16),move,40,0,0
gemini-flash-latest,0.2,1,12,52.93,(6;16),move,58,0,0
gemini-flash-latest,0.2,1,13,49.37,(6;16),rest,56,0,0
gemini-flash-latest,0.2,1,14,45.93,(6;16),rest,44,0,0
gemini-flash-latest,0.2,1,15,42.28,(6;16),rest,65,0,0
gemini-flash-latest,0.2,1,16,38.85,(6;16),rest,43,0,0
gemini-flash-latest,0.2,1,17,34.83,(5;16),move,52,0,0
gemini-flash-latest,0.2,1,18,30.71,(4;16),move,62,0,0
gemini-flash-latest,0.2,1,19,26.58,(3;16),move,63,0,0
gemini-flash-latest,0.2,1,20,22.52,(2;16),move,56,0,0
gemini-flash-latest,0.2,1,21,18.5,(2;15),move,52,0,0
gemini-flash-latest,0.2,1,22,15.5,(2;15),rest,0,0,0
gemini-flash-latest,0.2,1,23,12.5,(2;15),rest,0,0,0
gemini-flash-latest,0.2,1,24,9.5,(2;15),rest,0,0,0
gemini-flash-latest,0.2,1,1,95.97,(17;16),move,53,0,0
gemini-flash-latest,0.2,1,2,92.07,(18;16),move,40,0,0
gemini-flash-latest,0.2,1,3,89.07,(18;16),rest,0,0,0
gemini-3.1-flash-lite,0.2,1,1,95.93,(17;16),move,57,0,0
gemini-3.1-flash-lite,0.2,1,2,91.9,(18;16),move,53,0,0
gemini-3.1-flash-lite,0.2,1,3,87.94,(19;16),move,46,0,0
gemini-3.1-flash-lite,0.2,1,4,83.98,(20;16),move,46,0,0
gemini-3.1-flash-lite,0.2,1,5,80.02,(21;16),move,46,0,0
gemini-3.1-flash-lite,0.2,1,6,75.95,(22;15),move,57,0,0
gemini-3.1-flash-lite,0.2,1,7,71.95,(23;15),move,50,0,0
gemini-3.1-flash-lite,0.2,1,8,67.95,(24;15),move,50,0,0
gemini-3.1-flash-lite,0.2,1,9,83.84,(24;15),forage,35,0,0
gemini-3.1-flash-lite,0.2,1,10,79.82,(24;14),move,52,0,0
gemini-3.1-flash-lite,0.2,1,11,75.82,(24;13),move,50,0,0
gemini-3.1-flash-lite,0.2,1,12,71.82,(24;12),move,50,0,0
gemini-3.1-flash-lite,0.2,1,13,67.78,(23;12),move,54,0,0
gemini-3.1-flash-lite,0.2,1,14,63.75,(22;12),move,53,0,0
gemini-3.1-flash-lite,0.2,1,15,59.76,(21;12),move,49,0,0
gemini-3.1-flash-lite,0.2,1,16,55.78,(20;12),move,48,0,0
gemini-3.1-flash-lite,0.2,1,17,51.8,(19;12),move,48,0,0
gemini-3.1-flash-lite,0.2,1,18,47.78,(18;12),move,52,0,0
gemini-3.1-flash-lite,0.2,1,19,43.76,(17;12),move,52,0,0
gemini-3.1-flash-lite,0.2,1,20,39.75,(16;12),move,51,0,0
gemini-3.1-flash-lite,0.2,1,21,35.74,(16;12),move,51,0,0
gemini-3.1-flash-lite,0.2,1,22,31.74,(16;13),move,50,0,0
gemini-3.1-flash-lite,0.2,1,23,27.76,(16;14),move,48,0,0
gemini-3.1-flash-lite,0.2,1,24,23.74,(16;15),move,52,0,0
gemini-3.1-flash-lite,0.2,1,25,19.71,(16;16),move,53,0,0
gemini-3.1-flash-lite,0.2,1,26,15.65,(16;17),move,56,0,0
gemini-3.1-flash-lite,0.2,1,27,11.65,(16;18),move,50,0,0
gemini-3.1-flash-lite,0.2,1,28,7.65,(16;19),move,50,0,0
gemini-3.1-flash-lite,0.2,1,29,3.66,(16;20),move,49,0,0
gemini-3.1-flash-lite,0.2,1,30,-0.33,(16;20),move,49,0,0
gemini-3.1-flash-lite,0.2,2,1,95.79,(17;16),move,71,0,0
gemini-3.1-flash-lite,0.2,2,2,91.75,(18;16),move,54,0,0
gemini-3.1-flash-lite,0.2,2,3,87.77,(19;16),move,48,0,0
gemini-3.1-flash-lite,0.2,2,4,83.84,(20;16),move,43,0,0
gemini-3.1-flash-lite,0.2,2,5,79.93,(21;16),move,41,0,0
gemini-3.1-flash-lite,0.2,2,6,76.02,(22;16),move,41,0,0
gemini-3.1-flash-lite,0.2,2,7,71.85,(22;17),move,67,0,0
gemini-3.1-flash-lite,0.2,2,8,67.76,(21;18),move,59,0,0
gemini-3.1-flash-lite,0.2,2,9,63.72,(20;19),move,54,0,0
gemini-3.1-flash-lite,0.2,2,10,59.73,(19;20),move,49,0,0
gemini-3.1-flash-lite,0.2,2,11,55.68,(18;21),move,55,0,0
gemini-3.1-flash-lite,0.2,2,12,51.63,(17;22),move,55,0,0
gemini-3.1-flash-lite,0.2,2,13,47.64,(16;23),move,49,0,0
gemini-3.1-flash-lite,0.2,2,14,60.46,(16;23),forage,35,0,0
gemini-3.1-flash-lite,0.2,2,15,56.37,(16;22),move,59,0,0
gemini-3.1-flash-lite,0.2,2,16,52.33,(16;22),move,54,0,0
gemini-3.1-flash-lite,0.2,2,17,48.34,(17;22),move,49,0,0
gemini-3.1-flash-lite,0.2,2,18,44.26,(18;21),move,58,0,0
gemini-3.1-flash-lite,0.2,2,19,40.27,(19;20),move,49,0,0
gemini-3.1-flash-lite,0.2,2,20,36.25,(20;19),move,52,0,0
gemini-3.1-flash-lite,0.2,2,21,32.21,(20;18),move,54,0,0
gemini-3.1-flash-lite,0.2,2,22,28.2,(20;17),move,51,0,0
gemini-3.1-flash-lite,0.2,2,23,24.17,(20;16),move,53,0,0
gemini-3.1-flash-lite,0.2,2,24,20.19,(20;15),move,48,0,0
gemini-3.1-flash-lite,0.2,2,25,16.18,(20;14),move,51,0,0
gemini-3.1-flash-lite,0.2,2,26,12.17,(20;14),move,51,0,0
gemini-3.1-flash-lite,0.2,2,27,8.19,(21;14),move,48,0,0
gemini-3.1-flash-lite,0.2,2,28,4.1,(22;14),move,59,0,0
gemini-3.1-flash-lite,0.2,2,29,-0.04,(23;14),move,64,0,0
gemini-3.1-flash-lite,0.2,3,1,95.91,(17;16),move,59,0,0
gemini-3.1-flash-lite,0.2,3,2,91.95,(18;16),move,46,0,0
gemini-3.1-flash-lite,0.2,3,3,87.97,(19;16),move,48,0,0
gemini-3.1-flash-lite,0.2,3,4,83.99,(20;16),move,48,0,0
gemini-3.1-flash-lite,0.2,3,5,80.05,(21;16),move,44,0,0
gemini-3.1-flash-lite,0.2,3,6,76.14,(22;16),move,41,0,0
gemini-3.1-flash-lite,0.2,3,7,71.97,(23;16),move,67,0,0
gemini-3.1-flash-lite,0.2,3,8,67.9,(23;17),move,57,0,0
gemini-3.1-flash-lite,0.2,3,9,63.74,(23;18),move,66,0,0
gemini-3.1-flash-lite,0.2,3,10,59.64,(23;19),move,60,0,0
gemini-3.1-flash-lite,0.2,3,11,55.6,(23;20),move,54,0,0
gemini-3.1-flash-lite,0.2,3,12,51.57,(23;21),move,53,0,0
gemini-3.1-flash-lite,0.2,3,13,47.53,(23;22),move,54,0,0
gemini-3.1-flash-lite,0.2,3,14,43.54,(24;23),move,49,0,0
gemini-3.1-flash-lite,0.2,3,15,39.55,(25;24),move,49,0,0
gemini-3.1-flash-lite,0.2,3,16,35.56,(25;25),move,49,0,0
gemini-3.1-flash-lite,0.2,3,17,100.0,(25;25),attempt_vault,37,0,0
gemini-3.1-flash-lite,0.2,3,18,95.89,(26;26),move,61,0,0
gemini-3.1-flash-lite,0.2,3,19,91.9,(26;27),move,49,0,0
gemini-3.1-flash-lite,0.2,3,20,100.0,(26;27),forage,36,0,0
gemini-3.1-flash-lite,0.2,3,21,95.98,(27;27),move,52,0,0
gemini-3.1-flash-lite,0.2,3,22,91.91,(28;27),move,57,0,0
gemini-3.1-flash-lite,0.2,3,23,87.96,(29;27),move,45,0,0
gemini-3.1-flash-lite,0.2,3,24,83.96,(29;26),move,50,0,0
gemini-3.1-flash-lite,0.2,3,25,79.94,(29;25),move,52,0,0
gemini-3.1-flash-lite,0.2,3,26,75.96,(29;24),move,48,0,0
gemini-3.1-flash-lite,0.2,3,27,72.01,(29;23),move,45,0,0
gemini-3.1-flash-lite,0.2,3,28,68.06,(29;22),move,45,0,0
gemini-3.1-flash-lite,0.2,3,29,64.11,(29;21),move,45,0,0
gemini-3.1-flash-lite,0.2,3,30,60.16,(29;20),move,45,0,0
gemini-3.1-flash-lite,0.2,3,31,56.21,(29;20),move,45,0,0
gemini-3.1-flash-lite,0.2,3,32,52.15,(28;20),move,56,0,0
gemini-3.1-flash-lite,0.2,3,33,48.1,(27;20),move,55,0,0
gemini-3.1-flash-lite,0.2,3,34,44.1,(26;20),move,50,0,0
gemini-3.1-flash-lite,0.2,3,35,40.03,(25;20),move,57,0,0
gemini-3.1-flash-lite,0.2,3,36,35.95,(24;20),move,58,0,0
gemini-3.1-flash-lite,0.2,3,37,31.87,(23;20),move,58,0,0
gemini-3.1-flash-lite,0.2,3,38,27.79,(22;20),move,58,0,0
gemini-3.1-flash-lite,0.2,3,39,23.71,(21;20),move,58,0,0
gemini-3.1-flash-lite,0.2,3,40,19.63,(21;20),move,58,0,0
gemini-3.1-flash-lite,0.2,3,41,15.68,(21;21),move,45,0,0
gemini-3.1-flash-lite,0.2,3,42,11.69,(21;22),move,49,0,0
gemini-3.1-flash-lite,0.2,3,43,7.64,(21;23),move,55,0,0
gemini-3.1-flash-lite,0.2,3,44,3.59,(21;24),move,55,0,0
gemini-3.1-flash-lite,0.2,3,45,-0.46,(21;25),move,55,0,0
gemini-3.1-flash-lite,0.2,4,1,95.93,(17;15),move,57,0,0
gemini-3.1-flash-lite,0.2,4,2,91.9,(18;14),move,53,0,0
gemini-3.1-flash-lite,0.2,4,3,87.86,(19;13),move,54,0,0
gemini-3.1-flash-lite,0.2,4,4,100.0,(19;13),forage,36,0,0
gemini-3.1-flash-lite,0.2,4,5,95.82,(18;12),move,68,0,0
gemini-3.1-flash-lite,0.2,4,6,91.8,(17;11),move,52,0,0
gemini-3.1-flash-lite,0.2,4,7,87.84,(16;11),move,46,0,0
gemini-3.1-flash-lite,0.2,4,8,100.0,(16;11),forage,33,0,0
gemini-3.1-flash-lite,0.2,4,9,96.02,(17;11),move,48,0,0
gemini-3.1-flash-lite,0.2,4,10,91.94,(18;11),move,58,0,0
gemini-3.1-flash-lite,0.2,4,11,87.92,(19;11),move,52,0,0
gemini-3.1-flash-lite,0.2,4,12,83.97,(20;11),move,45,0,0
gemini-3.1-flash-lite,0.2,4,13,80.06,(21;11),move,41,0,0
gemini-3.1-flash-lite,0.2,4,14,76.05,(22;11),move,51,0,0
gemini-3.1-flash-lite,0.2,4,15,71.91,(23;11),move,64,0,0
gemini-3.1-flash-lite,0.2,4,16,67.88,(24;11),move,53,0,0
gemini-3.1-flash-lite,0.2,4,17,63.67,(25;11),move,71,0,0
gemini-3.1-flash-lite,0.2,4,18,59.66,(26;11),move,51,0,0
gemini-3.1-flash-lite,0.2,4,19,55.65,(27;11),move,51,0,0
gemini-3.1-flash-lite,0.2,4,20,51.62,(28;11),move,53,0,0
gemini-3.1-flash-lite,0.2,4,21,47.54,(29;10),move,58,0,0
gemini-3.1-flash-lite,0.2,4,22,43.48,(29;10),move,56,0,0
gemini-3.1-flash-lite,0.2,4,23,39.28,(28;9),move,70,0,0
gemini-3.1-flash-lite,0.2,4,24,35.3,(28;9),move,48,0,0
gemini-3.1-flash-lite,0.2,4,25,31.07,(27;9),move,73,0,0
gemini-3.1-flash-lite,0.2,4,26,27.09,(27;9),move,48,0,0
gemini-3.1-flash-lite,0.2,4,27,22.89,(27;8),move,70,0,0
gemini-3.1-flash-lite,0.2,4,28,18.9,(28;7),move,49,0,0
gemini-3.1-flash-lite,0.2,4,29,37.01,(28;7),forage,36,0,0
gemini-3.1-flash-lite,0.2,4,30,32.85,(27;6),move,66,0,0
gemini-3.1-flash-lite,0.2,4,31,28.83,(26;6),move,52,0,0
gemini-3.1-flash-lite,0.2,4,32,24.8,(25;6),move,53,0,0
gemini-3.1-flash-lite,0.2,4,33,11.42,(25;6),attempt_vault,38,0,0
gemini-3.1-flash-lite,0.2,4,34,7.28,(26;5),move,64,0,0
gemini-3.1-flash-lite,0.2,4,35,3.27,(27;4),move,51,0,0
gemini-3.1-flash-lite,0.2,4,36,16.31,(27;4),forage,40,0,0
gemini-3.1-flash-lite,0.2,4,37,12.08,(26;5),move,73,0,0
gemini-3.1-flash-lite,0.2,4,38,8.04,(25;6),move,54,0,0
gemini-3.1-flash-lite,0.2,4,39,3.81,(26;6),move,73,0,0
gemini-3.1-flash-lite,0.2,4,40,-0.35,(27;6),move,66,0,0
gemini-3.1-flash-lite,0.2,5,1,95.79,(17;16),move,71,0,0
gemini-3.1-flash-lite,0.2,5,2,91.74,(18;16),move,55,0,0
gemini-3.1-flash-lite,0.2,5,3,87.76,(19;16),move,48,0,0
gemini-3.1-flash-lite,0.2,5,4,83.77,(20;16),move,49,0,0
gemini-3.1-flash-lite,0.2,5,5,79.85,(21;16),move,42,0,0
gemini-3.1-flash-lite,0.2,5,6,75.95,(22;16),move,40,0,0
gemini-3.1-flash-lite,0.2,5,7,71.83,(22;17),move,62,0,0
gemini-3.1-flash-lite,0.2,5,8,67.64,(22;17),move,69,0,0
gemini-3.1-flash-lite,0.2,5,9,63.6,(21;17),move,54,0,0
gemini-3.1-flash-lite,0.2,5,10,59.62,(20;17),move,48,0,0
gemini-3.1-flash-lite,0.2,5,11,55.71,(19;17),move,41,0,0
gemini-3.1-flash-lite,0.2,5,12,51.79,(18;17),move,42,0,0
gemini-3.1-flash-lite,0.2,5,13,47.81,(17;17),move,48,0,0
gemini-3.1-flash-lite,0.2,5,14,43.9,(16;17),move,41,0,0
gemini-3.1-flash-lite,0.2,5,15,39.98,(15;17),move,42,0,0
gemini-3.1-flash-lite,0.2,5,16,36.06,(14;17),move,42,0,0
gemini-3.1-flash-lite,0.2,5,17,32.14,(13;17),move,42,0,0
gemini-3.1-flash-lite,0.2,5,18,28.22,(12;17),move,42,0,0
gemini-3.1-flash-lite,0.2,5,19,24.3,(11;17),move,42,0,0
gemini-3.1-flash-lite,0.2,5,20,20.38,(10;17),move,42,0,0
gemini-3.1-flash-lite,0.2,5,21,16.46,(9;17),move,42,0,0
gemini-3.1-flash-lite,0.2,5,22,12.42,(8;17),move,54,0,0
gemini-3.1-flash-lite,0.2,5,23,8.35,(7;17),move,57,0,0
gemini-3.1-flash-lite,0.2,5,24,4.32,(6;17),move,53,0,0
gemini-3.1-flash-lite,0.2,5,25,0.26,(5;17),move,56,0,0
gemini-3.1-flash-lite,0.2,5,25,-2.29,(5;17),rest,55,0,0
gemini-3.1-flash-lite,0.2,6,1,95.84,(17;16),move,66,0,0
gemini-3.1-flash-lite,0.2,6,2,91.8,(18;16),move,54,0,0
gemini-3.1-flash-lite,0.2,6,3,87.82,(19;16),move,48,0,0
gemini-3.1-flash-lite,0.2,6,4,83.84,(20;16),move,48,0,0
gemini-3.1-flash-lite,0.2,6,5,79.86,(21;16),move,48,0,0
gemini-3.1-flash-lite,0.2,6,6,75.88,(22;16),move,48,0,0
gemini-3.1-flash-lite,0.2,6,7,71.72,(22;17),move,66,0,0
gemini-3.1-flash-lite,0.2,6,8,67.64,(22;17),move,58,0,0
gemini-3.1-flash-lite,0.2,6,9,63.59,(21;17),move,55,0,0
gemini-3.1-flash-lite,0.2,6,10,59.56,(20;17),move,53,0,0
gemini-3.1-flash-lite,0.2,6,11,55.58,(19;17),move,48,0,0
gemini-3.1-flash-lite,0.2,6,12,51.6,(18;17),move,48,0,0
gemini-3.1-flash-lite,0.2,6,13,47.69,(17;17),move,41,0,0
gemini-3.1-flash-lite,0.2,6,14,43.78,(16;17),move,41,0,0
gemini-3.1-flash-lite,0.2,6,15,39.87,(15;17),move,41,0,0
gemini-3.1-flash-lite,0.2,6,16,35.96,(14;17),move,41,0,0
gemini-3.1-flash-lite,0.2,6,17,31.92,(13;18),move,54,0,0
gemini-3.1-flash-lite,0.2,6,18,27.9,(12;18),move,52,0,0
gemini-3.1-flash-lite,0.2,6,19,23.89,(11;18),move,51,0,0
gemini-3.1-flash-lite,0.2,6,20,45.35,(11;18),forage,35,0,0
gemini-3.1-flash-lite,0.2,6,21,41.21,(12;19),move,64,0,0
gemini-3.1-flash-lite,0.2,6,22,37.23,(12;20),move,48,0,0
gemini-3.1-flash-lite,0.2,6,23,33.21,(12;21),move,52,0,0
gemini-3.1-flash-lite,0.2,6,24,54.63,(12;21),forage,35,0,0
gemini-3.1-flash-lite,0.2,6,25,50.65,(12;20),move,48,0,0
gemini-3.1-flash-lite,0.2,6,26,46.63,(12;19),move,52,0,0
gemini-3.1-flash-lite,0.2,6,27,42.61,(12;18),move,52,0,0
gemini-3.1-flash-lite,0.2,6,28,38.59,(12;17),move,52,0,0
gemini-3.1-flash-lite,0.2,6,29,34.61,(12;16),move,48,0,0
gemini-3.1-flash-lite,0.2,6,30,30.63,(12;15),move,48,0,0
gemini-3.1-flash-lite,0.2,6,31,26.76,(12;14),move,37,0,0
gemini-3.1-flash-lite,0.2,6,32,22.84,(12;13),move,42,0,0
gemini-3.1-flash-lite,0.2,6,33,18.92,(12;12),move,42,0,0
gemini-3.1-flash-lite,0.2,6,34,14.88,(13;11),move,54,0,0
gemini-3.1-flash-lite,0.2,6,35,10.93,(13;11),move,45,0,0
gemini-3.1-flash-lite,0.2,6,36,6.72,(13;10),move,71,0,0
gemini-3.1-flash-lite,0.2,6,37,2.45,(13;10),move,77,0,0
gemini-3.1-flash-lite,0.2,6,37,-0.25,(13;10),rest,70,0,0
gemini-3.1-flash-lite,0.2,7,1,95.95,(17;16),move,55,0,0
gemini-3.1-flash-lite,0.2,7,2,91.91,(18;16),move,54,0,0
gemini-3.1-flash-lite,0.2,7,3,87.98,(19;16),move,43,0,0
gemini-3.1-flash-lite,0.2,7,4,84.0,(20;16),move,48,0,0
gemini-3.1-flash-lite,0.2,7,5,80.1,(21;16),move,40,0,0
gemini-3.1-flash-lite,0.2,7,6,76.06,(21;17),move,54,0,0
gemini-3.1-flash-lite,0.2,7,7,72.08,(21;18),move,48,0,0
gemini-3.1-flash-lite,0.2,7,8,68.1,(21;19),move,48,0,0
gemini-3.1-flash-lite,0.2,7,9,64.18,(21;20),move,42,0,0
gemini-3.1-flash-lite,0.2,7,10,60.27,(21;21),move,41,0,0
gemini-3.1-flash-lite,0.2,7,11,56.36,(21;22),move,41,0,0
gemini-3.1-flash-lite,0.2,7,12,52.31,(20;22),move,55,0,0
gemini-3.1-flash-lite,0.2,7,13,48.4,(19;22),move,41,0,0
gemini-3.1-flash-lite,0.2,7,14,44.49,(19;22),move,41,0,0
gemini-3.1-flash-lite,0.2,7,15,40.49,(19;22),move,50,0,0
gemini-3.1-flash-lite,0.2,7,16,36.51,(19;22),move,48,0,0
gemini-3.1-flash-lite,0.2,7,17,32.52,(20;22),move,49,0,0
gemini-3.1-flash-lite,0.2,7,18,28.59,(21;22),move,43,0,0
gemini-3.1-flash-lite,0.2,7,19,24.51,(22;22),move,58,0,0
gemini-3.1-flash-lite,0.2,7,20,20.45,(23;23),move,56,0,0
gemini-3.1-flash-lite,0.2,7,21,16.42,(24;24),move,53,0,0
gemini-3.1-flash-lite,0.2,7,22,12.42,(25;25),move,50,0,0
gemini-3.1-flash-lite,0.2,7,23,-1.0,(25;25),attempt_vault,42,0,0
gemini-3.1-flash-lite,0.2,8,1,95.76,(16;15),move,74,0,0
gemini-3.1-flash-lite,0.2,8,2,91.73,(16;14),move,53,0,0
gemini-3.1-flash-lite,0.2,8,3,87.75,(16;13),move,48,0,0
gemini-3.1-flash-lite,0.2,8,4,83.68,(17;12),move,57,0,0
gemini-3.1-flash-lite,0.2,8,5,79.64,(16;11),move,54,0,0
gemini-3.1-flash-lite,0.2,8,6,75.68,(16;11),move,46,0,0
gemini-3.1-flash-lite,0.2,8,7,71.6,(16;10),move,58,0,0
gemini-3.1-flash-lite,0.2,8,8,67.62,(15;9),move,48,0,0
gemini-3.1-flash-lite,0.2,8,9,85.39,(15;9),forage,33,0,0
gemini-3.1-flash-lite,0.2,8,10,81.43,(16;9),move,46,0,0
gemini-3.1-flash-lite,0.2,8,11,77.47,(16;9),move,46,0,0
gemini-3.1-flash-lite,0.2,8,12,73.47,(17;9),move,50,0,0
gemini-3.1-flash-lite,0.2,8,13,69.49,(18;10),move,48,0,0
gemini-3.1-flash-lite,0.2,8,14,65.54,(19;10),move,45,0,0
gemini-3.1-flash-lite,0.2,8,15,82.1,(19;10),forage,35,0,0
gemini-3.1-flash-lite,0.2,8,16,78.0,(20;9),move,60,0,0
gemini-3.1-flash-lite,0.2,8,17,74.02,(20;9),move,48,0,0
gemini-3.1-flash-lite,0.2,8,18,69.89,(20;8),move,63,0,0
gemini-3.1-flash-lite,0.2,8,19,65.9,(20;8),move,49,0,0
gemini-3.1-flash-lite,0.2,8,20,61.84,(20;7),move,56,0,0
gemini-3.1-flash-lite,0.2,8,21,57.81,(20;7),move,53,0,0
gemini-3.1-flash-lite,0.2,8,22,53.79,(20;7),move,52,0,0
gemini-3.1-flash-lite,0.2,8,23,49.71,(20;6),move,58,0,0
gemini-3.1-flash-lite,0.2,8,24,45.69,(20;6),move,52,0,0
gemini-3.1-flash-lite,0.2,8,25,41.66,(21;6),move,53,0,0
gemini-3.1-flash-lite,0.2,8,26,37.68,(22;7),move,48,0,0
gemini-3.1-flash-lite,0.2,8,27,33.53,(22;8),move,65,0,0
gemini-3.1-flash-lite,0.2,8,28,46.97,(22;8),forage,42,0,0
gemini-3.1-flash-lite,0.2,8,29,42.96,(23;7),move,51,0,0
gemini-3.1-flash-lite,0.2,8,30,38.88,(24;6),move,58,0,0
gemini-3.1-flash-lite,0.2,8,31,34.83,(25;6),move,55,0,0
gemini-3.1-flash-lite,0.2,8,32,100.0,(25;6),attempt_vault,37,0,0
gemini-3.1-flash-lite,0.2,8,33,96.02,(25;5),move,48,0,0
gemini-3.1-flash-lite,0.2,8,34,92.01,(24;4),move,51,0,0
gemini-3.1-flash-lite,0.2,8,35,88.01,(24;3),move,50,0,0
gemini-3.1-flash-lite,0.2,8,36,84.06,(24;2),move,45,0,0
gemini-3.1-flash-lite,0.2,8,37,100.0,(24;2),forage,33,0,0
gemini-3.1-flash-lite,0.2,8,38,95.97,(24;3),move,53,0,0
gemini-3.1-flash-lite,0.2,8,39,91.86,(24;4),move,61,0,0
gemini-3.1-flash-lite,0.2,8,40,87.79,(24;5),move,57,0,0
gemini-3.1-flash-lite,0.2,8,41,83.74,(24;6),move,55,0,0
gemini-3.1-flash-lite,0.2,8,42,79.65,(25;7),move,59,0,0
gemini-3.1-flash-lite,0.2,8,43,75.56,(26;8),move,59,0,0
gemini-3.1-flash-lite,0.2,8,44,71.51,(27;9),move,55,0,0
gemini-3.1-flash-lite,0.2,8,45,67.47,(28;9),move,54,0,0
gemini-3.1-flash-lite,0.2,8,46,63.36,(29;8),move,61,0,0
gemini-3.1-flash-lite,0.2,8,47,59.27,(29;7),move,59,0,0
gemini-3.1-flash-lite,0.2,8,48,55.25,(28;7),move,52,0,0
gemini-3.1-flash-lite,0.2,8,49,51.21,(27;7),move,54,0,0
gemini-3.1-flash-lite,0.2,8,50,47.19,(26;7),move,52,0,0
gemini-3.1-flash-lite,0.2,8,51,43.16,(25;7),move,53,0,0
gemini-3.1-flash-lite,0.2,8,52,39.18,(24;7),move,48,0,0
gemini-3.1-flash-lite,0.2,8,53,35.12,(23;7),move,56,0,0
gemini-3.1-flash-lite,0.2,8,54,31.06,(22;7),move,56,0,0
gemini-3.1-flash-lite,0.2,8,55,27.0,(22;7),move,56,0,0
gemini-3.1-flash-lite,0.2,8,56,22.89,(22;6),move,61,0,0
gemini-3.1-flash-lite,0.2,8,57,18.79,(22;5),move,60,0,0
gemini-3.1-flash-lite,0.2,8,58,14.77,(23;5),move,52,0,0
gemini-3.1-flash-lite,0.2,8,59,10.76,(24;5),move,51,0,0
gemini-3.1-flash-lite,0.2,8,60,6.65,(25;5),move,61,0,0
gemini-3.1-flash-lite,0.2,8,61,2.57,(26;5),move,58,0,0
gemini-3.1-flash-lite,0.2,8,61,-0.06,(26;5),rest,63,0,0
gemini-3.1-flash-lite,0.2,9,1,95.79,(17;16),move,71,0,0
gemini-3.1-flash-lite,0.2,9,2,91.73,(18;16),move,56,0,0
gemini-3.1-flash-lite,0.2,9,3,87.8,(19;16),move,43,0,0
gemini-3.1-flash-lite,0.2,9,4,83.76,(20;17),move,54,0,0
gemini-3.1-flash-lite,0.2,9,5,79.74,(21;17),move,52,0,0
gemini-3.1-flash-lite,0.2,9,6,75.74,(22;17),move,50,0,0
gemini-3.1-flash-lite,0.2,9,7,90.92,(22;17),forage,35,0,0
gemini-3.1-flash-lite,0.2,9,8,86.85,(22;16),move,57,0,0
gemini-3.1-flash-lite,0.2,9,9,82.84,(22;15),move,51,0,0
gemini-3.1-flash-lite,0.2,9,10,78.86,(22;14),move,48,0,0
gemini-3.1-flash-lite,0.2,9,11,74.88,(22;13),move,48,0,0
gemini-3.1-flash-lite,0.2,9,12,70.88,(22;12),move,50,0,0
gemini-3.1-flash-lite,0.2,9,13,66.9,(22;11),move,48,0,0
gemini-3.1-flash-lite,0.2,9,14,63.01,(22;10),move,39,0,0
gemini-3.1-flash-lite,0.2,9,15,59.12,(22;10),move,39,0,0
gemini-3.1-flash-lite,0.2,9,16,55.13,(23;10),move,49,0,0
gemini-3.1-flash-lite,0.2,9,17,51.1,(24;10),move,53,0,0
gemini-3.1-flash-lite,0.2,9,18,47.01,(24;11),move,59,0,0
gemini-3.1-flash-lite,0.2,9,19,43.01,(24;12),move,50,0,0
gemini-3.1-flash-lite,0.2,9,20,39.0,(24;13),move,51,0,0
gemini-3.1-flash-lite,0.2,9,21,34.92,(24;13),move,58,0,0
gemini-3.1-flash-lite,0.2,9,22,30.85,(24;12),move,57,0,0
gemini-3.1-flash-lite,0.2,9,23,26.77,(23;11),move,58,0,0
gemini-3.1-flash-lite,0.2,9,24,22.76,(23;10),move,51,0,0
gemini-3.1-flash-lite,0.2,9,25,18.67,(24;9),move,59,0,0
gemini-3.1-flash-lite,0.2,9,26,14.56,(25;8),move,61,0,0
gemini-3.1-flash-lite,0.2,9,27,10.56,(25;7),move,50,0,0
gemini-3.1-flash-lite,0.2,9,28,30.61,(25;7),forage,40,0,0
gemini-3.1-flash-lite,0.2,9,29,26.57,(25;6),move,54,0,0
gemini-3.1-flash-lite,0.2,9,30,100.0,(25;6),attempt_vault,48,0,0
gemini-3.1-flash-lite,0.2,9,31,93.3,(25;6),write_sign,70,0,1
gemini-3.1-flash-lite,0.2,9,32,89.29,(26;6),move,51,0,0
gemini-3.1-flash-lite,0.2,9,33,85.29,(27;6),move,50,0,0
gemini-3.1-flash-lite,0.2,9,34,81.31,(28;6),move,48,0,0
gemini-3.1-flash-lite,0.2,9,35,77.33,(29;6),move,48,0,0
gemini-3.1-flash-lite,0.2,9,36,73.33,(29;5),move,50,0,0
gemini-3.1-flash-lite,0.2,9,37,69.3,(29;4),move,53,0,0
gemini-3.1-flash-lite,0.2,9,38,65.27,(29;3),move,53,0,0
gemini-3.1-flash-lite,0.2,9,39,61.29,(29;3),move,48,0,0
gemini-3.1-flash-lite,0.2,9,40,57.3,(28;3),move,49,0,0
gemini-3.1-flash-lite,0.2,9,41,53.2,(27;3),move,60,0,0
gemini-3.1-flash-lite,0.2,9,42,49.2,(26;3),move,50,0,0
gemini-3.1-flash-lite,0.2,9,43,45.24,(25;3),move,46,0,0
gemini-3.1-flash-lite,0.2,9,44,41.07,(24;3),move,67,0,0
gemini-3.1-flash-lite,0.2,9,45,37.03,(23;3),move,54,0,0
gemini-3.1-flash-lite,0.2,9,46,33.04,(22;3),move,49,0,0
gemini-3.1-flash-lite,0.2,9,47,29.04,(21;3),move,50,0,0
gemini-3.1-flash-lite,0.2,9,48,24.98,(20;3),move,56,0,0
gemini-3.1-flash-lite,0.2,9,49,20.97,(20;3),move,51,0,0
gemini-3.1-flash-lite,0.2,9,50,16.95,(20;4),move,52,0,0
gemini-3.1-flash-lite,0.2,9,51,12.9,(19;5),move,55,0,0
gemini-3.1-flash-lite,0.2,9,52,8.87,(18;6),move,53,0,0
gemini-3.1-flash-lite,0.2,9,53,4.89,(18;7),move,48,0,0
gemini-3.1-flash-lite,0.2,9,54,23.71,(18;7),forage,40,0,0
gemini-3.1-flash-lite,0.2,9,55,19.65,(19;8),move,56,0,0
gemini-3.1-flash-lite,0.2,9,56,15.66,(20;9),move,49,0,0
gemini-3.1-flash-lite,0.2,9,57,11.64,(20;10),move,52,0,0
gemini-3.1-flash-lite,0.2,9,58,32.67,(20;10),forage,37,0,0
gemini-3.1-flash-lite,0.2,9,59,28.62,(21;10),move,55,0,0
gemini-3.1-flash-lite,0.2,9,60,24.52,(22;11),move,60,0,0
gemini-3.1-flash-lite,0.2,9,61,20.42,(23;11),move,60,0,0
gemini-3.1-flash-lite,0.2,9,62,16.28,(24;11),move,64,0,0
gemini-3.1-flash-lite,0.2,9,63,12.07,(25;11),move,71,0,0
gemini-3.1-flash-lite,0.2,9,64,7.99,(26;11),move,58,0,0
gemini-3.1-flash-lite,0.2,9,65,3.84,(27;11),move,65,0,0
gemini-3.1-flash-lite,0.2,9,66,-0.44,(28;11),move,78,0,0
gemini-3.1-flash-lite,0.2,10,1,95.95,(15;17),move,55,0,0
gemini-3.1-flash-lite,0.2,10,2,91.94,(14;18),move,51,0,0
gemini-3.1-flash-lite,0.2,10,3,100.0,(14;18),forage,36,0,0
gemini-3.1-flash-lite,0.2,10,4,95.99,(14;17),move,51,0,0
gemini-3.1-flash-lite,0.2,10,5,91.95,(14;16),move,54,0,0
gemini-3.1-flash-lite,0.2,10,6,88.06,(14;15),move,39,0,0
gemini-3.1-flash-lite,0.2,10,7,84.15,(14;14),move,41,0,0
gemini-3.1-flash-lite,0.2,10,8,80.24,(14;13),move,41,0,0
gemini-3.1-flash-lite,0.2,10,9,76.33,(14;12),move,41,0,0
gemini-3.1-flash-lite,0.2,10,10,72.23,(14;12),move,60,0,0
gemini-3.1-flash-lite,0.2,10,11,68.21,(13;12),move,52,0,0
gemini-3.1-flash-lite,0.2,10,12,64.3,(12;12),move,41,0,0
gemini-3.1-flash-lite,0.2,10,13,60.39,(12;13),move,41,0,0
gemini-3.1-flash-lite,0.2,10,14,56.27,(12;14),move,62,0,0
gemini-3.1-flash-lite,0.2,10,15,52.15,(12;15),move,62,0,0
gemini-3.1-flash-lite,0.2,10,16,48.12,(12;16),move,53,0,0
gemini-3.1-flash-lite,0.2,10,17,44.2,(12;17),move,42,0,0
gemini-3.1-flash-lite,0.2,10,18,40.19,(12;18),move,51,0,0
gemini-3.1-flash-lite,0.2,10,19,36.15,(11;19),move,54,0,0
gemini-3.1-flash-lite,0.2,10,20,32.15,(10;20),move,50,0,0
gemini-3.1-flash-lite,0.2,10,21,28.17,(10;21),move,48,0,0
gemini-3.1-flash-lite,0.2,10,22,48.36,(10;21),forage,36,0,0
gemini-3.1-flash-lite,0.2,10,23,44.32,(10;20),move,54,0,0
gemini-3.1-flash-lite,0.2,10,24,40.29,(10;20),move,53,0,0
gemini-3.1-flash-lite,0.2,10,25,36.29,(10;20),move,50,0,0
gemini-3.1-flash-lite,0.2,10,26,32.3,(10;21),move,49,0,0
gemini-3.1-flash-lite,0.2,10,27,28.29,(9;21),move,51,0,0
gemini-3.1-flash-lite,0.2,10,28,24.23,(8;21),move,56,0,0
gemini-3.1-flash-lite,0.2,10,29,20.28,(7;21),move,45,0,0
gemini-3.1-flash-lite,0.2,10,30,16.29,(6;21),move,49,0,0
gemini-3.1-flash-lite,0.2,10,31,12.22,(5;21),move,57,0,0
gemini-3.1-flash-lite,0.2,10,32,8.17,(4;22),move,55,0,0
gemini-3.1-flash-lite,0.2,10,33,4.17,(3;23),move,50,0,0
gemini-3.1-flash-lite,0.2,10,34,0.14,(2;23),move,53,0,0
gemini-3.1-flash-lite,0.2,10,34,-2.29,(2;23),rest,43,0,0
gemini-3.1-flash-lite,0.2,11,1,95.85,(15;16),move,65,0,0
gemini-3.1-flash-lite,0.2,11,2,91.72,(14;16),move,63,0,0
gemini-3.1-flash-lite,0.2,11,3,87.74,(13;16),move,48,0,0
gemini-3.1-flash-lite,0.2,11,4,83.68,(12;16),move,56,0,0
gemini-3.1-flash-lite,0.2,11,5,79.48,(11;16),move,70,0,0
gemini-3.1-flash-lite,0.2,11,6,75.35,(10;16),move,63,0,0
gemini-3.1-flash-lite,0.2,11,7,71.29,(9;16),move,56,0,0
gemini-3.1-flash-lite,0.2,11,8,67.23,(8;16),move,56,0,0
gemini-3.1-flash-lite,0.2,11,9,63.15,(7;16),move,58,0,0
gemini-3.1-flash-lite,0.2,11,10,59.17,(6;16),move,48,0,0
gemini-3.1-flash-lite,0.2,11,11,55.18,(5;16),move,49,0,0
gemini-3.1-flash-lite,0.2,11,12,51.14,(4;16),move,54,0,0
gemini-3.1-flash-lite,0.2,11,13,47.12,(3;16),move,52,0,0
gemini-3.1-flash-lite,0.2,11,14,43.13,(3;16),move,49,0,0
gemini-3.1-flash-lite,0.2,11,15,39.15,(3;17),move,48,0,0
gemini-3.1-flash-lite,0.2,11,16,35.13,(3;18),move,52,0,0
gemini-3.1-flash-lite,0.2,11,17,31.15,(3;19),move,48,0,0
gemini-3.1-flash-lite,0.2,11,18,27.16,(3;20),move,49,0,0
gemini-3.1-flash-lite,0.2,11,19,23.09,(2;21),move,57,0,0
gemini-3.1-flash-lite,0.2,11,20,19.11,(2;22),move,48,0,0
gemini-3.1-flash-lite,0.2,11,21,15.13,(2;23),move,48,0,0
gemini-3.1-flash-lite,0.2,11,22,30.58,(2;23),forage,35,0,0
gemini-3.1-flash-lite,0.2,11,23,26.47,(3;24),move,61,0,0
gemini-3.1-flash-lite,0.2,11,24,22.43,(4;25),move,54,0,0
gemini-3.1-flash-lite,0.2,11,25,18.44,(5;26),move,49,0,0
gemini-3.1-flash-lite,0.2,11,26,36.38,(5;26),forage,43,0,0
gemini-3.1-flash-lite,0.2,11,27,32.31,(6;25),move,57,0,0
gemini-3.1-flash-lite,0.2,11,28,18.88,(6;25),attempt_vault,43,0,0
gemini-3.1-flash-lite,0.2,11,29,14.77,(7;26),move,61,0,0
gemini-3.1-flash-lite,0.2,11,30,10.77,(8;26),move,50,0,0
gemini-3.1-flash-lite,0.2,11,31,32.18,(8;26),forage,44,0,0
gemini-3.1-flash-lite,0.2,11,32,28.22,(7;25),move,46,0,0
gemini-3.1-flash-lite,0.2,11,33,24.28,(6;25),move,44,0,0
gemini-3.1-flash-lite,0.2,11,34,10.93,(6;25),attempt_vault,35,0,0
gemini-3.1-flash-lite,0.2,11,35,6.95,(7;26),move,48,0,0
gemini-3.1-flash-lite,0.2,11,36,2.89,(8;27),move,56,0,0
gemini-3.1-flash-lite,0.2,11,37,-1.1,(9;27),move,49,0,0
gemini-3.1-flash-lite,0.2,12,1,95.78,(17;16),move,72,0,0
gemini-3.1-flash-lite,0.2,12,2,91.67,(18;16),move,61,0,0
gemini-3.1-flash-lite,0.2,12,3,87.74,(19;16),move,43,0,0
gemini-3.1-flash-lite,0.2,12,4,83.78,(20;16),move,46,0,0
gemini-3.1-flash-lite,0.2,12,5,79.87,(21;16),move,41,0,0
gemini-3.1-flash-lite,0.2,12,6,75.96,(22;16),move,41,0,0
gemini-3.1-flash-lite,0.2,12,7,71.9,(22;17),move,56,0,0
gemini-3.1-flash-lite,0.2,12,8,67.87,(22;17),move,53,0,0
gemini-3.1-flash-lite,0.2,12,9,63.84,(21;17),move,53,0,0
gemini-3.1-flash-lite,0.2,12,10,59.91,(20;17),move,43,0,0
gemini-3.1-flash-lite,0.2,12,11,56.0,(19;17),move,41,0,0
gemini-3.1-flash-lite,0.2,12,12,52.1,(18;17),move,40,0,0
gemini-3.1-flash-lite,0.2,12,13,48.19,(17;17),move,41,0,0
gemini-3.1-flash-lite,0.2,12,14,44.28,(16;17),move,41,0,0
gemini-3.1-flash-lite,0.2,12,15,40.37,(15;17),move,41,0,0
gemini-3.1-flash-lite,0.2,12,16,36.46,(14;17),move,41,0,0
gemini-3.1-flash-lite,0.2,12,17,32.55,(13;17),move,41,0,0
gemini-3.1-flash-lite,0.2,12,18,28.64,(12;17),move,41,0,0
gemini-3.1-flash-lite,0.2,12,19,24.73,(11;17),move,41,0,0
gemini-3.1-flash-lite,0.2,12,20,20.82,(10;17),move,41,0,0
gemini-3.1-flash-lite,0.2,12,21,16.91,(9;17),move,41,0,0
gemini-3.1-flash-lite,0.2,12,22,13.0,(8;17),move,41,0,0
gemini-3.1-flash-lite,0.2,12,23,9.06,(7;17),move,44,0,0
gemini-3.1-flash-lite,0.2,12,24,5.1,(6;17),move,46,0,0
gemini-3.1-flash-lite,0.2,12,25,1.08,(5;17),move,52,0,0
gemini-3.1-flash-lite,0.2,12,25,-1.51,(5;17),rest,59,0,0
gemini-3.1-flash-lite,0.2,13,1,95.81,(17;16),move,69,0,0
gemini-3.1-flash-lite,0.2,13,2,91.8,(18;16),move,51,0,0
gemini-3.1-flash-lite,0.2,13,3,87.79,(19;16),move,51,0,0
gemini-3.1-flash-lite,0.2,13,4,83.78,(20;16),move,51,0,0
gemini-3.1-flash-lite,0.2,13,5,79.77,(21;16),move,51,0,0
gemini-3.1-flash-lite,0.2,13,6,75.86,(22;16),move,41,0,0
gemini-3.1-flash-lite,0.2,13,7,71.79,(23;16),move,57,0,0
gemini-3.1-flash-lite,0.2,13,8,67.74,(24;16),move,55,0,0
gemini-3.1-flash-lite,0.2,13,9,63.76,(25;16),move,48,0,0
gemini-3.1-flash-lite,0.2,13,10,59.75,(26;16),move,51,0,0
gemini-3.1-flash-lite,0.2,13,11,55.67,(27;16),move,58,0,0
gemini-3.1-flash-lite,0.2,13,12,51.57,(27;17),move,60,0,0
gemini-3.1-flash-lite,0.2,13,13,47.48,(27;17),move,59,0,0
gemini-3.1-flash-lite,0.2,13,14,43.49,(26;17),move,49,0,0
gemini-3.1-flash-lite,0.2,13,15,39.46,(26;16),move,53,0,0
gemini-3.1-flash-lite,0.2,13,16,35.42,(26;15),move,54,0,0
gemini-3.1-flash-lite,0.2,13,17,31.37,(26;14),move,55,0,0
gemini-3.1-flash-lite,0.2,13,18,27.47,(26;13),move,40,0,0
gemini-3.1-flash-lite,0.2,13,19,23.49,(26;12),move,48,0,0
gemini-3.1-flash-lite,0.2,13,20,19.58,(26;11),move,41,0,0
gemini-3.1-flash-lite,0.2,13,21,15.55,(26;10),move,53,0,0
gemini-3.1-flash-lite,0.2,13,22,11.5,(26;9),move,55,0,0
gemini-3.1-flash-lite,0.2,13,23,7.48,(26;8),move,52,0,0
gemini-3.1-flash-lite,0.2,13,24,3.45,(26;7),move,53,0,0
gemini-3.1-flash-lite,0.2,13,25,15.55,(26;7),forage,40,0,0
gemini-3.1-flash-lite,0.2,13,26,11.54,(25;6),move,51,0,0
gemini-3.1-flash-lite,0.2,13,27,-1.92,(25;6),attempt_vault,46,0,0
gemini-3.1-flash-lite,0.2,14,1,95.81,(17;16),move,69,0,0
gemini-3.1-flash-lite,0.2,14,2,91.79,(18;16),move,52,0,0
gemini-3.1-flash-lite,0.2,14,3,87.77,(19;16),move,52,0,0
gemini-3.1-flash-lite,0.2,14,4,83.75,(20;16),move,52,0,0
gemini-3.1-flash-lite,0.2,14,5,79.73,(21;16),move,52,0,0
gemini-3.1-flash-lite,0.2,14,6,75.71,(22;16),move,52,0,0
gemini-3.1-flash-lite,0.2,14,7,71.59,(23;16),move,62,0,0
gemini-3.1-flash-lite,0.2,14,8,67.47,(24;16),move,62,0,0
gemini-3.1-flash-lite,0.2,14,9,63.4,(25;16),move,57,0,0
gemini-3.1-flash-lite,0.2,14,10,59.35,(26;16),move,55,0,0
gemini-3.1-flash-lite,0.2,14,11,55.34,(27;16),move,51,0,0
gemini-3.1-flash-lite,0.2,14,12,51.29,(28;16),move,55,0,0
gemini-3.1-flash-lite,0.2,14,13,47.3,(28;17),move,49,0,0
gemini-3.1-flash-lite,0.2,14,14,43.24,(28;18),move,56,0,0
gemini-3.1-flash-lite,0.2,14,15,40.24,(28;18),rest,0,0,0
gemini-3.1-flash-lite,0.2,14,16,36.13,(28;19),move,61,0,0
gemini-3.1-flash-lite,0.2,14,17,32.01,(28;20),move,62,0,0
gemini-3.1-flash-lite,0.2,14,18,29.01,(28;20),rest,0,0,0
gemini-3.1-flash-lite,0.2,14,19,26.01,(28;20),rest,0,0,0
gemini-3.1-flash-lite,0.2,14,20,23.01,(28;20),rest,0,0,0
gemini-3.1-flash-lite,0.2,14,21,20.01,(28;20),rest,0,0,0
gemini-3.1-flash-lite,0.2,14,22,17.01,(28;20),rest,0,0,0
gemini-3.1-flash-lite,0.2,14,23,14.01,(28;20),rest,0,0,0
gemini-3.1-flash-lite,0.2,14,24,11.01,(28;20),rest,0,0,0
gemini-3.1-flash-lite,0.2,14,25,8.01,(28;20),rest,0,0,0
gemini-3.1-flash-lite,0.2,14,26,5.01,(28;20),rest,0,0,0
gemini-3.1-flash-lite,0.2,14,27,2.01,(28;20),rest,0,0,0
gemini-3.1-flash-lite,0.2,14,28,-0.99,(28;20),rest,0,0,0
gemini-3.1-flash-lite,0.2,15,1,97.0,(16;16),rest,0,0,0
gemini-3.1-flash-lite,0.2,1,1,95.75,(15;16),move,75,0,0
gemini-3.1-flash-lite,0.2,1,2,91.42,(14;16),move,83,0,0
gemini-3.1-flash-lite,0.2,1,3,88.42,(14;16),rest,0,0,0
gemini-3.1-flash-lite,0.2,1,1,95.95,(17;15),move,55,0,0
gemini-3.1-flash-lite,0.2,1,2,100.0,(17;15),forage,37,0,0
gemini-3.1-flash-lite,0.2,1,3,95.99,(18;15),move,51,0,0
gemini-3.1-flash-lite,0.2,1,4,91.98,(19;15),move,51,0,0
gemini-3.1-flash-lite,0.2,1,5,88.0,(20;15),move,48,0,0
gemini-3.1-flash-lite,0.2,1,6,84.02,(21;15),move,48,0,0
gemini-3.1-flash-lite,0.2,1,7,80.13,(22;15),move,39,0,0
gemini-3.1-flash-lite,0.2,1,8,76.0,(22;14),move,63,0,0
gemini-3.1-flash-lite,0.2,1,9,71.93,(22;14),move,57,0,0
gemini-3.1-flash-lite,0.2,1,10,67.92,(21;14),move,51,0,0
gemini-3.1-flash-lite,0.2,1,11,63.88,(21;14),move,54,0,0
gemini-3.1-flash-lite,0.2,1,12,59.9,(21;15),move,48,0,0
gemini-3.1-flash-lite,0.2,1,13,55.78,(20;15),move,62,0,0
gemini-3.1-flash-lite,0.2,1,14,51.73,(19;15),move,55,0,0
gemini-3.1-flash-lite,0.2,1,15,47.7,(18;15),move,53,0,0
gemini-3.1-flash-lite,0.2,1,16,43.67,(17;15),move,53,0,0
gemini-3.1-flash-lite,0.2,1,17,39.51,(16;14),move,66,0,0
gemini-3.1-flash-lite,0.2,1,18,35.51,(16;13),move,50,0,0
gemini-3.1-flash-lite,0.2,1,19,31.53,(17;13),move,48,0,0
gemini-3.1-flash-lite,0.2,1,20,27.49,(18;13),move,54,0,0
gemini-3.1-flash-lite,0.2,1,21,23.43,(19;13),move,56,0,0
gemini-3.1-flash-lite,0.2,1,22,19.39,(20;13),move,54,0,0
gemini-3.1-flash-lite,0.2,1,23,15.3,(20;13),move,59,0,0
gemini-3.1-flash-lite,0.2,1,24,11.32,(21;13),move,48,0,0
gemini-3.1-flash-lite,0.2,1,25,7.19,(22;14),move,63,0,0
gemini-3.1-flash-lite,0.2,1,26,2.88,(22;15),move,81,0,0
gemini-3.1-flash-lite,0.2,1,27,-1.34,(22;16),move,72,0,0
gemini-3.1-flash-lite,0.2,2,1,95.74,(17;16),move,76,0,0
gemini-3.1-flash-lite,0.2,2,2,91.73,(18;16),move,51,0,0
gemini-3.1-flash-lite,0.2,2,3,87.81,(19;16),move,42,0,0
gemini-3.1-flash-lite,0.2,2,4,83.89,(20;16),move,42,0,0
gemini-3.1-flash-lite,0.2,2,5,79.78,(20;17),move,61,0,0
gemini-3.1-flash-lite,0.2,2,6,75.63,(20;18),move,65,0,0
gemini-3.1-flash-lite,0.2,2,7,71.58,(20;18),move,55,0,0
gemini-3.1-flash-lite,0.2,2,8,67.35,(20;19),move,73,0,0
gemini-3.1-flash-lite,0.2,2,9,63.31,(20;19),move,54,0,0
gemini-3.1-flash-lite,0.2,2,10,59.17,(20;20),move,64,0,0
gemini-3.1-flash-lite,0.2,2,11,55.07,(20;21),move,60,0,0
gemini-3.1-flash-lite,0.2,2,12,51.02,(20;21),move,55,0,0
gemini-3.1-flash-lite,0.2,2,13,46.95,(21;21),move,57,0,0
gemini-3.1-flash-lite,0.2,2,14,42.8,(22;21),move,65,0,0
gemini-3.1-flash-lite,0.2,2,15,38.76,(23;21),move,54,0,0
gemini-3.1-flash-lite,0.2,2,16,54.22,(23;21),forage,35,0,0
gemini-3.1-flash-lite,0.2,2,17,50.05,(24;20),move,67,0,0
gemini-3.1-flash-lite,0.2,2,18,70.3,(24;20),forage,35,0,0
gemini-3.1-flash-lite,0.2,2,19,66.28,(24;20),move,52,0,0
gemini-3.1-flash-lite,0.2,2,20,62.25,(24;21),move,53,0,0
gemini-3.1-flash-lite,0.2,2,21,58.27,(23;22),move,48,0,0
gemini-3.1-flash-lite,0.2,2,22,54.09,(24;23),move,68,0,0
gemini-3.1-flash-lite,0.2,2,23,50.01,(24;24),move,58,0,0
gemini-3.1-flash-lite,0.2,2,24,45.87,(24;25),move,64,0,0
gemini-3.1-flash-lite,0.2,2,25,58.73,(24;25),forage,39,0,0
gemini-3.1-flash-lite,0.2,2,26,54.5,(25;25),move,73,0,0
gemini-3.1-flash-lite,0.2,2,27,40.91,(25;25),attempt_vault,59,0,0
gemini-3.1-flash-lite,0.2,2,28,36.69,(24;24),move,72,0,0
gemini-3.1-flash-lite,0.2,2,29,32.69,(23;24),move,50,0,0
gemini-3.1-flash-lite,0.2,2,30,28.6,(22;24),move,59,0,0
gemini-3.1-flash-lite,0.2,2,31,43.4,(22;24),forage,40,0,0
gemini-3.1-flash-lite,0.2,2,32,39.32,(23;25),move,58,0,0
gemini-3.1-flash-lite,0.2,2,33,35.15,(24;25),move,67,0,0
gemini-3.1-flash-lite,0.2,2,34,31.16,(25;25),move,49,0,0
gemini-3.1-flash-lite,0.2,2,35,17.71,(25;25),attempt_vault,45,0,0
gemini-3.1-flash-lite,0.2,2,36,13.61,(24;25),move,60,0,0
gemini-3.1-flash-lite,0.2,2,37,9.51,(23;25),move,60,0,0
gemini-3.1-flash-lite,0.2,2,38,5.44,(22;24),move,57,0,0
gemini-3.1-flash-lite,0.2,2,39,1.39,(21;23),move,55,0,0
gemini-3.1-flash-lite,0.2,2,39,-1.15,(21;23),rest,54,0,0
gemini-3.1-flash-lite,0.2,3,1,95.76,(17;16),move,74,0,0
gemini-3.1-flash-lite,0.2,3,2,91.72,(18;16),move,54,0,0
gemini-3.1-flash-lite,0.2,3,3,87.74,(19;16),move,48,0,0
gemini-3.1-flash-lite,0.2,3,4,83.84,(20;16),move,40,0,0
gemini-3.1-flash-lite,0.2,3,5,79.77,(21;16),move,57,0,0
gemini-3.1-flash-lite,0.2,3,6,75.7,(22;16),move,57,0,0
gemini-3.1-flash-lite,0.2,3,7,71.63,(23;16),move,57,0,0
gemini-3.1-flash-lite,0.2,3,8,67.61,(24;16),move,52,0,0
gemini-3.1-flash-lite,0.2,3,9,63.59,(25;16),move,52,0,0
gemini-3.1-flash-lite,0.2,3,10,59.57,(26;16),move,52,0,0
gemini-3.1-flash-lite,0.2,3,11,55.67,(27;16),move,40,0,0
gemini-3.1-flash-lite,0.2,3,12,51.77,(28;16),move,40,0,0
gemini-3.1-flash-lite,0.2,3,13,47.87,(29;16),move,40,0,0
gemini-3.1-flash-lite,0.2,3,14,43.77,(29;17),move,60,0,0
gemini-3.1-flash-lite,0.2,3,15,39.79,(29;18),move,48,0,0
gemini-3.1-flash-lite,0.2,3,16,35.75,(29;19),move,54,0,0
gemini-3.1-flash-lite,0.2,3,17,31.83,(29;20),move,42,0,0
gemini-3.1-flash-lite,0.2,3,18,27.9,(29;21),move,43,0,0
gemini-3.1-flash-lite,0.2,3,19,23.88,(29;21),move,52,0,0
gemini-3.1-flash-lite,0.2,3,20,19.76,(29;20),move,62,0,0
gemini-3.1-flash-lite,0.2,3,21,15.71,(28;20),move,55,0,0
gemini-3.1-flash-lite,0.2,3,22,11.62,(27;20),move,59,0,0
gemini-3.1-flash-lite,0.2,3,23,7.47,(26;20),move,65,0,0
gemini-3.1-flash-lite,0.2,3,24,3.36,(25;20),move,61,0,0
gemini-3.1-flash-lite,0.2,3,25,-0.7,(24;20),move,56,0,0
gemini-3.1-flash-lite,0.2,4,1,95.79,(17;16),move,71,0,0
gemini-3.1-flash-lite,0.2,4,2,91.71,(18;16),move,58,0,0
gemini-3.1-flash-lite,0.2,4,3,87.73,(19;16),move,48,0,0
gemini-3.1-flash-lite,0.2,4,4,83.81,(20;16),move,42,0,0
gemini-3.1-flash-lite,0.2,4,5,79.71,(20;17),move,60,0,0
gemini-3.1-flash-lite,0.2,4,6,75.65,(20;18),move,56,0,0
gemini-3.1-flash-lite,0.2,4,7,71.72,(20;19),move,43,0,0
gemini-3.1-flash-lite,0.2,4,8,67.79,(20;20),move,43,0,0
gemini-3.1-flash-lite,0.2,4,9,63.75,(20;21),move,54,0,0
gemini-3.1-flash-lite,0.2,4,10,59.71,(20;21),move,54,0,0
gemini-3.1-flash-lite,0.2,4,11,55.56,(19;22),move,65,0,0
gemini-3.1-flash-lite,0.2,4,12,51.52,(20;23),move,54,0,0
gemini-3.1-flash-lite,0.2,4,13,69.04,(20;23),forage,35,0,0
gemini-3.1-flash-lite,0.2,4,14,64.88,(19;24),move,66,0,0
gemini-3.1-flash-lite,0.2,4,15,60.86,(18;24),move,52,0,0
gemini-3.1-flash-lite,0.2,4,16,56.84,(17;24),move,52,0,0
gemini-3.1-flash-lite,0.2,4,17,74.01,(17;24),forage,35,0,0
gemini-3.1-flash-lite,0.2,4,18,69.93,(17;23),move,58,0,0
gemini-3.1-flash-lite,0.2,4,19,66.0,(17;22),move,43,0,0
gemini-3.1-flash-lite,0.2,4,20,62.09,(17;21),move,41,0,0
gemini-3.1-flash-lite,0.2,4,21,58.18,(17;20),move,41,0,0
gemini-3.1-flash-lite,0.2,4,22,54.27,(17;19),move,41,0,0
gemini-3.1-flash-lite,0.2,4,23,50.25,(18;18),move,52,0,0
gemini-3.1-flash-lite,0.2,4,24,46.27,(19;17),move,48,0,0
gemini-3.1-flash-lite,0.2,4,25,42.28,(20;16),move,49,0,0
gemini-3.1-flash-lite,0.2,4,26,38.24,(21;16),move,54,0,0
gemini-3.1-flash-lite,0.2,4,27,34.24,(22;16),move,50,0,0
gemini-3.1-flash-lite,0.2,4,28,30.25,(23;16),move,49,0,0
gemini-3.1-flash-lite,0.2,4,29,26.25,(24;16),move,50,0,0
gemini-3.1-flash-lite,0.2,4,30,22.25,(25;16),move,50,0,0
gemini-3.1-flash-lite,0.2,4,31,18.32,(26;16),move,43,0,0
gemini-3.1-flash-lite,0.2,4,32,14.39,(27;16),move,43,0,0
gemini-3.1-flash-lite,0.2,4,33,10.46,(28;16),move,43,0,0
gemini-3.1-flash-lite,0.2,4,34,6.36,(29;16),move,60,0,0
gemini-3.1-flash-lite,0.2,4,35,2.27,(29;15),move,59,0,0
gemini-3.1-flash-lite,0.2,4,35,-0.3,(29;15),rest,57,0,0
gemini-3.1-flash-lite,0.2,5,1,95.88,(17;16),move,62,0,0
gemini-3.1-flash-lite,0.2,5,2,91.87,(18;16),move,51,0,0
gemini-3.1-flash-lite,0.2,5,3,87.94,(19;16),move,43,0,0
gemini-3.1-flash-lite,0.2,5,4,84.01,(20;16),move,43,0,0
gemini-3.1-flash-lite,0.2,5,5,80.11,(21;16),move,40,0,0
gemini-3.1-flash-lite,0.2,5,6,76.03,(22;16),move,58,0,0
gemini-3.1-flash-lite,0.2,5,7,72.0,(22;17),move,53,0,0
gemini-3.1-flash-lite,0.2,5,8,67.96,(22;17),move,54,0,0
gemini-3.1-flash-lite,0.2,5,9,63.91,(22;16),move,55,0,0
gemini-3.1-flash-lite,0.2,5,10,59.83,(21;15),move,58,0,0
gemini-3.1-flash-lite,0.2,5,11,55.74,(22;14),move,59,0,0
gemini-3.1-flash-lite,0.2,5,12,51.74,(23;13),move,50,0,0
gemini-3.1-flash-lite,0.2,5,13,47.79,(23;12),move,45,0,0
gemini-3.1-flash-lite,0.2,5,14,65.97,(23;12),forage,35,0,0
gemini-3.1-flash-lite,0.2,5,15,61.96,(24;12),move,51,0,0
gemini-3.1-flash-lite,0.2,5,16,57.91,(25;12),move,55,0,0
gemini-3.1-flash-lite,0.2,5,17,53.92,(26;11),move,49,0,0
gemini-3.1-flash-lite,0.2,5,18,49.94,(27;11),move,48,0,0
gemini-3.1-flash-lite,0.2,5,19,45.96,(28;10),move,48,0,0
gemini-3.1-flash-lite,0.2,5,20,64.32,(28;10),forage,42,0,0
gemini-3.1-flash-lite,0.2,5,21,60.31,(29;10),move,51,0,0
gemini-3.1-flash-lite,0.2,5,22,74.2,(29;10),forage,36,0,0
gemini-3.1-flash-lite,0.2,5,23,70.2,(30;9),move,50,0,0
gemini-3.1-flash-lite,0.2,5,24,66.26,(30;8),move,44,0,0
gemini-3.1-flash-lite,0.2,5,25,62.27,(30;7),move,49,0,0
gemini-3.1-flash-lite,0.2,5,26,58.26,(30;6),move,51,0,0
gemini-3.1-flash-lite,0.2,5,27,78.13,(30;6),forage,36,0,0
gemini-3.1-flash-lite,0.2,5,28,74.1,(31;7),move,53,0,0
gemini-3.1-flash-lite,0.2,5,29,86.18,(31;7),forage,36,0,0
gemini-3.1-flash-lite,0.2,5,30,82.13,(30;6),move,55,0,0
gemini-3.1-flash-lite,0.2,5,31,78.07,(29;5),move,56,0,0
gemini-3.1-flash-lite,0.2,5,32,74.01,(28;4),move,56,0,0
gemini-3.1-flash-lite,0.2,5,33,70.0,(27;5),move,51,0,0
gemini-3.1-flash-lite,0.2,5,34,66.01,(26;6),move,49,0,0
gemini-3.1-flash-lite,0.2,5,35,62.03,(25;6),move,48,0,0
gemini-3.1-flash-lite,0.2,5,36,100.0,(25;6),attempt_vault,38,0,0
gemini-3.1-flash-lite,0.2,5,37,95.94,(26;5),move,56,0,0
gemini-3.1-flash-lite,0.2,5,38,91.92,(27;4),move,52,0,0
gemini-3.1-flash-lite,0.2,5,39,87.93,(28;3),move,49,0,0
gemini-3.1-flash-lite,0.2,5,40,83.94,(28;3),move,49,0,0
gemini-3.1-flash-lite,0.2,5,41,79.93,(28;2),move,51,0,0
gemini-3.1-flash-lite,0.2,5,42,75.89,(27;2),move,54,0,0
gemini-3.1-flash-lite,0.2,5,43,71.91,(26;2),move,48,0,0
gemini-3.1-flash-lite,0.2,5,44,67.99,(25;2),move,42,0,0
gemini-3.1-flash-lite,0.2,5,45,64.14,(24;2),move,35,0,0
gemini-3.1-flash-lite,0.2,5,46,60.29,(23;2),move,35,0,0
gemini-3.1-flash-lite,0.2,5,47,56.44,(22;2),move,35,0,0
gemini-3.1-flash-lite,0.2,5,48,52.59,(21;2),move,35,0,0
gemini-3.1-flash-lite,0.2,5,49,48.74,(21;2),move,35,0,0
gemini-3.1-flash-lite,0.2,5,50,44.74,(21;3),move,50,0,0
gemini-3.1-flash-lite,0.2,5,51,40.69,(21;4),move,55,0,0
gemini-3.1-flash-lite,0.2,5,52,36.8,(21;5),move,39,0,0
gemini-3.1-flash-lite,0.2,5,53,32.91,(21;6),move,39,0,0
gemini-3.1-flash-lite,0.2,5,54,29.04,(21;7),move,37,0,0
gemini-3.1-flash-lite,0.2,5,55,25.14,(21;8),move,40,0,0
gemini-3.1-flash-lite,0.2,5,56,21.24,(21;8),move,40,0,0
gemini-3.1-flash-lite,0.2,5,57,17.26,(21;8),move,48,0,0
gemini-3.1-flash-lite,0.2,5,58,13.27,(21;8),move,49,0,0
gemini-3.1-flash-lite,0.2,5,59,9.21,(21;7),move,56,0,0
gemini-3.1-flash-lite,0.2,5,60,5.23,(20;6),move,48,0,0
gemini-3.1-flash-lite,0.2,5,61,1.22,(20;5),move,51,0,0
gemini-3.1-flash-lite,0.2,5,61,-1.3,(20;5),rest,52,0,0
gemini-3.1-flash-lite,0.2,6,1,95.86,(15;17),move,64,0,0
gemini-3.1-flash-lite,0.2,6,2,100.0,(15;17),forage,42,0,0
gemini-3.1-flash-lite,0.2,6,3,95.91,(14;18),move,59,0,0
gemini-3.1-flash-lite,0.2,6,4,91.78,(13;18),move,63,0,0
gemini-3.1-flash-lite,0.2,6,5,87.69,(12;18),move,59,0,0
gemini-3.1-flash-lite,0.2,6,6,100.0,(12;18),forage,33,0,0
gemini-3.1-flash-lite,0.2,6,7,95.91,(12;18),move,59,0,0
gemini-3.1-flash-lite,0.2,6,8,91.83,(12;19),move,58,0,0
gemini-3.1-flash-lite,0.2,6,9,87.74,(11;20),move,59,0,0
gemini-3.1-flash-lite,0.2,6,10,99.96,(11;20),forage,33,0,0
gemini-3.1-flash-lite,0.2,6,11,95.92,(12;20),move,54,0,0
gemini-3.1-flash-lite,0.2,6,12,91.89,(13;20),move,53,0,0
gemini-3.1-flash-lite,0.2,6,13,87.88,(14;21),move,51,0,0
gemini-3.1-flash-lite,0.2,6,14,83.79,(14;21),move,59,0,0
gemini-3.1-flash-lite,0.2,6,15,79.61,(15;20),move,68,0,0
gemini-3.1-flash-lite,0.2,6,16,75.62,(16;21),move,49,0,0
gemini-3.1-flash-lite,0.2,6,17,94.23,(16;21),forage,33,0,0
gemini-3.1-flash-lite,0.2,6,18,90.21,(17;21),move,52,0,0
gemini-3.1-flash-lite,0.2,6,19,86.26,(18;21),move,45,0,0
gemini-3.1-flash-lite,0.2,6,20,82.33,(19;21),move,43,0,0
gemini-3.1-flash-lite,0.2,6,21,78.33,(20;21),move,50,0,0
gemini-3.1-flash-lite,0.2,6,22,74.42,(21;21),move,41,0,0
gemini-3.1-flash-lite,0.2,6,23,70.11,(22;21),move,81,0,0
gemini-3.1-flash-lite,0.2,6,24,66.03,(23;21),move,58,0,0
gemini-3.1-flash-lite,0.2,6,25,61.99,(24;21),move,54,0,0
gemini-3.1-flash-lite,0.2,6,26,57.96,(25;21),move,53,0,0
gemini-3.1-flash-lite,0.2,6,27,53.97,(26;21),move,49,0,0
gemini-3.1-flash-lite,0.2,6,28,49.97,(26;21),move,50,0,0
gemini-3.1-flash-lite,0.2,6,29,45.99,(26;20),move,48,0,0
gemini-3.1-flash-lite,0.2,6,30,41.99,(26;19),move,50,0,0
gemini-3.1-flash-lite,0.2,6,31,38.0,(26;18),move,49,0,0
gemini-3.1-flash-lite,0.2,6,32,34.01,(26;17),move,49,0,0
gemini-3.1-flash-lite,0.2,6,33,29.92,(26;16),move,59,0,0
gemini-3.1-flash-lite,0.2,6,34,25.92,(26;15),move,50,0,0
gemini-3.1-flash-lite,0.2,6,35,21.92,(26;14),move,50,0,0
gemini-3.1-flash-lite,0.2,6,36,17.92,(26;13),move,50,0,0
gemini-3.1-flash-lite,0.2,6,37,13.92,(26;12),move,50,0,0
gemini-3.1-flash-lite,0.2,6,38,9.92,(26;11),move,50,0,0
gemini-3.1-flash-lite,0.2,6,39,5.82,(26;10),move,60,0,0
gemini-3.1-flash-lite,0.2,6,40,1.79,(26;9),move,53,0,0
gemini-3.1-flash-lite,0.2,6,40,-1.04,(26;9),rest,83,0,0
gemini-3.1-flash-lite,0.2,7,1,95.95,(17;16),move,55,0,0
gemini-3.1-flash-lite,0.2,7,2,92.01,(18;16),move,44,0,0
gemini-3.1-flash-lite,0.2,7,3,88.08,(19;16),move,43,0,0
gemini-3.1-flash-lite,0.2,7,4,84.17,(20;16),move,41,0,0
gemini-3.1-flash-lite,0.2,7,5,80.11,(21;16),move,56,0,0
gemini-3.1-flash-lite,0.2,7,6,76.13,(22;16),move,48,0,0
gemini-3.1-flash-lite,0.2,7,7,72.03,(23;16),move,60,0,0
gemini-3.1-flash-lite,0.2,7,8,68.01,(24;16),move,52,0,0
gemini-3.1-flash-lite,0.2,7,9,63.94,(25;16),move,57,0,0
gemini-3.1-flash-lite,0.2,7,10,59.92,(26;16),move,52,0,0
gemini-3.1-flash-lite,0.2,7,11,55.89,(27;16),move,53,0,0
gemini-3.1-flash-lite,0.2,7,12,51.89,(28;16),move,50,0,0
gemini-3.1-flash-lite,0.2,7,13,47.87,(29;16),move,52,0,0
gemini-3.1-flash-lite,0.2,7,14,43.81,(29;17),move,56,0,0
gemini-3.1-flash-lite,0.2,7,15,39.75,(29;18),move,56,0,0
gemini-3.1-flash-lite,0.2,7,16,35.67,(28;17),move,58,0,0
gemini-3.1-flash-lite,0.2,7,17,31.6,(27;16),move,57,0,0
gemini-3.1-flash-lite,0.2,7,18,27.52,(27;15),move,58,0,0
gemini-3.1-flash-lite,0.2,7,19,23.48,(27;14),move,54,0,0
gemini-3.1-flash-lite,0.2,7,20,19.46,(27;13),move,52,0,0
gemini-3.1-flash-lite,0.2,7,21,15.42,(27;12),move,54,0,0
gemini-3.1-flash-lite,0.2,7,22,11.5,(27;11),move,42,0,0
gemini-3.1-flash-lite,0.2,7,23,7.52,(27;10),move,48,0,0
gemini-3.1-flash-lite,0.2,7,24,19.42,(27;10),forage,39,0,0
gemini-3.1-flash-lite,0.2,7,25,15.39,(28;10),move,53,0,0
gemini-3.1-flash-lite,0.2,7,26,11.4,(29;10),move,49,0,0
gemini-3.1-flash-lite,0.2,7,27,7.31,(29;10),move,59,0,0
gemini-3.1-flash-lite,0.2,7,28,3.25,(28;10),move,56,0,0
gemini-3.1-flash-lite,0.2,7,29,-0.83,(27;10),move,58,0,0
gemini-3.1-flash-lite,0.2,8,1,95.75,(17;16),move,75,0,0
gemini-3.1-flash-lite,0.2,8,2,91.71,(18;16),move,54,0,0
gemini-3.1-flash-lite,0.2,8,3,87.73,(19;16),move,48,0,0
gemini-3.1-flash-lite,0.2,8,4,83.75,(20;16),move,48,0,0
gemini-3.1-flash-lite,0.2,8,5,79.61,(21;16),move,64,0,0
gemini-3.1-flash-lite,0.2,8,6,75.53,(22;16),move,58,0,0
gemini-3.1-flash-lite,0.2,8,7,71.49,(23;16),move,54,0,0
gemini-3.1-flash-lite,0.2,8,8,67.43,(24;16),move,56,0,0
gemini-3.1-flash-lite,0.2,8,9,63.42,(25;16),move,51,0,0
gemini-3.1-flash-lite,0.2,8,10,59.48,(26;16),move,44,0,0
gemini-3.1-flash-lite,0.2,8,11,55.54,(27;16),move,44,0,0
gemini-3.1-flash-lite,0.2,8,12,51.53,(28;16),move,51,0,0
gemini-3.1-flash-lite,0.2,8,13,47.45,(29;16),move,58,0,0
gemini-3.1-flash-lite,0.2,8,14,43.27,(29;15),move,68,0,0
gemini-3.1-flash-lite,0.2,8,15,39.23,(29;14),move,54,0,0
gemini-3.1-flash-lite,0.2,8,16,35.25,(29;13),move,48,0,0
gemini-3.1-flash-lite,0.2,8,17,31.33,(29;12),move,42,0,0
gemini-3.1-flash-lite,0.2,8,18,27.41,(29;11),move,42,0,0
gemini-3.1-flash-lite,0.2,8,19,23.43,(29;10),move,48,0,0
gemini-3.1-flash-lite,0.2,8,20,19.45,(29;10),move,48,0,0
gemini-3.1-flash-lite,0.2,8,21,15.46,(28;10),move,49,0,0
gemini-3.1-flash-lite,0.2,8,22,11.42,(27;10),move,54,0,0
gemini-3.1-flash-lite,0.2,8,23,7.4,(26;10),move,52,0,0
gemini-3.1-flash-lite,0.2,8,24,3.36,(25;10),move,54,0,0
gemini-3.1-flash-lite,0.2,8,25,-0.67,(24;10),move,53,0,0
gemini-3.1-flash-lite,0.2,9,1,95.73,(17;16),move,77,0,0
gemini-3.1-flash-lite,0.2,9,2,91.72,(18;16),move,51,0,0
gemini-3.1-flash-lite,0.2,9,3,87.74,(19;16),move,48,0,0
gemini-3.1-flash-lite,0.2,9,4,83.73,(20;16),move,51,0,0
gemini-3.1-flash-lite,0.2,9,5,79.82,(21;16),move,41,0,0
gemini-3.1-flash-lite,0.2,9,6,75.91,(22;16),move,41,0,0
gemini-3.1-flash-lite,0.2,9,7,71.77,(23;16),move,64,0,0
gemini-3.1-flash-lite,0.2,9,8,67.58,(23;17),move,69,0,0
gemini-3.1-flash-lite,0.2,9,9,63.45,(23;18),move,63,0,0
gemini-3.1-flash-lite,0.2,9,10,59.45,(23;19),move,50,0,0
gemini-3.1-flash-lite,0.2,9,11,55.42,(23;19),move,53,0,0
gemini-3.1-flash-lite,0.2,9,12,51.37,(22;19),move,55,0,0
gemini-3.1-flash-lite,0.2,9,13,47.34,(22;19),move,53,0,0
gemini-3.1-flash-lite,0.2,9,14,43.26,(22;19),move,58,0,0
gemini-3.1-flash-lite,0.2,9,15,39.24,(22;20),move,52,0,0
gemini-3.1-flash-lite,0.2,9,16,35.16,(22;21),move,58,0,0
gemini-3.1-flash-lite,0.2,9,17,31.1,(22;22),move,56,0,0
gemini-3.1-flash-lite,0.2,9,18,27.04,(22;22),move,56,0,0
gemini-3.1-flash-lite,0.2,9,19,23.04,(23;22),move,50,0,0
gemini-3.1-flash-lite,0.2,9,20,18.97,(24;23),move,57,0,0
gemini-3.1-flash-lite,0.2,9,21,14.9,(25;24),move,57,0,0
gemini-3.1-flash-lite,0.2,9,22,10.91,(25;25),move,49,0,0
gemini-3.1-flash-lite,0.2,9,23,-2.52,(25;25),attempt_vault,43,0,0
gemini-3.1-flash-lite,0.2,10,1,95.79,(17;16),move,71,0,0
gemini-3.1-flash-lite,0.2,10,2,91.73,(18;16),move,56,0,0
gemini-3.1-flash-lite,0.2,10,3,87.8,(19;16),move,43,0,0
gemini-3.1-flash-lite,0.2,10,4,83.89,(20;16),move,41,0,0
gemini-3.1-flash-lite,0.2,10,5,79.99,(21;16),move,40,0,0
gemini-3.1-flash-lite,0.2,10,6,76.05,(22;16),move,44,0,0
gemini-3.1-flash-lite,0.2,10,7,71.96,(23;16),move,59,0,0
gemini-3.1-flash-lite,0.2,10,8,67.92,(24;16),move,54,0,0
gemini-3.1-flash-lite,0.2,10,9,64.01,(25;16),move,41,0,0
gemini-3.1-flash-lite,0.2,10,10,60.1,(26;16),move,41,0,0
gemini-3.1-flash-lite,0.2,10,11,56.18,(27;16),move,42,0,0
gemini-3.1-flash-lite,0.2,10,12,52.26,(28;16),move,42,0,0
gemini-3.1-flash-lite,0.2,10,13,48.34,(29;16),move,42,0,0
gemini-3.1-flash-lite,0.2,10,14,44.41,(29;17),move,43,0,0
gemini-3.1-flash-lite,0.2,10,15,40.48,(29;18),move,43,0,0
gemini-3.1-flash-lite,0.2,10,16,36.55,(29;19),move,43,0,0
gemini-3.1-flash-lite,0.2,10,17,32.63,(29;20),move,42,0,0
gemini-3.1-flash-lite,0.2,10,18,28.71,(29;21),move,42,0,0
gemini-3.1-flash-lite,0.2,10,19,24.8,(29;22),move,41,0,0
gemini-3.1-flash-lite,0.2,10,20,20.88,(29;23),move,42,0,0
gemini-3.1-flash-lite,0.2,10,21,16.84,(28;24),move,54,0,0
gemini-3.1-flash-lite,0.2,10,22,12.77,(27;25),move,57,0,0
gemini-3.1-flash-lite,0.2,10,23,8.78,(26;26),move,49,0,0
gemini-3.1-flash-lite,0.2,10,24,27.01,(26;26),forage,42,0,0
gemini-3.1-flash-lite,0.2,10,25,22.93,(25;25),move,58,0,0
gemini-3.1-flash-lite,0.2,10,26,100.0,(25;25),attempt_vault,36,0,0
gemini-3.1-flash-lite,0.2,10,27,95.96,(25;24),move,54,0,0
gemini-3.1-flash-lite,0.2,10,28,91.73,(25;23),move,73,0,0
gemini-3.1-flash-lite,0.2,10,29,87.72,(25;22),move,51,0,0
gemini-3.1-flash-lite,0.2,10,30,83.79,(25;21),move,43,0,0
gemini-3.1-flash-lite,0.2,10,31,79.7,(25;20),move,59,0,0
gemini-3.1-flash-lite,0.2,10,32,75.63,(26;19),move,57,0,0
gemini-3.1-flash-lite,0.2,10,33,71.61,(27;18),move,52,0,0
gemini-3.1-flash-lite,0.2,10,34,67.58,(28;18),move,53,0,0
gemini-3.1-flash-lite,0.2,10,35,63.53,(28;17),move,55,0,0
gemini-3.1-flash-lite,0.2,10,36,59.52,(28;16),move,51,0,0
gemini-3.1-flash-lite,0.2,10,37,55.56,(28;15),move,46,0,0
gemini-3.1-flash-lite,0.2,10,38,51.54,(28;15),move,52,0,0
gemini-3.1-flash-lite,0.2,10,39,47.55,(27;15),move,49,0,0
gemini-3.1-flash-lite,0.2,10,40,43.48,(27;14),move,57,0,0
gemini-3.1-flash-lite,0.2,10,41,39.48,(27;13),move,50,0,0
gemini-3.1-flash-lite,0.2,10,42,35.52,(27;12),move,46,0,0
gemini-3.1-flash-lite,0.2,10,43,31.62,(27;11),move,40,0,0
gemini-3.1-flash-lite,0.2,10,44,27.61,(27;10),move,51,0,0
gemini-3.1-flash-lite,0.2,10,45,23.61,(27;9),move,50,0,0
gemini-3.1-flash-lite,0.2,10,46,19.63,(26;8),move,48,0,0
gemini-3.1-flash-lite,0.2,1,1,95.83,(17;17),move,67,0,0
gemini-3.1-flash-lite,0.2,1,2,91.82,(18;18),move,51,0,0
gemini-3.1-flash-lite,0.2,1,3,87.75,(19;19),move,57,0,0
gemini-3.1-flash-lite,0.2,1,4,100.0,(19;19),forage,35,0,0
gemini-3.1-flash-lite,0.2,1,5,95.89,(19;18),move,61,0,0
gemini-3.1-flash-lite,0.2,1,6,91.77,(19;17),move,62,0,0
gemini-3.1-flash-lite,0.2,1,7,87.78,(19;16),move,49,0,0
gemini-3.1-flash-lite,0.2,1,8,83.82,(19;15),move,46,0,0
gemini-3.1-flash-lite,0.2,1,9,79.84,(19;14),move,48,0,0
gemini-3.1-flash-lite,0.2,1,10,75.84,(19;13),move,50,0,0
gemini-3.1-flash-lite,0.2,1,11,71.78,(19;12),move,56,0,0
gemini-3.1-flash-lite,0.2,1,12,67.72,(20;12),move,56,0,0
gemini-3.1-flash-lite,0.2,1,13,63.69,(21;12),move,53,0,0
gemini-3.1-flash-lite,0.2,1,14,59.61,(22;12),move,58,0,0
gemini-3.1-flash-lite,0.2,1,15,55.58,(23;12),move,53,0,0
gemini-3.1-flash-lite,0.2,1,16,51.54,(24;12),move,54,0,0
gemini-3.1-flash-lite,0.2,1,17,47.53,(25;12),move,51,0,0
gemini-3.1-flash-lite,0.2,1,18,43.43,(26;12),move,60,0,0
gemini-3.1-flash-lite,0.2,1,19,39.39,(27;12),move,54,0,0
gemini-3.1-flash-lite,0.2,1,20,35.35,(28;12),move,54,0,0
gemini-3.1-flash-lite,0.2,1,21,31.31,(29;12),move,54,0,0
gemini-3.1-flash-lite,0.2,1,22,27.27,(29;13),move,54,0,0
gemini-3.1-flash-lite,0.2,1,23,23.12,(29;14),move,65,0,0
gemini-3.1-flash-lite,0.2,1,24,19.08,(29;15),move,54,0,0
gemini-3.1-flash-lite,0.2,1,25,14.91,(29;16),move,67,0,0
gemini-3.1-flash-lite,0.2,1,26,10.88,(29;17),move,53,0,0
gemini-3.1-flash-lite,0.2,1,27,6.9,(29;18),move,48,0,0
gemini-3.1-flash-lite,0.2,1,28,2.91,(29;19),move,49,0,0
gemini-3.1-flash-lite,0.2,1,29,21.16,(29;19),forage,40,0,0
gemini-3.1-flash-lite,0.2,1,30,17.11,(28;20),move,55,0,0
gemini-3.1-flash-lite,0.2,1,31,13.16,(27;21),move,45,0,0
gemini-3.1-flash-lite,0.2,1,32,29.62,(27;21),forage,46,0,0
gemini-3.1-flash-lite,0.2,1,33,25.54,(26;22),move,58,0,0
gemini-3.1-flash-lite,0.2,1,34,21.55,(26;23),move,49,0,0
gemini-3.1-flash-lite,0.2,1,35,17.54,(26;24),move,51,0,0
gemini-3.1-flash-lite,0.2,1,36,38.92,(26;24),forage,37,0,0
gemini-3.1-flash-lite,0.2,1,37,34.93,(25;25),move,49,0,0
gemini-3.1-flash-lite,0.2,1,38,100.0,(25;25),attempt_vault,37,0,0
gemini-3.1-flash-lite,0.2,1,39,95.99,(25;24),move,51,0,0
gemini-3.1-flash-lite,0.2,1,40,92.07,(25;23),move,42,0,0
gemini-3.1-flash-lite,0.2,1,41,88.14,(25;22),move,43,0,0
gemini-3.1-flash-lite,0.2,1,42,84.22,(25;21),move,42,0,0
gemini-3.1-flash-lite,0.2,1,43,80.3,(25;20),move,42,0,0
gemini-3.1-flash-lite,0.2,1,44,76.38,(25;19),move,42,0,0
gemini-3.1-flash-lite,0.2,1,45,72.35,(26;19),move,53,0,0
gemini-3.1-flash-lite,0.2,1,46,68.36,(27;19),move,49,0,0
gemini-3.1-flash-lite,0.2,1,47,64.38,(28;19),move,48,0,0
gemini-3.1-flash-lite,0.2,1,48,60.3,(28;19),move,58,0,0
gemini-3.1-flash-lite,0.2,1,49,56.3,(28;20),move,50,0,0
gemini-3.1-flash-lite,0.2,1,50,52.32,(28;20),move,48,0,0
gemini-3.1-flash-lite,0.2,1,51,48.33,(28;21),move,49,0,0
gemini-3.1-flash-lite,0.2,1,52,44.31,(28;22),move,52,0,0
gemini-3.1-flash-lite,0.2,1,53,40.26,(28;22),move,55,0,0
gemini-3.1-flash-lite,0.2,1,54,36.28,(28;23),move,48,0,0
gemini-3.1-flash-lite,0.2,1,55,32.32,(28;23),move,46,0,0
gemini-3.1-flash-lite,0.2,1,56,28.27,(28;24),move,55,0,0
gemini-3.1-flash-lite,0.2,1,57,24.26,(28;24),move,51,0,0
gemini-3.1-flash-lite,0.2,1,58,20.21,(28;23),move,55,0,0
gemini-3.1-flash-lite,0.2,1,59,16.16,(27;24),move,55,0,0
gemini-3.1-flash-lite,0.2,1,60,12.09,(28;24),move,57,0,0
gemini-3.1-flash-lite,0.2,1,61,7.97,(28;23),move,62,0,0
gemini-3.1-flash-lite,0.2,1,62,3.91,(28;23),move,56,0,0
gemini-3.1-flash-lite,0.2,1,63,-0.11,(28;22),move,52,0,0
gemini-3.1-flash-lite,0.2,2,1,95.73,(17;16),move,77,0,0
gemini-3.1-flash-lite,0.2,2,2,91.73,(18;16),move,50,0,0
gemini-3.1-flash-lite,0.2,2,3,87.73,(19;16),move,50,0,0
gemini-3.1-flash-lite,0.2,2,4,83.66,(20;17),move,57,0,0
gemini-3.1-flash-lite,0.2,2,5,79.63,(21;18),move,53,0,0
gemini-3.1-flash-lite,0.2,2,6,75.59,(22;19),move,54,0,0
gemini-3.1-flash-lite,0.2,2,7,96.95,(22;19),forage,35,0,0
gemini-3.1-flash-lite,0.2,2,8,92.87,(22;18),move,58,0,0
gemini-3.1-flash-lite,0.2,2,9,88.8,(22;17),move,57,0,0
gemini-3.1-flash-lite,0.2,2,10,84.78,(22;16),move,52,0,0
gemini-3.1-flash-lite,0.2,2,11,80.75,(22;15),move,53,0,0
gemini-3.1-flash-lite,0.2,2,12,76.71,(22;14),move,54,0,0
gemini-3.1-flash-lite,0.2,2,13,72.68,(22;13),move,53,0,0
gemini-3.1-flash-lite,0.2,2,14,68.7,(22;12),move,48,0,0
gemini-3.1-flash-lite,0.2,2,15,64.63,(21;11),move,57,0,0
gemini-3.1-flash-lite,0.2,2,16,60.55,(20;10),move,58,0,0
gemini-3.1-flash-lite,0.2,2,17,56.5,(21;9),move,55,0,0
gemini-3.1-flash-lite,0.2,2,18,52.49,(22;8),move,51,0,0
gemini-3.1-flash-lite,0.2,2,19,48.38,(22;7),move,61,0,0
gemini-3.1-flash-lite,0.2,2,20,63.0,(22;7),forage,40,0,0
gemini-3.1-flash-lite,0.2,2,21,58.85,(23;6),move,65,0,0
gemini-3.1-flash-lite,0.2,2,22,54.9,(24;6),move,45,0,0
gemini-3.1-flash-lite,0.2,2,23,50.91,(25;6),move,49,0,0
gemini-3.1-flash-lite,0.2,2,24,100.0,(25;6),attempt_vault,37,0,0
gemini-3.1-flash-lite,0.2,2,25,95.92,(26;6),move,58,0,0
gemini-3.1-flash-lite,0.2,2,26,91.88,(27;6),move,54,0,0
gemini-3.1-flash-lite,0.2,2,27,87.8,(28;6),move,58,0,0
gemini-3.1-flash-lite,0.2,2,28,83.79,(29;5),move,51,0,0
gemini-3.1-flash-lite,0.2,2,29,79.8,(30;4),move,49,0,0
gemini-3.1-flash-lite,0.2,2,30,75.82,(31;3),move,48,0,0
gemini-3.1-flash-lite,0.2,2,31,90.88,(31;3),forage,35,0,0
gemini-3.1-flash-lite,0.2,2,32,86.82,(31;4),move,56,0,0
gemini-3.1-flash-lite,0.2,2,33,82.8,(31;5),move,52,0,0
gemini-3.1-flash-lite,0.2,2,34,78.77,(30;5),move,53,0,0
gemini-3.1-flash-lite,0.2,2,35,74.74,(29;5),move,53,0,0
gemini-3.1-flash-lite,0.2,2,36,70.83,(28;5),move,41,0,0
gemini-3.1-flash-lite,0.2,2,37,66.77,(27;5),move,56,0,0
gemini-3.1-flash-lite,0.2,2,38,62.77,(26;5),move,50,0,0
gemini-3.1-flash-lite,0.2,2,39,58.86,(25;5),move,41,0,0
gemini-3.1-flash-lite,0.2,2,40,54.95,(24;5),move,41,0,0
gemini-3.1-flash-lite,0.2,2,41,51.04,(23;5),move,41,0,0
gemini-3.1-flash-lite,0.2,2,42,47.13,(23;5),move,41,0,0
gemini-3.1-flash-lite,0.2,2,43,43.15,(23;4),move,48,0,0
gemini-3.1-flash-lite,0.2,2,44,39.17,(23;3),move,48,0,0
gemini-3.1-flash-lite,0.2,2,45,35.25,(22;3),move,42,0,0
gemini-3.1-flash-lite,0.2,2,46,31.34,(22;3),move,41,0,0
gemini-3.1-flash-lite,0.2,2,47,27.38,(22;2),move,46,0,0
gemini-3.1-flash-lite,0.2,2,48,23.34,(22;2),move,54,0,0
gemini-3.1-flash-lite,0.2,2,49,19.34,(22;3),move,50,0,0
gemini-3.1-flash-lite,0.2,2,50,15.28,(22;4),move,56,0,0
gemini-3.1-flash-lite,0.2,2,51,11.22,(22;4),move,56,0,0
gemini-3.1-flash-lite,0.2,2,52,7.17,(23;4),move,55,0,0
gemini-3.1-flash-lite,0.2,2,53,3.18,(24;4),move,49,0,0
gemini-3.1-flash-lite,0.2,2,54,-0.92,(25;4),move,60,0,0
gemini-3.1-flash-lite,0.2,3,1,95.91,(17;16),move,59,0,0
gemini-3.1-flash-lite,0.2,3,2,91.87,(18;16),move,54,0,0
gemini-3.1-flash-lite,0.2,3,3,87.81,(18;15),move,56,0,0
gemini-3.1-flash-lite,0.2,3,4,83.88,(18;14),move,43,0,0
gemini-3.1-flash-lite,0.2,3,5,79.96,(18;13),move,42,0,0
gemini-3.1-flash-lite,0.2,3,6,75.98,(19;13),move,48,0,0
gemini-3.1-flash-lite,0.2,3,7,72.03,(20;13),move,45,0,0
gemini-3.1-flash-lite,0.2,3,8,67.93,(21;13),move,60,0,0
gemini-3.1-flash-lite,0.2,3,9,63.85,(21;14),move,58,0,0
gemini-3.1-flash-lite,0.2,3,10,59.76,(21;15),move,59,0,0
gemini-3.1-flash-lite,0.2,3,11,55.72,(21;16),move,54,0,0
gemini-3.1-flash-lite,0.2,3,12,51.76,(20;17),move,46,0,0
gemini-3.1-flash-lite,0.2,3,13,47.82,(20;18),move,44,0,0
gemini-3.1-flash-lite,0.2,3,14,43.84,(20;19),move,48,0,0
gemini-3.1-flash-lite,0.2,3,15,57.1,(20;19),forage,35,0,0
gemini-3.1-flash-lite,0.2,3,16,53.07,(21;19),move,53,0,0
gemini-3.1-flash-lite,0.2,3,17,48.96,(22;19),move,61,0,0
gemini-3.1-flash-lite,0.2,3,18,44.94,(22;20),move,52,0,0
gemini-3.1-flash-lite,0.2,3,19,40.96,(22;21),move,48,0,0
gemini-3.1-flash-lite,0.2,3,20,36.98,(22;22),move,48,0,0
gemini-3.1-flash-lite,0.2,3,21,32.96,(22;23),move,52,0,0
gemini-3.1-flash-lite,0.2,3,22,49.25,(22;23),forage,39,0,0
gemini-3.1-flash-lite,0.2,3,23,45.2,(23;24),move,55,0,0
gemini-3.1-flash-lite,0.2,3,24,41.19,(24;25),move,51,0,0
gemini-3.1-flash-lite,0.2,3,25,37.21,(25;25),move,48,0,0
gemini-3.1-flash-lite,0.2,3,26,100.0,(25;25),attempt_vault,36,0,0
gemini-3.1-flash-lite,0.2,3,27,96.0,(25;24),move,50,0,0
gemini-3.1-flash-lite,0.2,3,28,92.0,(25;23),move,50,0,0
gemini-3.1-flash-lite,0.2,3,29,87.95,(26;22),move,55,0,0
gemini-3.1-flash-lite,0.2,3,30,83.95,(27;21),move,50,0,0
gemini-3.1-flash-lite,0.2,3,31,80.95,(27;21),rest,0,0,0
gemini-3.1-flash-lite,0.2,3,32,76.92,(27;20),move,53,0,0
gemini-3.1-flash-lite,0.2,3,33,73.92,(27;20),rest,0,0,0
gemini-3.1-flash-lite,0.2,3,34,93.75,(27;20),forage,40,0,0
gemini-3.1-flash-lite,0.2,3,35,90.75,(27;20),rest,0,0,0
gemini-3.1-flash-lite,0.2,3,36,87.75,(27;20),rest,0,0,0
gemini-3.1-flash-lite,0.2,3,37,84.75,(27;20),rest,0,0,0
gemini-3.1-flash-lite,0.2,3,38,80.72,(28;21),move,53,0,0
gemini-3.1-flash-lite,0.2,3,39,77.72,(28;21),rest,0,0,0
gemini-3.1-flash-lite,0.2,3,40,74.72,(28;21),rest,0,0,0
gemini-3.1-flash-lite,0.2,3,41,71.72,(28;21),rest,0,0,0
gemini-3.1-flash-lite,0.2,3,42,67.74,(28;21),move,48,0,0
gemini-3.1-flash-lite,0.2,3,43,64.74,(28;21),rest,0,0,0
gemini-3.1-flash-lite,0.2,3,44,61.74,(28;21),rest,0,0,0
gemini-3.1-flash-lite,0.2,3,45,58.74,(28;21),rest,0,0,0
gemini-3.1-flash-lite,0.2,3,46,55.74,(28;21),rest,0,0,0
gemini-3.1-flash-lite,0.2,3,47,52.74,(28;21),rest,0,0,0
gemini-3.1-flash-lite,0.2,3,48,49.74,(28;21),rest,0,0,0
gemini-3.1-flash-lite,0.2,3,49,46.74,(28;21),rest,0,0,0
gemini-3.1-flash-lite,0.2,1,1,95.85,(15;17),move,65,0,0
openrouter/free,0.2,1,1,95.66,(16;17),move,84,0,0
openrouter/free,0.2,1,2,92.66,(16;17),rest,0,0,0
openrouter/free,0.2,1,3,89.66,(16;17),rest,0,0,0
openrouter/free,0.2,1,4,100.0,(16;17),forage,48,0,0
openrouter/free,0.2,1,5,97.0,(16;17),rest,0,0,0
openrouter/free,0.2,1,6,94.0,(16;17),rest,0,0,0
openrouter/free,0.2,1,7,89.58,(16;18),move,92,0,0
openrouter/free,0.2,1,8,100.0,(16;18),forage,47,0,0
openrouter/free,0.2,1,9,97.0,(16;18),rest,0,0,0
openrouter/free,0.2,1,10,91.2,(16;18),rest,280,0,0
openrouter/free,0.2,1,11,88.2,(16;18),rest,0,0,0
openrouter/free,0.2,1,12,83.98,(16;17),move,72,0,0
openrouter/free,0.2,1,13,80.98,(16;17),rest,0,0,0
openrouter/free,0.2,1,14,77.98,(16;17),rest,0,0,0
openrouter/free,0.2,1,15,73.82,(16;16),move,66,0,0
openrouter/free,0.2,1,16,69.68,(16;15),move,64,0,0
openrouter/free,0.2,1,17,66.68,(16;15),rest,0,0,0
openrouter/free,0.2,1,18,63.68,(16;15),rest,0,0,0
openrouter/free,0.2,1,19,60.68,(16;15),rest,0,0,0
openrouter/free,0.2,1,20,56.56,(16;14),move,62,0,0
openrouter/free,0.2,1,21,53.56,(16;14),rest,0,0,0
openrouter/free,0.2,1,22,49.42,(16;13),move,64,0,0
openrouter/free,0.2,1,23,43.15,(16;12),move,277,0,0
openrouter/free,0.2,1,24,37.35,(16;12),rest,280,0,0
openrouter/free,0.2,1,25,33.12,(16;11),move,73,0,0
openrouter/free,0.2,1,26,30.12,(16;11),rest,0,0,0
openrouter/free,0.2,1,27,25.87,(16;10),move,75,0,0
openrouter/free,0.2,1,28,22.87,(16;10),rest,0,0,0
openrouter/free,0.2,1,29,19.87,(16;10),rest,0,0,0
openrouter/free,0.2,1,30,16.87,(16;10),rest,0,0,0
openrouter/free,0.2,1,31,13.87,(16;10),rest,0,0,0
mistral,0.2,1,1,97.0,(16;16),rest,0,0,0
mistral,0.2,1,2,92.39,(15;15),move,111,0,0
mistral,0.2,1,3,89.39,(15;15),rest,0,0,0
mistral,0.2,1,4,84.81,(14;15),move,108,0,0
mistral,0.2,1,5,81.81,(14;15),rest,0,0,0
mistral,0.2,1,6,99.17,(14;15),forage,114,0,0
mistral,0.2,1,7,96.17,(14;15),rest,0,0,0
mistral,0.2,1,8,91.81,(15;14),move,86,0,0
mistral,0.2,1,9,88.81,(15;14),rest,0,0,0
mistral,0.2,1,10,84.45,(16;13),move,86,0,0
mistral,0.2,1,11,81.45,(16;13),rest,0,0,0
mistral,0.2,1,12,96.22,(16;13),forage,61,0,0
mistral,0.2,1,13,92.71,(16;13),rest,51,0,0
mistral,0.2,1,14,89.71,(16;13),rest,0,0,0
mistral,0.2,1,15,86.2,(16;13),rest,51,0,0
mistral,0.2,1,16,83.2,(16;13),rest,0,0,0
mistral,0.2,1,17,79.69,(16;13),rest,51,0,0
mistral,0.2,1,18,76.69,(16;13),rest,0,0,0
mistral,0.2,1,19,73.18,(16;13),rest,51,0,0
mistral,0.2,1,20,70.18,(16;13),rest,0,0,0
mistral,0.2,1,21,67.18,(16;13),rest,0,0,0
mistral,0.2,1,22,63.67,(16;13),rest,51,0,0
mistral,0.2,1,23,60.67,(16;13),rest,0,0,0
mistral,0.2,1,24,57.67,(16;13),rest,0,0,0
mistral,0.2,1,25,54.16,(16;13),rest,51,0,0
mistral,0.2,1,26,51.16,(16;13),rest,0,0,0
mistral,0.2,1,27,48.16,(16;13),rest,0,0,0
mistral,0.2,1,28,44.65,(16;13),rest,51,0,0
mistral,0.2,1,29,41.65,(16;13),rest,0,0,0
deepseek-r1:1.5b,0.2,1,1,94.2,(16;16),rest,280,0,0
deepseek-r1:1.5b,0.2,1,2,88.4,(16;16),rest,280,0,0
deepseek-r1:1.5b,0.2,1,3,82.6,(16;16),rest,280,0,0
deepseek-r1:1.5b,0.2,1,4,76.8,(16;16),rest,280,0,0
deepseek-r1:1.5b,0.2,1,5,71.0,(16;16),rest,280,0,0
deepseek-r1:1.5b,0.2,1,6,65.2,(16;16),rest,280,0,0
deepseek-r1:1.5b,0.2,1,7,59.4,(16;16),rest,280,0,0
deepseek-r1:1.5b,0.2,1,8,53.6,(16;16),rest,280,0,0
deepseek-r1:1.5b,0.2,1,9,47.8,(16;16),rest,280,0,0
deepseek-r1:1.5b,0.2,1,10,42.0,(16;16),rest,280,0,0
deepseek-r1:1.5b,0.2,1,11,36.2,(16;16),rest,280,0,0
deepseek-r1:1.5b,0.2,1,12,30.4,(16;16),rest,280,0,0
deepseek-r1:1.5b,0.2,1,13,24.6,(16;16),rest,280,0,0
deepseek-r1:1.5b,0.2,1,14,18.8,(16;16),rest,280,0,0
deepseek-r1:1.5b,0.2,1,15,13.0,(16;16),rest,280,0,0
deepseek-r1:1.5b,0.2,1,16,7.2,(16;16),rest,280,0,0
deepseek-r1:1.5b,0.2,1,17,1.4,(16;16),rest,280,0,0
deepseek-r1:1.5b,0.2,1,17,-3.4,(16;16),rest,280,0,0
deepseek-r1:1.5b,0.2,2,1,94.4,(16;16),rest,260,0,0
deepseek-r1:1.5b,0.2,2,2,88.8,(16;16),rest,260,0,0
deepseek-r1:1.5b,0.2,2,3,83.2,(16;16),rest,260,0,0
deepseek-r1:1.5b,0.2,2,4,77.6,(16;16),rest,260,0,0
deepseek-r1:1.5b,0.2,2,5,72.0,(16;16),rest,260,0,0
deepseek-r1:1.5b,0.2,2,6,66.4,(16;16),rest,260,0,0
deepseek-r1:1.5b,0.2,2,7,60.8,(16;16),rest,260,0,0
deepseek-r1:1.5b,0.2,2,8,55.2,(16;16),rest,260,0,0
deepseek-r1:1.5b,0.2,2,9,49.6,(16;16),rest,260,0,0
deepseek-r1:1.5b,0.2,2,10,44.0,(16;16),rest,260,0,0
deepseek-r1:1.5b,0.2,2,11,38.4,(16;16),rest,260,0,0
deepseek-r1:1.5b,0.2,2,12,32.8,(16;16),rest,260,0,0
deepseek-r1:1.5b,0.2,2,13,27.2,(16;16),rest,260,0,0
deepseek-r1:1.5b,0.2,2,14,21.6,(16;16),rest,260,0,0
deepseek-r1:1.5b,0.2,2,15,16.0,(16;16),rest,260,0,0
deepseek-r1:1.5b,0.2,2,16,10.4,(16;16),rest,260,0,0
deepseek-r1:1.5b,0.2,2,17,4.8,(16;16),rest,260,0,0
deepseek-r1:1.5b,0.2,2,18,-0.8,(16;16),rest,260,0,0
deepseek-r1:1.5b,0.2,3,1,94.6,(16;16),rest,240,0,0
deepseek-r1:1.5b,0.2,3,2,89.2,(16;16),rest,240,0,0
deepseek-r1:1.5b,0.2,3,3,83.8,(16;16),rest,240,0,0
deepseek-r1:1.5b,0.2,3,4,78.4,(16;16),rest,240,0,0
deepseek-r1:1.5b,0.2,3,5,73.0,(16;16),rest,240,0,0
deepseek-r1:1.5b,0.2,3,6,67.6,(16;16),rest,240,0,0
deepseek-r1:1.5b,0.2,3,7,62.2,(16;16),rest,240,0,0
deepseek-r1:1.5b,0.2,3,8,56.8,(16;16),rest,240,0,0
deepseek-r1:1.5b,0.2,3,9,51.4,(16;16),rest,240,0,0
deepseek-r1:1.5b,0.2,3,10,46.0,(16;16),rest,240,0,0
deepseek-r1:1.5b,0.2,3,11,40.6,(16;16),rest,240,0,0
deepseek-r1:1.5b,0.2,3,12,35.2,(16;16),rest,240,0,0
deepseek-r1:1.5b,0.2,3,13,29.8,(16;16),rest,240,0,0
deepseek-r1:1.5b,0.2,3,14,24.4,(16;16),rest,240,0,0
deepseek-r1:1.5b,0.2,3,15,19.0,(16;16),rest,240,0,0
deepseek-r1:1.5b,0.2,3,16,13.6,(16;16),rest,240,0,0
deepseek-r1:1.5b,0.2,3,17,8.2,(16;16),rest,240,0,0
deepseek-r1:1.5b,0.2,3,18,2.8,(16;16),rest,240,0,0
deepseek-r1:1.5b,0.2,3,18,-1.6,(16;16),rest,240,0,0
deepseek-r1:1.5b,0.2,4,1,94.8,(16;16),rest,220,0,0
deepseek-r1:1.5b,0.2,4,2,89.6,(16;16),rest,220,0,0
deepseek-r1:1.5b,0.2,4,3,84.4,(16;16),rest,220,0,0
deepseek-r1:1.5b,0.2,4,4,79.2,(16;16),rest,220,0,0
deepseek-r1:1.5b,0.2,4,5,74.0,(16;16),rest,220,0,0
deepseek-r1:1.5b,0.2,4,6,68.8,(16;16),rest,220,0,0
deepseek-r1:1.5b,0.2,4,7,63.6,(16;16),rest,220,0,0
deepseek-r1:1.5b,0.2,4,8,58.4,(16;16),rest,220,0,0
deepseek-r1:1.5b,0.2,4,9,53.2,(16;16),rest,220,0,0
deepseek-r1:1.5b,0.2,4,10,48.0,(16;16),rest,220,0,0
deepseek-r1:1.5b,0.2,4,11,42.8,(16;16),rest,220,0,0
deepseek-r1:1.5b,0.2,4,12,37.6,(16;16),rest,220,0,0
deepseek-r1:1.5b,0.2,4,13,32.4,(16;16),rest,220,0,0
deepseek-r1:1.5b,0.2,4,14,27.2,(16;16),rest,220,0,0
deepseek-r1:1.5b,0.2,4,15,22.0,(16;16),rest,220,0,0
deepseek-r1:1.5b,0.2,4,16,16.8,(16;16),rest,220,0,0
deepseek-r1:1.5b,0.2,4,17,11.6,(16;16),rest,220,0,0
deepseek-r1:1.5b,0.2,4,18,6.4,(16;16),rest,220,0,0
deepseek-r1:1.5b,0.2,1,1,89.93,(16;16),rest,707,0,0
deepseek-r1:1.5b,0.2,1,2,80.24,(16;16),rest,669,0,0
deepseek-r1:1.5b,0.2,1,3,71.61,(16;16),rest,563,0,0
deepseek-r1:1.5b,0.2,1,4,64.34,(16;16),rest,427,0,0
deepseek-r1:1.5b,0.2,1,5,57.08,(16;16),rest,426,0,0
deepseek-r1:1.5b,0.2,1,6,50.53,(16;16),rest,355,0,0
deepseek-r1:1.5b,0.2,1,7,44.73,(16;16),rest,280,0,0
deepseek-r1:1.5b,0.2,1,8,37.93,(16;16),rest,380,0,0
deepseek-r1:1.5b,0.2,1,9,29.6,(16;16),rest,533,0,0
deepseek-r1:1.5b,0.2,1,10,6.12,(16;16),rest,2048,0,0
deepseek-r1:1.5b,0.2,1,11,-0.93,(16;16),rest,405,0,0
deepseek-r1:1.5b,0.2,2,1,89.16,(16;16),rest,784,0,0
deepseek-r1:1.5b,0.2,2,2,81.99,(16;16),rest,417,0,0
deepseek-r1:1.5b,0.2,2,3,73.7,(16;16),rest,529,0,0
deepseek-r1:1.5b,0.2,2,4,66.45,(16;16),rest,425,0,0
deepseek-r1:1.5b,0.2,2,5,59.07,(16;16),rest,438,0,0
deepseek-r1:1.5b,0.2,2,6,52.84,(16;16),rest,323,0,0
deepseek-r1:1.5b,0.2,2,7,45.38,(16;16),move,396,0,0
deepseek-r1:1.5b,0.2,2,8,35.45,(16;15),move,643,0,0
deepseek-r1:1.5b,0.2,2,9,28.03,(16;14),move,392,0,0
deepseek-r1:1.5b,0.2,2,10,19.07,(16;15),move,546,0,0
deepseek-r1:1.5b,0.2,2,11,14.9,(16;16),move,67,0,0
deepseek-r1:1.5b,0.2,2,12,3.2,(16;17),move,820,0,0
deepseek-r1:1.5b,0.2,2,12,-3.54,(16;17),rest,474,0,0
deepseek-r1:1.5b,0.2,3,1,82.67,(16;15),move,1383,0,0
deepseek-r1:1.5b,0.2,3,2,74.85,(16;14),move,432,0,0
deepseek-r1:1.5b,0.2,3,3,59.44,(16;13),move,1191,0,0
deepseek-r1:1.5b,0.2,3,4,47.14,(16;13),write_sign,630,0,1
deepseek-r1:1.5b,0.2,3,5,36.35,(16;13),write_sign,479,1,1
deepseek-r1:1.5b,0.2,3,6,23.94,(16;13),write_sign,641,1,1
deepseek-r1:1.5b,0.2,3,7,11.09,(16;13),write_sign,685,1,1
deepseek-r1:1.5b,0.2,3,8,3.98,(16;13),write_sign,111,1,1
deepseek-r1:1.5b,0.2,3,8,-3.31,(16;13),rest,529,1,0
deepseek-r1:1.5b,0.2,4,1,87.86,(16;15),move,864,1,0
deepseek-r1:1.5b,0.2,4,2,79.38,(16;15),forage,548,1,0
deepseek-r1:1.5b,0.2,4,3,69.72,(16;14),move,616,1,0
deepseek-r1:1.5b,0.2,4,4,61.46,(16;14),rest,526,1,0
deepseek-r1:1.5b,0.2,4,5,50.68,(15;14),move,728,1,0
deepseek-r1:1.5b,0.2,4,6,38.92,(15;13),move,826,1,0
deepseek-r1:1.5b,0.2,4,7,28.67,(15;12),move,675,1,0
deepseek-r1:1.5b,0.2,4,8,24.02,(15;11),move,115,1,0
deepseek-r1:1.5b,0.2,4,9,14.77,(15;11),move,575,1,0
deepseek-r1:1.5b,0.2,4,10,10.18,(15;11),move,109,1,0
deepseek-r1:1.5b,0.2,4,11,-0.45,(16;11),move,713,1,0
deepseek-r1:1.5b,0.2,5,1,82.22,(16;16),rest,1478,1,0
deepseek-r1:1.5b,0.2,5,2,73.11,(16;16),rest,611,1,0
deepseek-r1:1.5b,0.2,5,3,62.69,(17;17),move,692,1,0
deepseek-r1:1.5b,0.2,5,4,51.38,(18;18),move,781,0,0
deepseek-r1:1.5b,0.2,5,5,46.65,(17;18),move,123,0,0
deepseek-r1:1.5b,0.2,5,6,35.42,(17;17),move,773,0,0
deepseek-r1:1.5b,0.2,5,7,27.45,(17;18),move,447,0,0
deepseek-r1:1.5b,0.2,5,8,22.84,(17;18),rest,161,0,0
deepseek-r1:1.5b,0.2,5,9,13.9,(17;18),rest,594,0,0
deepseek-r1:1.5b,0.2,5,10,5.97,(17;18),rest,493,0,0
deepseek-r1:1.5b,0.2,5,11,1.54,(17;18),rest,143,0,0
deepseek-r1:1.5b,0.2,5,11,-4.81,(17;18),rest,435,0,0
deepseek-r1:1.5b,0.2,6,1,90.18,(16;16),rest,682,1,0
deepseek-r1:1.5b,0.2,6,2,77.42,(16;15),move,926,1,0
deepseek-r1:1.5b,0.2,6,3,69.14,(16;14),move,478,1,0
deepseek-r1:1.5b,0.2,6,4,40.5,(16;14),attempt_vault,1564,1,0
deepseek-r1:1.5b,0.2,6,5,28.84,(16;14),rest,866,1,0
deepseek-r1:1.5b,0.2,6,6,19.84,(16;14),rest,600,1,0
deepseek-r1:1.5b,0.2,6,7,12.13,(16;14),rest,471,1,0
deepseek-r1:1.5b,0.2,6,8,4.2,(16;14),rest,493,1,0
deepseek-r1:1.5b,0.2,6,9,-0.16,(16;14),rest,136,1,0
deepseek-r1:1.5b,0.2,7,1,87.96,(17;16),move,854,1,0
deepseek-r1:1.5b,0.2,7,2,68.03,(17;16),attempt_vault,693,1,0
deepseek-r1:1.5b,0.2,7,3,61.79,(17;16),rest,324,1,0
deepseek-r1:1.5b,0.2,7,4,44.22,(17;16),attempt_vault,457,1,0
deepseek-r1:1.5b,0.2,7,5,30.62,(17;16),attempt_vault,60,1,0
deepseek-r1:1.5b,0.2,7,6,12.88,(17;16),attempt_vault,474,1,0
deepseek-r1:1.5b,0.2,7,7,-3.98,(17;16),attempt_vault,386,1,0
deepseek-r1:1.5b,0.2,8,1,76.52,(16;16),rest,2048,1,0
deepseek-r1:1.5b,0.2,8,2,65.14,(16;16),attempt vault,838,1,0
deepseek-r1:1.5b,0.2,8,3,56.2,(16;16),rest,594,1,0
deepseek-r1:1.5b,0.2,8,4,45.43,(16;16),rest,777,1,0
deepseek-r1:1.5b,0.2,8,5,36.45,(16;16),attempt voulve,598,1,0
deepseek-r1:1.5b,0.2,8,6,32.96,(16;16),rest,49,1,0
deepseek-r1:1.5b,0.2,8,7,25.65,(16;16),attempt voulve,431,1,0
deepseek-r1:1.5b,0.2,8,8,13.52,(16;16),attempt voulve,913,1,0
deepseek-r1:1.5b,0.2,8,8,-8.96,(16;16),rest,2048,1,0
deepseek-r1:1.5b,0.2,9,1,86.45,(16;15),move,1005,1,0
deepseek-r1:1.5b,0.2,9,2,66.37,(16;15),write_sign,1408,1,1
deepseek-r1:1.5b,0.2,9,3,59.09,(16;15),write_sign,128,2,1
deepseek-r1:1.5b,0.2,9,4,47.56,(16;14),move,803,2,0
deepseek-r1:1.5b,0.2,9,5,37.24,(16;14),stay,732,2,0
deepseek-r1:1.5b,0.2,9,6,29.51,(16;14),stay,473,2,0
deepseek-r1:1.5b,0.2,9,7,21.83,(16;14),rest,468,2,0
deepseek-r1:1.5b,0.2,9,8,14.05,(16;14),rest,478,2,0
deepseek-r1:1.5b,0.2,9,9,9.69,(16;14),rest,136,2,0
deepseek-r1:1.5b,0.2,9,10,1.5,(16;14),rest,519,2,0
deepseek-r1:1.5b,0.2,9,10,-6.45,(16;14),rest,595,2,0
deepseek-r1:1.5b,0.2,10,1,85.54,(16;15),move,1096,2,0
deepseek-r1:1.5b,0.2,10,2,76.34,(16;14),move,570,2,0
deepseek-r1:1.5b,0.2,10,3,66.85,(16;13),move,599,2,0
deepseek-r1:1.5b,0.2,10,4,56.65,(16;12),move,670,2,0
deepseek-r1:1.5b,0.2,10,5,50.93,(16;12),rest,272,2,0
deepseek-r1:1.5b,0.2,10,6,42.64,(16;12),rest,529,2,0
deepseek-r1:1.5b,0.2,10,7,34.88,(16;12),rest,476,2,0
deepseek-r1:1.5b,0.2,10,8,11.4,(16;12),rest,2048,2,0
deepseek-r1:1.5b,0.2,10,9,6.38,(16;12),rest,202,2,0
deepseek-r1:1.5b,0.2,10,9,-1.88,(16;12),rest,626,2,0
deepseek-r1:1.5b,0.2,11,1,76.52,(16;16),rest,2048,2,0
deepseek-r1:1.5b,0.2,11,2,66.32,(16;16),rest,720,2,0
deepseek-r1:1.5b,0.2,11,3,58.05,(16;16),rest,527,2,0
deepseek-r1:1.5b,0.2,11,4,48.03,(16;16),rest,702,2,0
deepseek-r1:1.5b,0.2,11,5,41.06,(16;16),rest,397,2,0
deepseek-r1:1.5b,0.2,11,6,32.32,(16;16),rest,574,2,0
deepseek-r1:1.5b,0.2,11,7,25.93,(16;16),rest,339,2,0
deepseek-r1:1.5b,0.2,11,8,19.7,(16;16),rest,323,2,0
deepseek-r1:1.5b,0.2,11,9,12.35,(16;16),wait,435,2,0
deepseek-r1:1.5b,0.2,11,10,3.8,(16;16),wait,555,2,0
deepseek-r1:1.5b,0.2,11,10,-3.46,(16;16),rest,526,2,0
deepseek-r1:1.5b,0.2,12,1,76.52,(16;16),rest,2048,2,0
deepseek-r1:1.5b,0.2,12,2,66.59,(16;16),rest,693,2,0
deepseek-r1:1.5b,0.2,12,3,60.52,(16;16),rest,307,2,0
deepseek-r1:1.5b,0.2,12,4,49.86,(16;16),rest,766,2,0
deepseek-r1:1.5b,0.2,12,5,41.96,(16;16),rest,490,2,0
deepseek-r1:1.5b,0.2,12,6,34.87,(16;16),rest,409,2,0
deepseek-r1:1.5b,0.2,12,7,28.31,(16;16),rest,356,2,0
deepseek-r1:1.5b,0.2,12,8,19.12,(16;16),rest,619,2,0
deepseek-r1:1.5b,0.2,12,9,9.55,(16;16),rest,657,2,0
deepseek-r1:1.5b,0.2,12,10,0.31,(16;16),rest,624,2,0
deepseek-r1:1.5b,0.2,12,10,-6.49,(16;16),rest,480,2,0
deepseek-r1:1.5b,0.2,13,1,76.52,(16;16),rest,2048,2,0
deepseek-r1:1.5b,0.2,13,2,53.04,(16;16),rest,2048,2,0
deepseek-r1:1.5b,0.2,13,3,42.49,(17;15),move,705,2,0
deepseek-r1:1.5b,0.2,13,4,33.14,(18;14),move,585,2,0
deepseek-r1:1.5b,0.2,13,5,24.18,(19;13),move,546,2,0
deepseek-r1:1.5b,0.2,13,6,19.89,(19;13),move,79,2,0
deepseek-r1:1.5b,0.2,13,7,6.42,(18;13),move,997,2,0
deepseek-r1:1.5b,0.2,13,7,-6.26,(18;13),rest,1068,2,0
deepseek-r1:1.5b,0.2,14,1,87.97,(16;16),rest,903,2,0
deepseek-r1:1.5b,0.2,14,2,77.71,(16;16),move,676,2,0
deepseek-r1:1.5b,0.2,14,3,68.35,(16;16),rest,636,2,0
deepseek-r1:1.5b,0.2,14,4,61.89,(16;16),rest,346,2,0
deepseek-r1:1.5b,0.2,14,5,53.92,(16;16),rest,497,2,0
deepseek-r1:1.5b,0.2,14,6,48.2,(16;16),rest,272,2,0
deepseek-r1:1.5b,0.2,14,7,36.43,(16;16),rest,877,2,0
deepseek-r1:1.5b,0.2,14,8,28.51,(16;16),rest,492,2,0
deepseek-r1:1.5b,0.2,14,9,20.83,(16;16),rest,468,2,0
deepseek-r1:1.5b,0.2,14,10,12.88,(16;16),rest,495,2,0
deepseek-r1:1.5b,0.2,14,11,5.14,(16;16),rest,474,2,0
deepseek-r1:1.5b,0.2,14,11,-3.06,(16;16),rest,620,2,0
deepseek-r1:1.5b,0.2,15,1,76.52,(16;16),rest,2048,2,0
deepseek-r1:1.5b,0.2,15,2,65.81,(16;17),move,721,2,0
deepseek-r1:1.5b,0.2,15,3,51.77,(16;17),write_sign,804,1,1
deepseek-r1:1.5b,0.2,15,4,45.15,(16;17),write_sign,62,2,1
deepseek-r1:1.5b,0.2,15,5,35.09,(17;16),move,656,2,0
deepseek-r1:1.5b,0.2,15,6,25.12,(17;16),rest,697,3,0
deepseek-r1:1.5b,0.2,15,7,16.59,(17;16),rest,553,3,0
deepseek-r1:1.5b,0.2,15,8,6.33,(17;17),move,676,3,0
deepseek-r1:1.5b,0.2,15,8,-3.92,(17;17),rest,825,2,0
deepseek-r1:1.5b,0.2,16,1,86.88,(16;15),move,962,3,0
deepseek-r1:1.5b,0.2,16,2,76.21,(16;14),move,717,3,0
deepseek-r1:1.5b,0.2,16,3,68.78,(16;13),move,393,3,0
deepseek-r1:1.5b,0.2,16,4,52.72,(15;13),move,1256,2,0
deepseek-r1:1.5b,0.2,16,5,44.96,(15;13),e,476,2,0
deepseek-r1:1.5b,0.2,16,6,35.46,(15;13),n,650,2,0
deepseek-r1:1.5b,0.2,16,7,28.77,(15;13),n,369,2,0
deepseek-r1:1.5b,0.2,16,8,24.42,(15;13),n,135,2,0
deepseek-r1:1.5b,0.2,16,9,15.09,(15;13),e,633,2,0
deepseek-r1:1.5b,0.2,16,9,-7.39,(15;13),rest,2048,2,0
deepseek-r1:1.5b,0.2,17,1,76.52,(16;16),rest,2048,3,0
deepseek-r1:1.5b,0.2,17,2,60.83,(16;16),write_sign,969,3,1
deepseek-r1:1.5b,0.2,17,3,52.76,(16;16),move,457,4,0
deepseek-r1:1.5b,0.2,17,4,43.19,(16;16),move,607,4,0
deepseek-r1:1.5b,0.2,17,5,35.41,(16;16),move,428,4,0
deepseek-r1:1.5b,0.2,17,6,25.76,(16;16),move,615,4,0
deepseek-r1:1.5b,0.2,17,7,15.63,(16;16),write_sign,413,4,1
deepseek-r1:1.5b,0.2,17,8,4.99,(16;16),write_sign,464,4,1
deepseek-r1:1.5b,0.2,17,8,-0.29,(16;16),rest,328,4,0
deepseek-r1:1.5b,0.2,18,1,76.52,(16;16),rest,2048,4,0
deepseek-r1:1.5b,0.2,18,2,53.04,(16;16),rest,2048,4,0
deepseek-r1:1.5b,0.2,18,3,29.56,(16;16),rest,2048,4,0
deepseek-r1:1.5b,0.2,18,4,21.82,(16;16),rest,474,4,0
deepseek-r1:1.5b,0.2,18,5,13.7,(16;16),rest,512,4,0
deepseek-r1:1.5b,0.2,18,6,3.35,(16;16),rest,735,4,0
deepseek-r1:1.5b,0.2,18,6,-2.21,(16;16),rest,356,4,0
deepseek-r1:1.5b,0.2,19,1,76.52,(16;16),rest,2048,4,0
deepseek-r1:1.5b,0.2,19,2,66.95,(16;15),move,607,4,0
deepseek-r1:1.5b,0.2,19,3,58.89,(16;15),forage,506,4,0
deepseek-r1:1.5b,0.2,19,4,55.12,(16;15),rest,77,4,0
deepseek-r1:1.5b,0.2,19,5,46.04,(16;15),rest,608,4,0
deepseek-r1:1.5b,0.2,19,6,38.68,(16;15),rest,436,4,0
deepseek-r1:1.5b,0.2,19,7,29.94,(16;14),move,524,4,0
deepseek-r1:1.5b,0.2,19,8,18.1,(16;13),move,834,4,0
deepseek-r1:1.5b,0.2,19,9,7.33,(16;13),forage,777,3,0
deepseek-r1:1.5b,0.2,19,10,-0.69,(16;13),forage,502,3,0
deepseek-r1:1.5b,0.2,20,1,85.88,(16;15),move,1062,4,0
deepseek-r1:1.5b,0.2,20,2,73.74,(16;14),move,864,4,0
deepseek-r1:1.5b,0.2,20,3,64.65,(16;14),forage,609,4,0
deepseek-r1:1.5b,0.2,20,4,60.5,(16;13),move,65,4,0
deepseek-r1:1.5b,0.2,20,5,37.02,(16;13),rest,2048,3,0
deepseek-r1:1.5b,0.2,20,6,26.55,(16;13),forage,747,3,0
deepseek-r1:1.5b,0.2,20,7,17.15,(16;12),move,590,3,0
deepseek-r1:1.5b,0.2,20,8,7.13,(16;12),move,652,2,0
deepseek-r1:1.5b,0.2,20,8,-15.35,(16;12),rest,2048,2,0
deepseek-r1:1.5b,0.2,21,1,76.52,(16;16),rest,2048,4,0
deepseek-r1:1.5b,0.2,21,2,63.5,(16;16),write_sign,702,4,1
deepseek-r1:1.5b,0.2,21,3,44.16,(16;16),attempt_vault,634,4,0
deepseek-r1:1.5b,0.2,21,4,35.74,(16;16),rest,542,4,0
deepseek-r1:1.5b,0.2,21,5,24.75,(16;16),rest,799,4,0
deepseek-r1:1.5b,0.2,21,6,15.55,(16;16),move,570,4,0
deepseek-r1:1.5b,0.2,21,7,4.57,(16;16),forage,798,4,0
deepseek-r1:1.5b,0.2,21,8,0.84,(16;16),forage,73,4,0
deepseek-r1:1.5b,0.2,21,8,-21.64,(16;16),rest,2048,4,0
deepseek-r1:1.5b,0.2,22,1,84.5,(16;16),write_sign,950,4,1
deepseek-r1:1.5b,0.2,22,2,73.94,(16;16),write_sign,456,4,1
deepseek-r1:1.5b,0.2,22,3,61.87,(16;16),write_sign,607,4,1
deepseek-r1:1.5b,0.2,22,4,51.36,(16;16),write_sign,451,4,1
deepseek-r1:1.5b,0.2,22,5,38.03,(16;16),write_sign,733,4,1
deepseek-r1:1.5b,0.2,22,6,27.65,(16;16),write_sign,438,4,1
deepseek-r1:1.5b,0.2,22,7,17.46,(16;16),move,669,4,0
deepseek-r1:1.5b,0.2,22,8,4.01,(16;16),move,995,4,0
deepseek-r1:1.5b,0.2,22,8,-18.47,(16;16),rest,2048,4,0
deepseek-r1:1.5b,0.2,23,1,86.09,(16;15),move,1041,4,0
deepseek-r1:1.5b,0.2,23,2,75.12,(16;15),write_sign,497,4,1
deepseek-r1:1.5b,0.2,23,3,64.78,(16;15),write_sign,434,4,1
deepseek-r1:1.5b,0.2,23,4,58.06,(16;15),write_sign,72,4,1
deepseek-r1:1.5b,0.2,23,5,49.37,(16;14),move,519,4,0
deepseek-r1:1.5b,0.2,23,6,37.09,(16;14),rest,928,4,0
deepseek-r1:1.5b,0.2,23,7,26.09,(16;14),rest,800,4,0
deepseek-r1:1.5b,0.2,23,8,16.02,(16;14),rest,707,4,0
deepseek-r1:1.5b,0.2,23,9,4.56,(16;14),write_sign,546,4,1
deepseek-r1:1.5b,0.2,23,9,-3.88,(16;14),rest,644,5,0
deepseek-r1:1.5b,0.2,24,1,89.9,(16;15),move,660,5,0
deepseek-r1:1.5b,0.2,24,2,80.94,(16;14),move,546,5,0
deepseek-r1:1.5b,0.2,24,3,70.76,(16;13),move,668,5,0
deepseek-r1:1.5b,0.2,24,4,61.24,(16;12),move,602,4,0
deepseek-r1:1.5b,0.2,24,5,53.06,(16;11),move,468,3,0
deepseek-r1:1.5b,0.2,24,6,42.65,(16;11),write_sign,441,2,1
deepseek-r1:1.5b,0.2,24,7,30.85,(16;11),write_sign,580,3,1
deepseek-r1:1.5b,0.2,24,8,14.08,(16;11),move,1327,3,0
deepseek-r1:1.5b,0.2,24,8,-1.69,(16;11),rest,1377,3,0
deepseek-r1:1.5b,0.2,25,1,87.94,(16;15),move,856,5,0
deepseek-r1:1.5b,0.2,25,2,79.96,(16;14),move,448,5,0
deepseek-r1:1.5b,0.2,25,3,68.52,(16;14),rest,844,6,0
deepseek-r1:1.5b,0.2,25,4,57.29,(16;13),move,773,6,0
deepseek-r1:1.5b,0.2,25,5,47.93,(16;12),move,586,5,0
deepseek-r1:1.5b,0.2,25,6,38.76,(16;11),move,567,4,0
deepseek-r1:1.5b,0.2,25,7,30.63,(16;11),write_sign,213,3,1
deepseek-r1:1.5b,0.2,25,8,23.65,(16;11),write_sign,98,3,1
deepseek-r1:1.5b,0.2,25,9,15.65,(16;11),move,450,3,0
deepseek-r1:1.5b,0.2,25,10,7.33,(16;11),rest,532,3,0
deepseek-r1:1.5b,0.2,25,11,-0.28,(16;11),rest,461,3,0
deepseek-r1:1.5b,0.2,26,1,87.51,(16;15),move,899,5,0
deepseek-r1:1.5b,0.2,26,2,77.54,(16;14),move,647,5,0
deepseek-r1:1.5b,0.2,26,3,65.99,(16;13),move,805,6,0
deepseek-r1:1.5b,0.2,26,4,54.69,(16;13),write_sign,530,5,1
deepseek-r1:1.5b,0.2,26,5,42.75,(16;13),write_sign,594,5,1
deepseek-r1:1.5b,0.2,26,6,33.17,(16;13),write_sign,358,5,1
deepseek-r1:1.5b,0.2,26,7,26.37,(16;12),move,330,5,0
deepseek-r1:1.5b,0.2,26,8,15.39,(16;11),move,748,4,0
deepseek-r1:1.5b,0.2,26,9,5.66,(16;12),move,623,3,0
deepseek-r1:1.5b,0.2,26,9,-2.33,(16;12),rest,599,4,0
deepseek-r1:1.5b,0.2,27,1,89.84,(16;16),forage,716,5,0
deepseek-r1:1.5b,0.2,27,2,77.13,(16;16),write_sign,671,5,1
deepseek-r1:1.5b,0.2,27,3,66.47,(16;16),rest,766,5,0
deepseek-r1:1.5b,0.2,27,4,51.06,(16;15),move,1191,5,0
deepseek-r1:1.5b,0.2,27,5,42.67,(16;15),solve_vault,539,5,0
deepseek-r1:1.5b,0.2,27,6,39.09,(16;15),solve_vault,58,5,0
deepseek-r1:1.5b,0.2,27,7,30.66,(16;14),move,493,5,0
deepseek-r1:1.5b,0.2,27,8,18.63,(16;14),forage,903,6,0
deepseek-r1:1.5b,0.2,27,9,14.89,(16;14),forage,74,6,0
deepseek-r1:1.5b,0.2,27,10,5.12,(16;14),rest,677,6,0
deepseek-r1:1.5b,0.2,27,10,-3.17,(16;14),rest,629,6,0
deepseek-r1:1.5b,0.2,28,1,76.52,(16;16),rest,2048,5,0
deepseek-r1:1.5b,0.2,28,2,64.42,(16;16),rest,910,5,0
deepseek-r1:1.5b,0.2,28,3,55.22,(16;16),rest,620,5,0
deepseek-r1:1.5b,0.2,28,4,45.55,(16;16),rest,667,5,0
deepseek-r1:1.5b,0.2,28,5,37.67,(16;16),rest,488,5,0
deepseek-r1:1.5b,0.2,28,6,30.27,(16;16),rest,440,5,0
deepseek-r1:1.5b,0.2,28,7,21.61,(16;16),rest,566,5,0
deepseek-r1:1.5b,0.2,28,8,10.84,(16;16),write sign at your current tile,777,5,0
deepseek-r1:1.5b,0.2,28,9,2.58,(16;16),rest,526,5,0
deepseek-r1:1.5b,0.2,28,9,-8.26,(16;16),rest,884,5,0
deepseek-r1:1.5b,0.2,29,1,86.67,(16;16),write_sign,733,5,1
deepseek-r1:1.5b,0.2,29,2,75.57,(16;16),write_sign,510,5,1
deepseek-r1:1.5b,0.2,29,3,71.39,(16;16),rest,118,5,0
deepseek-r1:1.5b,0.2,29,4,62.76,(15;16),move,513,5,0
deepseek-r1:1.5b,0.2,29,5,55.35,(14;16),move,391,5,0
deepseek-r1:1.5b,0.2,29,6,50.98,(13;16),move,87,5,0
deepseek-r1:1.5b,0.2,29,7,41.37,(12;16),move,611,5,0
deepseek-r1:1.5b,0.2,29,8,33.39,(13;16),move,448,0,0
deepseek-r1:1.5b,0.2,29,9,29.02,(14;16),move,87,5,0
deepseek-r1:1.5b,0.2,29,10,20.31,(13;16),move,521,5,0
deepseek-r1:1.5b,0.2,29,11,11.11,(14;16),move,570,5,0
deepseek-r1:1.5b,0.2,29,12,1.54,(13;16),move,607,5,0
deepseek-r1:1.5b,0.2,29,12,-7.15,(13;16),rest,669,5,0
deepseek-r1:1.5b,0.2,30,1,89.87,(16;16),rest,713,5,0
deepseek-r1:1.5b,0.2,30,2,82.61,(16;16),rest,426,5,0
deepseek-r1:1.5b,0.2,30,3,75.23,(16;16),rest,438,5,0
deepseek-r1:1.5b,0.2,30,4,68.36,(16;16),rest,387,5,0
deepseek-r1:1.5b,0.2,30,5,60.52,(16;16),rest,484,5,0
deepseek-r1:1.5b,0.2,30,6,52.12,(16;16),rest,540,5,0
deepseek-r1:1.5b,0.2,30,7,45.25,(16;16),rest,387,5,0
deepseek-r1:1.5b,0.2,30,8,36.9,(16;16),rest,535,5,0
deepseek-r1:1.5b,0.2,30,9,28.92,(16;16),rest,498,5,0
deepseek-r1:1.5b,0.2,30,10,20.32,(16;16),rest,560,5,0
deepseek-r1:1.5b,0.2,30,11,7.03,(16;16),rest,1029,5,0
deepseek-r1:1.5b,0.2,30,11,-1.09,(16;16),rest,612,5,0
deepseek-r1:1.5b,0.2,31,1,82.35,(17;15),move,1415,5,0
deepseek-r1:1.5b,0.2,31,2,72.2,(17;15),forage,715,5,0
deepseek-r1:1.5b,0.2,31,3,59.99,(16;14),move,871,5,0
deepseek-r1:1.5b,0.2,31,4,49.7,(16;14),rest,729,6,0
deepseek-r1:1.5b,0.2,31,5,35.72,(16;14),forage,1098,6,0
deepseek-r1:1.5b,0.2,31,6,26.7,(15;13),move,552,6,0
deepseek-r1:1.5b,0.2,31,7,17.35,(15;13),forage,635,5,0
deepseek-r1:1.5b,0.2,31,8,7.82,(16;13),move,603,5,0
deepseek-r1:1.5b,0.2,31,9,3.25,(16;12),move,107,5,0
deepseek-r1:1.5b,0.2,31,9,-5.09,(16;12),rest,634,4,0
deepseek-r1:1.5b,0.2,32,1,76.52,(16;16),rest,2048,5,0
deepseek-r1:1.5b,0.2,32,2,53.82,(16;16),attempt_vault,970,5,0
deepseek-r1:1.5b,0.2,32,3,44.62,(16;16),forage,620,5,0
deepseek-r1:1.5b,0.2,32,4,33.69,(16;16),write_sign,493,5,1
deepseek-r1:1.5b,0.2,32,5,27.0,(16;16),rest,369,5,0
deepseek-r1:1.5b,0.2,32,6,13.05,(16;16),attempt_vault,95,5,0
deepseek-r1:1.5b,0.2,32,7,-3.84,(16;16),attempt_vault,389,5,0
deepseek-r1:1.5b,0.2,33,1,89.01,(16;16),write_sign,499,5,1
deepseek-r1:1.5b,0.2,33,2,77.12,(16;16),forage,889,5,0
deepseek-r1:1.5b,0.2,33,3,67.25,(16;16),forage,687,5,0
deepseek-r1:1.5b,0.2,33,4,63.73,(16;16),forage,52,5,0
deepseek-r1:1.5b,0.2,33,5,54.67,(16;16),forage,606,5,0
deepseek-r1:1.5b,0.2,33,6,47.84,(16;16),forage,383,5,0
deepseek-r1:1.5b,0.2,33,7,38.01,(16;16),forage,683,5,0
deepseek-r1:1.5b,0.2,33,8,29.35,(16;15),move,516,5,0
deepseek-r1:1.5b,0.2,33,9,20.52,(16;14),move,533,5,0
deepseek-r1:1.5b,0.2,33,10,9.23,(16;13),move,779,6,0
deepseek-r1:1.5b,0.2,33,11,1.31,(16;12),move,442,5,0
deepseek-r1:1.5b,0.2,33,11,-1.69,(16;12),rest,100,4,0
deepseek-r1:1.5b,0.2,34,1,76.52,(16;16),rest,2048,5,0
deepseek-r1:1.5b,0.2,34,2,61.38,(16;16),write_sign,914,5,1
deepseek-r1:1.5b,0.2,34,3,51.45,(16;16),rest,693,5,0
deepseek-r1:1.5b,0.2,34,4,38.27,(16;16),write_sign,718,5,1
deepseek-r1:1.5b,0.2,34,5,31.69,(16;16),write_sign,58,5,1
deepseek-r1:1.5b,0.2,34,6,20.17,(17;16),move,802,5,0
deepseek-r1:1.5b,0.2,34,7,10.98,(17;15),move,569,5,0
deepseek-r1:1.5b,0.2,34,8,6.78,(17;16),move,70,5,0
deepseek-r1:1.5b,0.2,34,9,-0.79,(17;17),move,407,5,0
deepseek-r1:1.5b,0.2,35,1,88.12,(16;15),move,838,5,0
deepseek-r1:1.5b,0.2,35,2,74.17,(16;15),write_sign,795,5,1
deepseek-r1:1.5b,0.2,35,3,67.48,(16;15),write_sign,69,5,1
deepseek-r1:1.5b,0.2,35,4,55.45,(16;14),move,853,5,0
deepseek-r1:1.5b,0.2,35,5,43.22,(16;13),move,873,6,0
deepseek-r1:1.5b,0.2,35,6,33.98,(16;13),rest,624,5,0
deepseek-r1:1.5b,0.2,35,7,23.11,(15;13),move,737,5,0
deepseek-r1:1.5b,0.2,35,8,12.74,(15;12),move,687,5,0
deepseek-r1:1.5b,0.2,35,9,-0.67,(15;11),move,991,4,0
deepseek-r1:1.5b,0.2,36,1,82.39,(16;15),move,1411,5,0
deepseek-r1:1.5b,0.2,36,2,71.8,(16;15),forage,759,5,0
deepseek-r1:1.5b,0.2,36,3,67.17,(16;14),move,113,5,0
deepseek-r1:1.5b,0.2,36,4,55.1,(16;14),rest,907,6,0
deepseek-r1:1.5b,0.2,36,5,45.8,(16;13),move,580,6,0
deepseek-r1:1.5b,0.2,36,6,37.07,(16;12),move,523,5,0
deepseek-r1:1.5b,0.2,36,7,26.49,(16;12),w,758,4,0
deepseek-r1:1.5b,0.2,36,8,20.09,(16;12),w,340,4,0
deepseek-r1:1.5b,0.2,36,9,15.74,(16;12),w,135,4,0
deepseek-r1:1.5b,0.2,36,10,6.27,(16;11),move,597,4,0
deepseek-r1:1.5b,0.2,36,10,-4.53,(16;11),rest,880,3,0
deepseek-r1:1.5b,0.2,37,1,88.85,(16;16),forage,815,5,0
deepseek-r1:1.5b,0.2,37,2,80.45,(16;16),forage,540,5,0
deepseek-r1:1.5b,0.2,37,3,71.36,(17;17),move,559,5,0
deepseek-r1:1.5b,0.2,37,4,63.68,(17;16),move,418,4,0
deepseek-r1:1.5b,0.2,37,5,40.51,(17;16),move s e,2017,5,0
deepseek-r1:1.5b,0.2,37,6,17.03,(17;16),rest,2048,5,0
deepseek-r1:1.5b,0.2,37,7,8.83,(17;16),write sign at your current tile,520,5,0
deepseek-r1:1.5b,0.2,37,8,-0.73,(17;16),rest,656,5,0
deepseek-r1:1.5b,0.2,38,1,84.68,(16;16),write_sign,932,5,1
deepseek-r1:1.5b,0.2,38,2,61.2,(16;16),rest,2048,5,0
deepseek-r1:1.5b,0.2,38,3,46.2,(16;16),write_sign,900,5,1
deepseek-r1:1.5b,0.2,38,4,39.19,(16;16),rest,401,5,0
deepseek-r1:1.5b,0.2,38,5,28.26,(16;16),write_sign,493,5,1
deepseek-r1:1.5b,0.2,38,6,17.3,(16;16),write_sign,496,5,1
deepseek-r1:1.5b,0.2,38,7,8.61,(16;16),write_sign,269,5,1
deepseek-r1:1.5b,0.2,38,7,-0.9,(16;16),rest,751,5,0
deepseek-r1:1.5b,0.2,39,1,84.1,(16;16),write_sign,990,5,1
deepseek-r1:1.5b,0.2,39,2,71.54,(16;16),write_sign,656,5,1
deepseek-r1:1.5b,0.2,39,3,60.12,(16;16),write_sign,542,5,1
deepseek-r1:1.5b,0.2,39,4,48.74,(16;16),write_sign,538,5,1
deepseek-r1:1.5b,0.2,39,5,32.63,(16;16),move,1261,5,0
deepseek-r1:1.5b,0.2,39,6,21.05,(16;16),write_sign,558,5,1
deepseek-r1:1.5b,0.2,39,7,11.49,(16;16),write_sign,356,5,1
deepseek-r1:1.5b,0.2,39,8,2.86,(16;16),move,513,5,0
deepseek-r1:1.5b,0.2,39,8,-0.08,(16;16),rest,94,5,0
deepseek-r1:1.5b,0.2,40,1,81.11,(16;16),attempt_vault,589,5,0
deepseek-r1:1.5b,0.2,40,2,71.25,(16;16),rest,686,5,0
deepseek-r1:1.5b,0.2,40,3,51.31,(16;16),attempt_vault,694,5,0
deepseek-r1:1.5b,0.2,40,4,34.37,(16;16),attempt_vault,394,5,0
deepseek-r1:1.5b,0.2,40,5,20.76,(16;16),attempt_vault,61,5,0
deepseek-r1:1.5b,0.2,40,6,2.29,(16;16),attempt_vault,547,5,0
deepseek-r1:1.5b,0.2,40,6,-10.16,(16;16),rest,1045,5,0
deepseek-r1:1.5b,0.2,41,1,85.36,(16;16),move,1114,5,0
deepseek-r1:1.5b,0.2,41,2,73.97,(16;16),move,789,5,0
deepseek-r1:1.5b,0.2,41,3,59.19,(16;16),move,1128,5,0
deepseek-r1:1.5b,0.2,41,4,54.64,(16;16),move,105,5,0
deepseek-r1:1.5b,0.2,41,5,44.69,(15;16),move,645,5,0
deepseek-r1:1.5b,0.2,41,6,35.73,(15;16),solve_v,596,5,0
deepseek-r1:1.5b,0.2,41,7,27.65,(15;16),rest,508,5,0
deepseek-r1:1.5b,0.2,41,8,23.58,(15;16),rest,107,5,0
deepseek-r1:1.5b,0.2,41,9,15.02,(14;16),move,506,5,0
deepseek-r1:1.5b,0.2,41,10,5.38,(13;16),move,614,5,0
deepseek-r1:1.5b,0.2,41,10,-2.68,(13;16),rest,606,5,0
deepseek-r1:1.5b,0.2,42,1,88.01,(16;16),forage,899,5,0
deepseek-r1:1.5b,0.2,42,2,80.56,(16;16),forage,445,5,0
deepseek-r1:1.5b,0.2,42,3,67.4,(16;16),forage,1016,5,0
deepseek-r1:1.5b,0.2,42,4,57.7,(16;16),rest,670,5,0
deepseek-r1:1.5b,0.2,42,5,53.48,(16;16),rest,122,5,0
deepseek-r1:1.5b,0.2,42,6,39.27,(16;16),write_sign,821,5,1
deepseek-r1:1.5b,0.2,42,7,27.16,(16;16),write_sign,611,5,1
deepseek-r1:1.5b,0.2,42,8,18.11,(16;16),rest,605,5,0
deepseek-r1:1.5b,0.2,42,9,3.5,(16;16),attempt_vault,161,5,0
deepseek-r1:1.5b,0.2,42,9,-5.19,(16;16),rest,669,5,0
deepseek-r1:1.5b,0.2,43,1,76.52,(16;16),rest,2048,5,0
deepseek-r1:1.5b,0.2,43,2,53.04,(16;16),rest,2048,5,0
deepseek-r1:1.5b,0.2,43,3,36.57,(16;15),move,1297,5,0
deepseek-r1:1.5b,0.2,43,4,21.46,(16;15),rest,1211,5,0
deepseek-r1:1.5b,0.2,43,5,5.11,(16;15),rest,1335,5,0
deepseek-r1:1.5b,0.2,43,5,-5.38,(16;15),rest,849,5,0
deepseek-r1:1.5b,0.2,44,1,75.46,(16;16),attempt_vault,1154,5,0
deepseek-r1:1.5b,0.2,44,2,54.13,(16;16),attempt_vault,833,5,0
deepseek-r1:1.5b,0.2,44,3,49.88,(16;16),rest,125,5,0
deepseek-r1:1.5b,0.2,44,4,35.64,(16;16),attempt_vault,124,5,0
deepseek-r1:1.5b,0.2,44,5,15.75,(16;16),attempt_vault,689,5,0
deepseek-r1:1.5b,0.2,44,6,-2.38,(16;16),attempt_vault,513,5,0
deepseek-r1:1.5b,0.2,45,1,88.61,(16;15),move,789,5,0
deepseek-r1:1.5b,0.2,45,2,80.54,(16;15),rest,507,5,0
deepseek-r1:1.5b,0.2,45,3,72.55,(16;15),rest,499,5,0
deepseek-r1:1.5b,0.2,45,4,63.64,(16;15),rest,591,5,0
deepseek-r1:1.5b,0.2,45,5,50.11,(16;15),rest,1053,5,0
deepseek-r1:1.5b,0.2,45,6,42.53,(16;15),rest,458,5,0
deepseek-r1:1.5b,0.2,45,7,33.67,(16;15),rest,586,5,0
deepseek-r1:1.5b,0.2,45,8,25.52,(16;15),rest,515,5,0
deepseek-r1:1.5b,0.2,45,9,18.04,(16;15),rest,448,5,0
deepseek-r1:1.5b,0.2,45,10,8.12,(16;15),rest,692,5,0
deepseek-r1:1.5b,0.2,45,11,0.25,(16;15),rest,487,5,0
deepseek-r1:1.5b,0.2,45,11,-9.93,(16;15),rest,818,5,0
deepseek-r1:1.5b,0.2,46,1,86.89,(15;15),move,961,5,0
deepseek-r1:1.5b,0.2,46,2,75.59,(15;15),forage,830,5,0
deepseek-r1:1.5b,0.2,46,3,71.12,(15;15),explore,147,5,0
deepseek-r1:1.5b,0.2,46,4,62.03,(15;15),explore,609,5,0
deepseek-r1:1.5b,0.2,46,5,52.01,(15;15),n,702,5,0
deepseek-r1:1.5b,0.2,46,6,40.19,(15;15),n,882,5,0
deepseek-r1:1.5b,0.2,46,7,35.11,(15;15),rest,208,5,0
deepseek-r1:1.5b,0.2,46,8,24.62,(15;15),n,749,5,0
deepseek-r1:1.5b,0.2,46,9,17.0,(15;15),n,462,5,0
deepseek-r1:1.5b,0.2,46,10,7.34,(15;15),n,666,5,0
deepseek-r1:1.5b,0.2,46,11,3.02,(15;15),n,132,5,0
deepseek-r1:1.5b,0.2,46,11,-3.54,(15;15),rest,456,5,0
deepseek-r1:1.5b,0.2,47,1,88.75,(17;15),move,775,5,0
deepseek-r1:1.5b,0.2,47,2,78.12,(18;14),move,713,5,0
deepseek-r1:1.5b,0.2,47,3,71.07,(18;14),write_sign,105,6,1
deepseek-r1:1.5b,0.2,47,4,62.37,(18;13),move,520,7,0
deepseek-r1:1.5b,0.2,47,5,54.5,(18;14),move,437,6,0
deepseek-r1:1.5b,0.2,47,6,44.48,(18;15),move,652,7,0
deepseek-r1:1.5b,0.2,47,7,32.03,(17;15),move,895,6,0
deepseek-r1:1.5b,0.2,47,8,21.14,(16;15),move,739,6,0
deepseek-r1:1.5b,0.2,47,9,10.13,(15;15),move,751,6,0
deepseek-r1:1.5b,0.2,47,10,1.49,(14;15),move,514,6,0
deepseek-r1:1.5b,0.2,47,10,-6.27,(14;15),rest,576,5,0
deepseek-r1:1.5b,0.2,48,1,85.81,(16;16),write_sign,819,6,1
deepseek-r1:1.5b,0.2,48,2,72.83,(16;16),move,948,6,0
deepseek-r1:1.5b,0.2,48,3,59.55,(16;16),solve_vault,1028,6,0
deepseek-r1:1.5b,0.2,48,4,52.06,(16;16),solve_vault,449,6,0
deepseek-r1:1.5b,0.2,48,5,45.78,(16;16),solve_vault,328,6,0
deepseek-r1:1.5b,0.2,48,6,36.99,(16;16),move,529,6,0
deepseek-r1:1.5b,0.2,48,7,28.02,(16;16),solve_vault,597,6,0
deepseek-r1:1.5b,0.2,48,8,19.68,(16;16),solve_vault,534,6,0
deepseek-r1:1.5b,0.2,48,9,12.29,(16;16),solve_vault,439,6,0
deepseek-r1:1.5b,0.2,48,10,8.12,(16;16),solve_vault,117,6,0
deepseek-r1:1.5b,0.2,48,11,-1.69,(16;16),write_sign,381,6,1
deepseek-r1:1.5b,0.2,49,1,87.93,(16;16),write_sign,607,6,1
deepseek-r1:1.5b,0.2,49,2,80.32,(16;16),rest,461,6,0
deepseek-r1:1.5b,0.2,49,3,60.33,(16;16),attempt_vault,699,6,0
deepseek-r1:1.5b,0.2,49,4,42.53,(16;16),attempt_vault,480,6,0
deepseek-r1:1.5b,0.2,49,5,28.68,(16;16),attempt_vault,85,6,0
deepseek-r1:1.5b,0.2,49,6,9.52,(16;16),attempt_vault,616,6,0
deepseek-r1:1.5b,0.2,49,7,-4.33,(16;16),attempt_vault,85,6,0
deepseek-r1:1.5b,0.2,50,1,85.27,(16;15),move,1123,6,0
deepseek-r1:1.5b,0.2,50,2,76.92,(16;14),move,485,6,0
deepseek-r1:1.5b,0.2,50,3,65.41,(16;14),rest,851,7,0
deepseek-r1:1.5b,0.2,50,4,49.85,(16;13),move,1206,7,0
deepseek-r1:1.5b,0.2,50,5,37.76,(16;12),move,859,6,0
deepseek-r1:1.5b,0.2,50,6,27.23,(16;11),move,703,5,0
deepseek-r1:1.5b,0.2,50,7,17.18,(16;11),move,655,4,0
deepseek-r1:1.5b,0.2,50,8,11.89,(16;11),move,179,4,0
deepseek-r1:1.5b,0.2,50,9,3.91,(16;11),move,448,4,0
deepseek-r1:1.5b,0.2,50,9,-2.7,(16;11),rest,461,4,0
deepseek-r1:1.5b,0.2,51,1,89.74,(16;16),forage,726,6,0
deepseek-r1:1.5b,0.2,51,2,80.75,(16;16),rest,599,6,0
deepseek-r1:1.5b,0.2,51,3,70.85,(16;16),forage,690,6,0
deepseek-r1:1.5b,0.2,51,4,57.36,(16;16),attempt_vault,49,6,0
deepseek-r1:1.5b,0.2,51,5,46.19,(16;16),write_sign,517,6,1
deepseek-r1:8b,0.2,1,1,97.0,(16;16),rest,0,0,0
deepseek-r1:8b,0.2,1,2,94.0,(16;16),rest,0,0,0
deepseek-r1:8b,0.2,1,3,91.0,(16;16),rest,0,0,0
deepseek-r1:8b,0.2,1,4,88.0,(16;16),rest,0,0,0
deepseek-r1:8b,0.2,1,5,85.0,(16;16),rest,0,0,0
deepseek-r1:8b,0.2,1,6,82.0,(16;16),rest,0,0,0
deepseek-r1:8b,0.2,1,7,79.0,(16;16),rest,0,0,0
deepseek-r1:8b,0.2,1,8,76.0,(16;16),rest,0,0,0
deepseek-r1:8b,0.2,1,9,73.0,(16;16),rest,0,0,0
deepseek-r1:8b,0.2,1,1,97.0,(16;16),rest,0,0,0
deepseek-r1:8b,0.2,1,2,94.0,(16;16),rest,0,0,0
deepseek-r1:8b,0.2,1,3,91.0,(16;16),rest,0,0,0
deepseek-r1:8b,0.2,1,4,88.0,(16;16),rest,0,0,0
deepseek-r1:8b,0.2,1,5,85.0,(16;16),rest,0,0,0
deepseek-r1:8b,0.2,1,6,82.0,(16;16),rest,0,0,0
deepseek-r1:8b,0.2,1,7,79.0,(16;16),rest,0,0,0
deepseek-r1:8b,0.2,1,8,76.0,(16;16),rest,0,0,0
deepseek-r1:8b,0.2,1,9,73.0,(16;16),rest,0,0,0
deepseek-r1:8b,0.2,1,10,70.0,(16;16),rest,0,0,0
llama3.2,0.2,1,1,96.1,(16;15),move,40,0,0
llama3.2,0.2,1,2,92.24,(16;14),move,36,0,0
llama3.2,0.2,1,3,88.39,(16;13),move,35,0,0
llama3.2,0.2,1,4,100.0,(16;13),forage,42,0,0
llama3.2,0.2,1,5,96.71,(16;13),rest,29,0,0
llama3.2,0.2,1,6,93.41,(16;13),rest,30,0,0
llama3.2,0.2,1,7,90.17,(16;13),rest,24,0,0
llama3.2,0.2,1,8,86.92,(16;13),rest,25,0,0
llama3.2,0.2,1,9,83.68,(16;13),rest,24,0,0
llama3.2,0.2,1,10,80.43,(16;13),rest,25,0,0
llama3.2,0.2,1,11,77.2,(16;13),rest,23,0,0
llama3.2,0.2,1,12,73.96,(16;13),rest,24,0,0
llama3.2,0.2,1,13,70.73,(16;13),rest,23,0,0
llama3.2,0.2,1,14,67.49,(16;13),rest,24,0,0
llama3.2,0.2,1,15,64.26,(16;13),rest,23,0,0
llama3.2,0.2,1,16,61.02,(16;13),rest,24,0,0
llama3.2,0.2,1,17,57.79,(16;13),rest,23,0,0
llama3.2,0.2,1,18,54.55,(16;13),rest,24,0,0
llama3.2,0.2,1,19,51.32,(16;13),rest,23,0,0
llama3.2,0.2,1,20,48.08,(16;13),rest,24,0,0
llama3.2,0.2,1,21,44.85,(16;13),rest,23,0,0
llama3.2,0.2,1,22,41.61,(16;13),rest,24,0,0
llama3.2,0.2,1,23,38.38,(16;13),rest,23,0,0
llama3.2,0.2,1,24,35.14,(16;13),rest,24,0,0
llama3.2,0.2,1,25,31.85,(16;13),forage,29,0,0
llama3.2,0.2,1,26,28.56,(16;13),forage,29,0,0
llama3.2,0.2,1,27,25.27,(16;13),forage,29,0,0
llama3.2,0.2,1,28,21.98,(16;13),forage,29,0,0
llama3.2,0.2,1,29,18.69,(16;13),forage,29,0,0
llama3.2,0.2,1,30,15.4,(16;13),forage,29,0,0
llama3.2,0.2,1,31,12.11,(16;13),forage,29,0,0
llama3.2,0.2,1,32,8.82,(16;13),forage,29,0,0
llama3.2,0.2,1,33,5.53,(16;13),forage,29,0,0
llama3.2,0.2,1,34,2.24,(16;13),forage,29,0,0
llama3.2,0.2,1,34,-0.05,(16;13),rest,29,0,0
llama3.2,0.2,2,1,96.27,(17;16),move,23,0,0
llama3.2,0.2,2,2,92.53,(18;16),move,24,0,0
llama3.2,0.2,2,3,89.28,(18;16),forage,25,0,0
llama3.2,0.2,2,4,85.53,(17;16),move,25,0,0
llama3.2,0.2,2,5,81.79,(17;15),move,24,0,0
llama3.2,0.2,2,6,78.02,(18;15),move,27,0,0
llama3.2,0.2,2,7,74.26,(19;15),move,26,0,0
llama3.2,0.2,2,8,70.51,(19;14),move,25,0,0
llama3.2,0.2,2,9,66.75,(20;14),move,26,0,0
llama3.2,0.2,2,10,63.0,(20;13),move,25,0,0
llama3.2,0.2,2,11,59.26,(21;13),move,24,0,0
llama3.2,0.2,2,12,55.51,(21;12),move,25,0,0
llama3.2,0.2,2,13,51.77,(22;12),move,24,0,0
llama3.2,0.2,2,14,48.02,(22;11),move,25,0,0
llama3.2,0.2,2,15,44.28,(23;11),move,24,0,0
llama3.2,0.2,2,16,40.53,(23;10),move,25,0,0
llama3.2,0.2,2,17,36.79,(24;10),move,24,0,0
llama3.2,0.2,2,18,33.04,(24;9),move,25,0,0
llama3.2,0.2,2,19,19.77,(24;9),attempt_vault,27,0,0
llama3.2,0.2,2,20,16.53,(24;9),forage,24,0,0
llama3.2,0.2,2,21,12.79,(23;8),move,24,0,0
llama3.2,0.2,2,22,9.55,(23;8),forage,24,0,0
llama3.2,0.2,2,23,5.82,(24;7),move,23,0,0
llama3.2,0.2,2,24,2.58,(24;7),forage,24,0,0
llama3.2,0.2,2,25,-10.67,(24;7),attempt_vault,25,0,0
llama3.2,0.2,3,1,96.26,(17;16),move,24,0,0
llama3.2,0.2,3,2,92.48,(18;16),move,28,0,0
llama3.2,0.2,3,3,88.69,(18;17),move,29,0,0
llama3.2,0.2,3,4,84.91,(19;18),move,28,0,0
llama3.2,0.2,3,5,81.14,(20;18),move,27,0,0
llama3.2,0.2,3,6,77.37,(20;17),move,27,0,0
llama3.2,0.2,3,7,73.6,(21;17),move,27,0,0
llama3.2,0.2,3,8,69.82,(21;18),move,28,0,0
llama3.2,0.2,3,9,66.06,(20;18),move,26,0,0
llama3.2,0.2,3,10,62.3,(20;17),move,26,0,0
llama3.2,0.2,3,11,58.54,(21;17),move,26,0,0
llama3.2,0.2,3,12,54.78,(20;17),move,26,0,0
llama3.2,0.2,3,13,51.02,(20;18),move,26,0,0
llama3.2,0.2,3,14,47.26,(20;17),move,26,0,0
llama3.2,0.2,3,15,43.5,(21;17),move,26,0,0
llama3.2,0.2,3,16,39.74,(20;17),move,26,0,0
llama3.2,0.2,3,17,35.98,(20;18),move,26,0,0
llama3.2,0.2,3,18,32.22,(20;17),move,26,0,0
llama3.2,0.2,3,19,28.46,(21;17),move,26,0,0
llama3.2,0.2,3,20,24.7,(20;17),move,26,0,0
llama3.2,0.2,3,21,20.94,(20;18),move,26,0,0
llama3.2,0.2,3,22,17.18,(20;17),move,26,0,0
llama3.2,0.2,3,23,13.42,(21;17),move,26,0,0
llama3.2,0.2,3,24,9.66,(20;17),move,26,0,0
llama3.2,0.2,3,25,5.9,(20;18),move,26,0,0
llama3.2,0.2,3,26,2.14,(20;17),move,26,0,0
llama3.2,0.2,3,26,-0.12,(20;17),rest,26,0,0
llama3.2,0.2,4,1,96.26,(17;16),move,24,0,0
llama3.2,0.2,4,2,92.48,(18;16),move,28,0,0
llama3.2,0.2,4,3,89.27,(18;16),forage,21,0,0
llama3.2,0.2,4,4,85.52,(17;16),move,25,0,0
llama3.2,0.2,4,5,81.74,(17;15),move,28,0,0
llama3.2,0.2,4,6,77.91,(18;15),move,33,0,0
llama3.2,0.2,4,7,74.12,(17;15),move,29,0,0
llama3.2,0.2,4,8,70.34,(17;14),move,28,0,0
llama3.2,0.2,4,9,66.52,(18;14),move,32,0,0
llama3.2,0.2,4,10,62.71,(17;14),move,31,0,0
llama3.2,0.2,4,11,59.5,(17;14),forage,21,0,0
llama3.2,0.2,4,12,55.72,(17;13),move,28,0,0
llama3.2,0.2,4,13,51.9,(18;13),move,32,0,0
llama3.2,0.2,4,14,48.09,(17;13),move,31,0,0
llama3.2,0.2,4,15,44.31,(17;12),move,28,0,0
llama3.2,0.2,4,16,41.1,(17;12),forage,21,0,0
llama3.2,0.2,4,17,37.32,(17;11),move,28,0,0
llama3.2,0.2,4,18,33.56,(18;11),move,26,0,0
llama3.2,0.2,4,19,29.75,(17;11),move,31,0,0
llama3.2,0.2,4,20,25.97,(17;10),move,28,0,0
llama3.2,0.2,4,21,22.21,(18;10),move,26,0,0
llama3.2,0.2,4,22,18.4,(17;10),move,31,0,0
llama3.2,0.2,4,23,14.62,(17;10),move,28,0,0
llama3.2,0.2,4,24,10.9,(18;10),move,22,0,0
llama3.2,0.2,4,25,7.1,(17;10),move,30,0,0
llama3.2,0.2,4,26,3.38,(17;10),move,22,0,0
llama3.2,0.2,4,27,0.12,(17;10),forage,26,0,0
llama3.2,0.2,4,27,-2.04,(17;10),rest,16,0,0
llama3.2,0.2,5,1,96.26,(17;16),move,24,0,0
llama3.2,0.2,5,2,92.49,(18;16),move,27,0,0
llama3.2,0.2,5,3,89.28,(18;16),forage,21,0,0
llama3.2,0.2,5,4,85.51,(17;16),move,27,0,0
llama3.2,0.2,5,5,81.74,(17;15),move,27,0,0
llama3.2,0.2,5,6,77.96,(18;15),move,28,0,0
llama3.2,0.2,5,7,74.19,(18;14),move,27,0,0
llama3.2,0.2,5,8,60.96,(18;14),attempt_vault,23,0,0
llama3.2,0.2,5,9,57.17,(17;14),move,29,0,0
llama3.2,0.2,5,10,43.94,(17;14),attempt_vault,23,0,0
llama3.2,0.2,5,11,40.17,(18;14),move,27,0,0
llama3.2,0.2,5,12,36.4,(18;13),move,27,0,0
llama3.2,0.2,5,13,23.17,(18;13),attempt_vault,23,0,0
llama3.2,0.2,5,14,19.38,(17;13),move,29,0,0
llama3.2,0.2,5,15,15.61,(17;12),move,27,0,0
llama3.2,0.2,5,16,2.38,(17;12),attempt_vault,23,0,0
llama3.2,0.2,5,17,-1.39,(17;12),move,27,0,0
llama3.2,0.2,6,1,96.26,(17;16),move,24,0,0
llama3.2,0.2,6,2,92.48,(18;16),move,28,0,0
llama3.2,0.2,6,3,89.27,(18;16),forage,21,0,0
llama3.2,0.2,6,4,85.52,(17;16),move,25,0,0
llama3.2,0.2,6,5,81.74,(17;15),move,28,0,0
llama3.2,0.2,6,6,77.96,(18;15),move,28,0,0
llama3.2,0.2,6,7,74.17,(19;15),move,29,0,0
llama3.2,0.2,6,8,70.4,(19;16),move,27,0,0
llama3.2,0.2,6,9,67.14,(19;16),forage,26,0,0
llama3.2,0.2,6,10,63.39,(18;16),move,25,0,0
llama3.2,0.2,6,11,59.61,(17;16),move,28,0,0
llama3.2,0.2,6,12,55.84,(17;15),move,27,0,0
llama3.2,0.2,6,13,52.05,(17;16),move,29,0,0
llama3.2,0.2,6,14,45.72,(17;16),write_sign,33,0,1
llama3.2,0.2,6,15,42.5,(17;16),forage,22,1,0
llama3.2,0.2,6,16,38.72,(17;17),move,28,1,0
llama3.2,0.2,6,17,34.97,(17;16),move,25,1,0
llama3.2,0.2,6,18,31.75,(17;16),forage,22,1,0
llama3.2,0.2,6,19,27.97,(17;17),move,28,1,0
llama3.2,0.2,6,20,24.19,(17;18),move,28,1,0
llama3.2,0.2,6,21,20.39,(17;18),move,30,1,0
llama3.2,0.2,6,22,16.65,(17;17),move,24,1,0
llama3.2,0.2,6,23,12.86,(17;18),move,29,1,0
llama3.2,0.2,6,24,9.06,(17;18),move,30,1,0
llama3.2,0.2,6,25,5.32,(17;17),move,24,1,0
llama3.2,0.2,6,26,1.53,(17;18),move,29,1,0
llama3.2,0.2,6,26,-0.77,(17;18),rest,30,1,0
llama3.2,0.2,7,1,96.02,(17;16),move,48,1,0
llama3.2,0.2,7,2,92.42,(17;16),forage,60,1,0
llama3.2,0.2,7,3,88.47,(16;16),move,45,1,0
llama3.2,0.2,7,4,84.46,(17;16),move,51,1,0
llama3.2,0.2,7,5,70.97,(17;16),attempt_vault,49,1,0
llama3.2,0.2,7,6,67.02,(16;16),move,45,1,0
llama3.2,0.2,7,7,62.96,(17;16),move,56,1,0
llama3.2,0.2,7,8,58.95,(16;16),move,51,1,0
llama3.2,0.2,7,9,54.89,(17;16),move,56,1,0
llama3.2,0.2,7,10,50.88,(16;16),move,51,1,0
llama3.2,0.2,7,11,46.82,(17;16),move,56,1,0
llama3.2,0.2,7,12,42.81,(16;16),move,51,1,0
llama3.2,0.2,7,13,38.75,(17;16),move,56,1,0
llama3.2,0.2,7,14,34.74,(16;16),move,51,1,0
llama3.2,0.2,7,15,30.68,(17;16),move,56,1,0
llama3.2,0.2,7,16,26.67,(16;16),move,51,1,0
llama3.2,0.2,7,17,22.61,(17;16),move,56,1,0
llama3.2,0.2,7,18,18.6,(16;16),move,51,1,0
llama3.2,0.2,7,19,14.54,(17;16),move,56,1,0
llama3.2,0.2,7,20,11.14,(17;16),rest,40,1,0
llama3.2,0.2,7,21,7.1,(16;16),move,54,1,0
llama3.2,0.2,7,22,3.03,(17;16),move,57,1,0
llama3.2,0.2,7,23,-0.46,(17;16),forage,49,1,0
llama3.2,0.2,8,1,96.0,(17;16),move,50,1,0
llama3.2,0.2,8,2,91.93,(18;16),move,57,1,0
llama3.2,0.2,8,3,87.96,(17;16),move,47,1,0
llama3.2,0.2,8,4,83.84,(18;16),move,62,1,0
llama3.2,0.2,8,5,79.73,(17;16),move,61,1,0
llama3.2,0.2,8,6,75.61,(18;16),move,62,1,0
llama3.2,0.2,8,7,71.62,(18;15),move,49,1,0
llama3.2,0.2,8,8,67.6,(18;16),move,52,1,0
llama3.2,0.2,8,9,63.59,(19;16),move,51,1,0
llama3.2,0.2,8,10,59.59,(20;15),move,50,1,0
llama3.2,0.2,8,11,56.12,(20;15),forage,47,1,0
llama3.2,0.2,8,12,52.04,(21;14),move,58,1,0
llama3.2,0.2,8,13,48.58,(21;14),forage,46,0,0
llama3.2,0.2,8,14,44.49,(22;14),move,59,0,0
llama3.2,0.2,8,15,62.61,(22;14),forage,39,0,0
llama3.2,0.2,8,16,58.6,(21;15),move,51,0,0
llama3.2,0.2,8,17,55.17,(21;15),rest,43,0,0
llama3.2,0.2,8,18,51.21,(22;15),move,46,0,0
llama3.2,0.2,8,19,47.2,(22;14),move,51,0,0
llama3.2,0.2,8,20,43.7,(22;14),forage,50,0,0
llama3.2,0.2,8,21,39.71,(23;14),move,49,0,0
llama3.2,0.2,8,22,35.72,(22;14),move,49,0,0
llama3.2,0.2,8,23,31.73,(23;14),move,49,0,0
llama3.2,0.2,8,24,27.74,(24;14),move,49,0,0
llama3.2,0.2,8,25,23.75,(23;14),move,49,0,0
llama3.2,0.2,8,26,19.76,(24;14),move,49,0,0
llama3.2,0.2,8,27,15.77,(25;14),move,49,0,0
llama3.2,0.2,8,28,11.78,(26;14),move,49,0,0
llama3.2,0.2,8,29,7.79,(27;14),move,49,0,0
llama3.2,0.2,8,30,3.8,(28;14),move,49,0,0
llama3.2,0.2,8,31,-0.19,(29;14),move,49,0,0
llama3.2,0.2,9,1,95.98,(15;15),move,52,1,0
llama3.2,0.2,9,2,92.44,(15;15),forage,54,1,0
llama3.2,0.2,9,3,88.34,(14;16),move,60,1,0
llama3.2,0.2,9,4,84.27,(13;17),move,57,1,0
llama3.2,0.2,9,5,80.29,(12;17),move,48,0,0
llama3.2,0.2,9,6,97.52,(12;17),forage,47,0,0
llama3.2,0.2,9,7,94.11,(12;17),rest,41,0,0
llama3.2,0.2,9,8,87.51,(12;17),write_sign,60,0,1
llama3.2,0.2,9,9,83.53,(12;17),move,48,1,0
llama3.2,0.2,9,10,79.65,(13;17),move,38,1,0
llama3.2,0.2,9,11,75.69,(12;17),move,46,1,0
llama3.2,0.2,9,12,72.24,(12;17),forage,45,1,0
llama3.2,0.2,9,13,68.24,(12;16),move,50,1,0
llama3.2,0.2,9,14,64.37,(13;15),move,37,1,0
llama3.2,0.2,9,15,60.97,(13;15),forage,40,1,0
llama3.2,0.2,9,16,57.05,(14;16),move,42,1,0
llama3.2,0.2,9,17,53.65,(14;16),forage,40,2,0
llama3.2,0.2,9,18,49.76,(15;16),move,39,2,0
llama3.2,0.2,9,19,43.39,(15;16),write_sign,37,2,1
llama3.2,0.2,9,20,39.5,(15;15),move,39,3,0
llama3.2,0.2,9,21,36.11,(15;15),forage,39,3,0
llama3.2,0.2,9,22,32.2,(16;16),move,41,3,0
llama3.2,0.2,9,23,28.8,(16;16),forage,40,2,0
llama3.2,0.2,9,24,24.9,(16;17),move,40,2,0
llama3.2,0.2,9,25,21.51,(16;17),forage,39,2,0
llama3.2,0.2,9,26,17.61,(16;18),move,40,2,0
llama3.2,0.2,9,27,33.15,(16;18),forage,36,2,0
llama3.2,0.2,9,28,29.24,(16;17),move,41,2,0
llama3.2,0.2,9,29,25.39,(16;16),move,35,2,0
llama3.2,0.2,9,30,21.52,(15;16),move,37,2,0
llama3.2,0.2,9,31,17.57,(16;16),move,45,3,0
llama3.2,0.2,9,32,13.71,(16;15),move,36,2,0
llama3.2,0.2,9,33,9.84,(15;15),move,37,2,0
llama3.2,0.2,9,34,5.99,(16;15),move,35,3,0
llama3.2,0.2,9,35,2.13,(16;14),move,36,2,0
llama3.2,0.2,9,35,-0.19,(16;14),rest,32,2,0
llama3.2,0.2,10,1,96.02,(15;15),move,48,2,0
llama3.2,0.2,10,2,92.0,(15;14),move,52,3,0
llama3.2,0.2,10,3,87.98,(15;13),move,52,3,0
llama3.2,0.2,10,4,100.0,(15;13),forage,36,2,0
llama3.2,0.2,10,5,96.02,(15;14),move,48,2,0
llama3.2,0.2,10,6,92.13,(16;15),move,39,3,0
llama3.2,0.2,10,7,88.27,(15;16),move,36,2,0
llama3.2,0.2,10,8,84.29,(16;16),move,48,3,0
llama3.2,0.2,10,9,80.32,(15;16),move,47,2,0
llama3.2,0.2,10,10,76.33,(16;15),move,49,3,0
llama3.2,0.2,10,11,72.33,(17;16),move,50,2,0
llama3.2,0.2,10,12,68.34,(16;16),move,49,2,0
llama3.2,0.2,10,13,64.35,(17;16),move,49,2,0
llama3.2,0.2,10,14,57.82,(17;16),write_sign,53,2,1
llama3.2,0.2,10,15,53.79,(16;16),move,53,2,0
llama3.2,0.2,10,16,49.76,(15;16),move,53,2,0
llama3.2,0.2,10,17,45.75,(14;17),move,51,3,0
llama3.2,0.2,10,18,41.74,(13;16),move,51,3,0
llama3.2,0.2,10,19,37.73,(12;17),move,51,2,0
llama3.2,0.2,10,20,33.72,(13;16),move,51,2,0
llama3.2,0.2,10,21,29.71,(12;17),move,51,2,0
llama3.2,0.2,10,22,25.7,(13;16),move,51,2,0
llama3.2,0.2,10,23,21.69,(14;17),move,51,2,0
llama3.2,0.2,10,24,17.66,(13;16),move,53,3,0
llama3.2,0.2,10,25,13.65,(14;17),move,51,2,0
llama3.2,0.2,10,26,0.13,(14;17),attempt_vault,52,3,0
llama3.2,0.2,10,26,-2.14,(14;17),rest,27,3,0
llama3.2,0.2,11,1,96.03,(15;16),move,47,2,0
llama3.2,0.2,11,2,92.01,(14;17),move,52,3,0
llama3.2,0.2,11,3,88.01,(15;17),move,50,3,0
llama3.2,0.2,11,4,84.01,(14;17),move,50,3,0
llama3.2,0.2,11,5,80.05,(13;17),move,46,3,0
llama3.2,0.2,11,6,76.09,(12;17),move,46,2,0
llama3.2,0.2,11,7,72.51,(12;17),read_sign,58,2,0
llama3.2,0.2,11,8,68.57,(13;17),move,44,2,0
llama3.2,0.2,11,9,64.66,(14;16),move,41,2,0
llama3.2,0.2,11,10,60.75,(15;17),move,41,3,0
llama3.2,0.2,11,11,56.84,(14;16),move,41,3,0
llama3.2,0.2,11,12,52.93,(15;17),move,41,3,0
llama3.2,0.2,11,13,49.02,(14;16),move,41,3,0
llama3.2,0.2,11,14,45.11,(15;17),move,41,3,0
llama3.2,0.2,11,15,41.2,(14;16),move,41,3,0
llama3.2,0.2,11,16,37.29,(15;17),move,41,3,0
llama3.2,0.2,11,17,33.38,(14;16),move,41,3,0
llama3.2,0.2,11,18,29.47,(15;17),move,41,3,0
llama3.2,0.2,11,19,25.56,(14;16),move,41,3,0
llama3.2,0.2,11,20,21.65,(15;17),move,41,3,0
llama3.2,0.2,11,21,17.74,(14;16),move,41,3,0
llama3.2,0.2,11,22,13.83,(15;17),move,41,3,0
llama3.2,0.2,11,23,9.92,(14;16),move,41,3,0
llama3.2,0.2,11,24,6.01,(15;17),move,41,3,0
llama3.2,0.2,11,25,2.1,(14;16),move,41,3,0
llama3.2,0.2,11,25,-0.31,(14;16),rest,41,3,0
llama3.2,0.2,12,1,96.4,(16;16),rest,60,2,0
llama3.2,0.2,12,2,93.06,(16;16),forage,34,2,0
llama3.2,0.2,12,3,89.12,(17;16),move,44,2,0
llama3.2,0.2,12,4,85.19,(16;16),move,43,2,0
llama3.2,0.2,12,5,81.26,(17;16),move,43,2,0
llama3.2,0.2,12,6,77.33,(16;16),move,43,2,0
llama3.2,0.2,12,7,73.44,(15;16),move,39,2,0
llama3.2,0.2,12,8,69.55,(14;17),move,39,3,0
llama3.2,0.2,12,9,65.62,(15;16),move,43,3,0
llama3.2,0.2,12,10,61.69,(16;16),move,43,3,0
llama3.2,0.2,12,11,57.76,(15;16),move,43,2,0
llama3.2,0.2,12,12,53.83,(16;16),move,43,3,0
llama3.2,0.2,12,13,49.9,(15;16),move,43,2,0
llama3.2,0.2,12,14,45.97,(16;16),move,43,3,0
llama3.2,0.2,12,15,42.04,(15;16),move,43,2,0
llama3.2,0.2,12,16,28.64,(15;16),attempt_vault,40,3,0
llama3.2,0.2,12,17,24.74,(14;17),move,40,3,0
llama3.2,0.2,12,18,20.8,(15;16),move,44,3,0
llama3.2,0.2,12,19,16.87,(16;16),move,43,3,0
llama3.2,0.2,12,20,12.94,(15;16),move,43,2,0
llama3.2,0.2,12,21,9.01,(16;16),move,43,3,0
llama3.2,0.2,12,22,5.08,(15;16),move,43,2,0
llama3.2,0.2,12,23,-8.3,(15;16),attempt_vault,38,3,0
llama3.2,0.2,13,1,95.93,(15;16),move,57,2,0
llama3.2,0.2,13,2,89.35,(15;16),write_sign,58,3,1
llama3.2,0.2,13,3,85.36,(14;17),move,49,3,0
llama3.2,0.2,13,4,81.33,(13;17),move,53,3,0
llama3.2,0.2,13,5,77.39,(12;17),move,44,2,0
llama3.2,0.2,13,6,73.46,(13;16),move,43,2,0
llama3.2,0.2,13,7,69.6,(12;15),move,36,2,0
llama3.2,0.2,13,8,65.74,(12;14),move,36,2,0
llama3.2,0.2,13,9,61.88,(11;13),move,36,2,0
llama3.2,0.2,13,10,58.02,(12;13),move,36,0,0
llama3.2,0.2,13,11,78.55,(12;13),forage,30,1,0
llama3.2,0.2,13,12,74.68,(12;13),move,37,1,0
llama3.2,0.2,13,13,61.37,(12;13),attempt_vault,31,1,0
llama3.2,0.2,13,14,57.5,(12;13),move,37,1,0
llama3.2,0.2,13,15,51.11,(12;13),write_sign,39,1,1
llama3.2,0.2,13,16,47.24,(12;13),move,37,2,0
llama3.2,0.2,13,17,43.4,(13;13),move,34,2,0
llama3.2,0.2,13,18,39.53,(13;13),move,37,2,0
llama3.2,0.2,13,19,35.69,(12;13),move,34,2,0
llama3.2,0.2,13,20,31.82,(12;13),move,37,2,0
llama3.2,0.2,13,21,27.98,(12;14),move,34,2,0
llama3.2,0.2,13,22,24.11,(11;13),move,37,3,0
llama3.2,0.2,13,23,20.27,(12;13),move,34,1,0
llama3.2,0.2,13,24,16.98,(12;13),forage,29,2,0
llama3.2,0.2,13,25,3.71,(12;13),attempt_vault,27,2,0
llama3.2,0.2,13,26,-0.11,(12;13),move,32,2,0
llama3.2,0.2,14,1,96.01,(17;16),move,49,2,0
llama3.2,0.2,14,2,91.98,(18;16),move,53,2,0
llama3.2,0.2,14,3,88.38,(18;16),rest,60,2,0
llama3.2,0.2,14,4,84.78,(18;16),rest,60,2,0
llama3.2,0.2,14,5,80.69,(17;16),move,59,2,0
llama3.2,0.2,14,6,76.68,(18;16),move,51,2,0
llama3.2,0.2,14,7,72.65,(19;16),move,53,2,0
llama3.2,0.2,14,8,68.59,(18;16),move,56,1,0
llama3.2,0.2,14,9,64.56,(17;16),move,53,2,0
llama3.2,0.2,14,10,60.46,(17;15),move,60,2,0
llama3.2,0.2,14,11,56.43,(17;16),move,53,2,0
llama3.2,0.2,14,12,52.33,(18;16),move,60,2,0
llama3.2,0.2,14,13,48.26,(17;16),move,57,2,0
llama3.2,0.2,14,14,44.16,(17;15),move,60,2,0
llama3.2,0.2,14,15,40.13,(17;16),move,53,2,0
llama3.2,0.2,14,16,36.03,(18;16),move,60,2,0
llama3.2,0.2,14,17,31.96,(17;16),move,57,2,0
llama3.2,0.2,14,18,27.86,(17;15),move,60,2,0
llama3.2,0.2,14,19,23.83,(17;16),move,53,2,0
llama3.2,0.2,14,20,19.73,(18;16),move,60,2,0
llama3.2,0.2,14,21,15.66,(17;16),move,57,2,0
llama3.2,0.2,14,22,12.22,(17;16),rest,44,2,0
llama3.2,0.2,14,23,8.14,(17;17),move,58,2,0
llama3.2,0.2,14,24,4.07,(17;16),move,57,2,0
llama3.2,0.2,14,25,0.67,(17;16),rest,40,2,0
llama3.2,0.2,14,25,-1.83,(17;16),rest,50,2,0
llama3.2,0.2,15,1,96.01,(17;16),move,49,2,0
llama3.2,0.2,15,2,92.41,(17;16),rest,60,2,0
llama3.2,0.2,15,3,88.48,(18;16),move,43,2,0
llama3.2,0.2,15,4,84.38,(17;16),move,60,2,0
llama3.2,0.2,15,5,80.4,(18;16),move,48,2,0
llama3.2,0.2,15,6,76.45,(19;16),move,45,2,0
llama3.2,0.2,15,7,72.45,(19;17),move,50,1,0
llama3.2,0.2,15,8,68.46,(18;16),move,49,1,0
llama3.2,0.2,15,9,64.55,(19;16),move,41,2,0
llama3.2,0.2,15,10,60.69,(19;15),move,36,1,0
llama3.2,0.2,15,11,56.77,(20;15),move,42,1,0
llama3.2,0.2,15,12,52.87,(20;14),move,40,1,0
llama3.2,0.2,15,13,48.94,(21;14),move,43,1,0
llama3.2,0.2,15,14,45.04,(21;13),move,40,0,0
llama3.2,0.2,15,15,41.11,(22;13),move,43,0,0
llama3.2,0.2,15,16,37.21,(22;12),move,40,0,0
llama3.2,0.2,15,17,33.32,(21;12),move,39,0,0
llama3.2,0.2,15,18,53.85,(21;12),forage,37,0,0
llama3.2,0.2,15,19,49.95,(22;12),move,40,0,0
llama3.2,0.2,15,20,46.04,(22;11),move,41,0,0
llama3.2,0.2,15,21,42.13,(22;12),move,41,0,0
llama3.2,0.2,15,22,38.25,(23;12),move,38,0,0
llama3.2,0.2,15,23,34.34,(22;12),move,41,0,0
llama3.2,0.2,15,24,30.97,(22;12),forage,37,0,0
llama3.2,0.2,15,25,27.1,(22;13),move,37,0,0
llama3.2,0.2,15,26,23.13,(22;12),move,47,0,0
llama3.2,0.2,15,27,19.76,(22;12),forage,37,0,0
llama3.2,0.2,15,28,15.88,(23;12),move,38,0,0
llama3.2,0.2,15,29,11.86,(22;12),move,52,0,0
llama3.2,0.2,15,30,7.98,(22;11),move,38,0,0
llama3.2,0.2,15,31,4.58,(22;11),forage,40,0,0
llama3.2,0.2,15,32,0.62,(22;12),move,46,0,0
llama3.2,0.2,15,32,-1.77,(22;12),rest,39,0,0
llama3.2,0.2,16,1,95.99,(15;16),move,51,2,0
llama3.2,0.2,16,2,91.91,(15;17),move,58,4,0
llama3.2,0.2,16,3,87.81,(16;17),move,60,3,0
llama3.2,0.2,16,4,84.21,(16;17),rest,60,2,0
llama3.2,0.2,16,5,80.18,(15;17),move,53,2,0
llama3.2,0.2,16,6,76.15,(14;17),move,53,3,0
llama3.2,0.2,16,7,72.13,(14;16),move,52,3,0
llama3.2,0.2,16,8,68.53,(14;16),rest,60,4,0
llama3.2,0.2,16,9,64.53,(15;16),move,50,4,0
llama3.2,0.2,16,10,60.93,(15;16),rest,60,4,0
llama3.2,0.2,16,11,56.94,(16;16),move,49,4,0
llama3.2,0.2,16,12,53.0,(16;17),move,44,2,0
llama3.2,0.2,16,13,49.06,(16;16),move,44,2,0
llama3.2,0.2,16,14,45.12,(16;17),move,44,2,0
llama3.2,0.2,16,15,41.18,(16;16),move,44,2,0
llama3.2,0.2,16,16,37.24,(16;17),move,44,2,0
llama3.2,0.2,16,17,33.3,(16;16),move,44,2,0
llama3.2,0.2,16,18,29.4,(16;17),move,40,2,0
llama3.2,0.2,16,19,25.5,(16;16),move,40,2,0
llama3.2,0.2,16,20,21.6,(16;17),move,40,2,0
llama3.2,0.2,16,21,17.7,(16;16),move,40,2,0
llama3.2,0.2,16,22,13.8,(16;17),move,40,2,0
llama3.2,0.2,16,23,0.4,(16;17),attempt_vault,40,2,0
llama3.2,0.2,16,23,-1.89,(16;17),rest,29,2,0
llama3.2,0.2,17,1,95.99,(15;16),move,51,2,0
llama3.2,0.2,17,2,92.02,(14;15),move,47,4,0
llama3.2,0.2,17,3,88.42,(14;15),rest,60,4,0
llama3.2,0.2,17,4,84.82,(14;15),rest,60,4,0
llama3.2,0.2,17,5,80.77,(13;16),move,55,4,0
llama3.2,0.2,17,6,76.73,(12;17),move,54,3,0
llama3.2,0.2,17,7,63.24,(12;17),attempt_vault,49,2,0
llama3.2,0.2,17,8,59.3,(13;17),move,44,2,0
llama3.2,0.2,17,9,55.33,(12;17),move,47,2,0
llama3.2,0.2,17,10,51.41,(12;16),move,42,2,0
llama3.2,0.2,17,11,47.51,(12;17),move,40,3,0
llama3.2,0.2,17,12,43.59,(12;16),move,42,2,0
llama3.2,0.2,17,13,39.62,(12;17),move,47,3,0
llama3.2,0.2,17,14,35.65,(12;17),move,47,2,0
llama3.2,0.2,17,15,31.8,(12;16),move,35,2,0
llama3.2,0.2,17,16,27.83,(12;17),move,47,3,0
llama3.2,0.2,17,17,23.92,(12;16),move,41,2,0
llama3.2,0.2,17,18,19.95,(12;17),move,47,3,0
llama3.2,0.2,17,19,15.99,(12;16),move,46,2,0
llama3.2,0.2,17,20,11.94,(13;16),move,55,3,0
llama3.2,0.2,17,21,7.99,(13;17),move,45,3,0
llama3.2,0.2,17,22,4.06,(12;17),move,43,2,0
llama3.2,0.2,17,23,0.61,(12;17),forage,45,2,0
llama3.2,0.2,17,23,-1.77,(12;17),rest,38,2,0
llama3.2,0.2,18,1,96.2,(15;16),move,30,2,0
llama3.2,0.2,18,2,92.42,(15;15),move,28,4,0
llama3.2,0.2,18,3,88.58,(15;16),move,34,4,0
llama3.2,0.2,18,4,84.76,(14;15),move,32,4,0
llama3.2,0.2,18,5,80.93,(15;16),move,33,4,0
llama3.2,0.2,18,6,77.13,(14;15),move,30,4,0
llama3.2,0.2,18,7,73.35,(13;14),move,28,4,0
llama3.2,0.2,18,8,70.14,(13;14),forage,21,3,0
llama3.2,0.2,18,9,56.87,(13;14),attempt_vault,27,3,0
llama3.2,0.2,18,10,53.13,(12;13),move,24,3,0
llama3.2,0.2,18,11,49.36,(12;13),move,27,2,0
llama3.2,0.2,18,12,45.6,(13;12),move,26,2,0
llama3.2,0.2,18,13,41.86,(13;12),move,24,1,0
llama3.2,0.2,18,14,35.5,(13;12),write_sign,36,1,1
llama3.2,0.2,18,15,31.71,(13;12),move,29,2,0
llama3.2,0.2,18,16,27.93,(12;13),move,28,2,0
llama3.2,0.2,18,17,24.17,(13;14),move,26,3,0
llama3.2,0.2,18,18,20.41,(13;13),move,26,4,0
llama3.2,0.2,18,19,16.62,(12;13),move,29,3,0
llama3.2,0.2,18,20,12.86,(12;13),move,26,3,0
llama3.2,0.2,18,21,9.63,(12;13),forage,23,3,0
llama3.2,0.2,18,22,5.83,(13;12),move,30,3,0
llama3.2,0.2,18,23,2.08,(13;12),move,25,2,0
llama3.2,0.2,18,23,-0.33,(13;12),rest,41,2,0
llama3.2,0.2,19,1,96.1,(15;16),move,40,2,0
llama3.2,0.2,19,2,92.07,(14;17),move,53,4,0
llama3.2,0.2,19,3,88.61,(14;17),forage,46,3,0
llama3.2,0.2,19,4,84.73,(13;17),move,38,3,0
llama3.2,0.2,19,5,80.88,(14;18),move,35,2,0
llama3.2,0.2,19,6,77.07,(15;19),move,31,3,0
llama3.2,0.2,19,7,73.21,(16;19),move,36,3,0
llama3.2,0.2,19,8,91.6,(16;19),forage,30,2,0
llama3.2,0.2,19,9,87.75,(15;20),move,35,2,0
llama3.2,0.2,19,10,83.9,(14;21),move,35,1,0
llama3.2,0.2,19,11,80.05,(14;22),move,35,0,0
llama3.2,0.2,19,12,92.84,(14;22),forage,30,0,0
llama3.2,0.2,19,13,89.03,(15;22),move,31,0,0
llama3.2,0.2,19,14,85.22,(16;22),move,31,0,0
llama3.2,0.2,19,15,81.41,(17;22),move,31,0,0
llama3.2,0.2,19,16,77.62,(17;23),move,29,0,0
llama3.2,0.2,19,17,73.83,(17;22),move,29,0,0
llama3.2,0.2,19,18,70.04,(17;23),move,29,0,0
llama3.2,0.2,19,19,66.25,(17;22),move,29,0,0
llama3.2,0.2,19,20,62.46,(17;23),move,29,0,0
llama3.2,0.2,19,21,58.67,(17;22),move,29,0,0
llama3.2,0.2,19,22,54.88,(17;23),move,29,0,0
llama3.2,0.2,19,23,51.09,(17;22),move,29,0,0
llama3.2,0.2,19,24,47.3,(17;23),move,29,0,0
llama3.2,0.2,19,25,43.51,(17;22),move,29,0,0
llama3.2,0.2,19,26,39.72,(17;23),move,29,0,0
llama3.2,0.2,19,27,35.93,(17;22),move,29,0,0
llama3.2,0.2,19,28,32.14,(17;23),move,29,0,0
llama3.2,0.2,19,29,28.35,(17;22),move,29,0,0
llama3.2,0.2,19,30,24.56,(17;23),move,29,0,0
llama3.2,0.2,19,31,20.77,(17;22),move,29,0,0
llama3.2,0.2,19,32,16.98,(17;23),move,29,0,0
llama3.2,0.2,19,33,13.19,(17;22),move,29,0,0
llama3.2,0.2,19,34,9.4,(17;23),move,29,0,0
llama3.2,0.2,19,35,5.61,(17;22),move,29,0,0
llama3.2,0.2,19,36,1.82,(17;23),move,29,0,0
llama3.2,0.2,19,36,-0.47,(17;23),rest,29,0,0
llama3.2,0.2,20,1,96.4,(16;16),rest,60,2,0
llama3.2,0.2,20,2,92.8,(16;16),rest,60,2,0
llama3.2,0.2,20,3,89.5,(16;16),forage,30,2,0
llama3.2,0.2,20,4,76.22,(16;16),attempt_vault,28,2,0
llama3.2,0.2,20,5,72.42,(17;15),move,30,2,0
llama3.2,0.2,20,6,68.62,(17;14),move,30,2,0
llama3.2,0.2,20,7,86.93,(17;14),forage,29,2,0
llama3.2,0.2,20,8,83.13,(18;13),move,30,2,0
llama3.2,0.2,20,9,79.33,(18;13),move,30,2,0
llama3.2,0.2,20,10,75.53,(18;13),move,30,2,0
llama3.2,0.2,20,11,71.73,(18;13),move,30,2,0
llama3.2,0.2,20,12,67.93,(18;13),move,30,2,0
llama3.2,0.2,20,13,64.13,(18;13),move,30,2,0
llama3.2,0.2,20,14,60.33,(18;13),move,30,2,0
llama3.2,0.2,20,15,56.53,(18;13),move,30,2,0
llama3.2,0.2,20,16,52.73,(18;13),move,30,2,0
llama3.2,0.2,20,17,48.93,(18;13),move,30,2,0
llama3.2,0.2,20,18,45.13,(18;13),move,30,2,0
llama3.2,0.2,20,19,41.33,(18;13),move,30,2,0
llama3.2,0.2,20,20,37.53,(18;13),move,30,2,0
llama3.2,0.2,20,21,33.73,(18;13),move,30,2,0
llama3.2,0.2,20,22,29.93,(18;13),move,30,2,0
llama3.2,0.2,20,23,26.13,(18;13),move,30,2,0
llama3.2,0.2,20,24,22.33,(18;13),move,30,2,0
llama3.2,0.2,20,25,18.53,(18;13),move,30,2,0
llama3.2,0.2,20,26,14.73,(18;13),move,30,2,0
llama3.2,0.2,20,27,10.93,(18;13),move,30,2,0
llama3.2,0.2,20,28,7.13,(18;13),move,30,2,0
llama3.2,0.2,20,29,3.33,(18;13),move,30,2,0
llama3.2,0.2,20,30,-0.47,(18;13),move,30,2,0
llama3.2,0.2,21,1,96.04,(15;16),move,46,2,0
llama3.2,0.2,21,2,92.44,(15;16),rest,60,4,0
llama3.2,0.2,21,3,88.84,(15;16),rest,60,4,0
llama3.2,0.2,21,4,84.79,(15;15),move,55,4,0
llama3.2,0.2,21,5,80.77,(14;16),move,52,5,0
llama3.2,0.2,21,6,76.79,(15;16),move,48,4,0
llama3.2,0.2,21,7,72.85,(15;15),move,44,4,0
llama3.2,0.2,21,8,69.38,(15;15),forage,47,5,0
llama3.2,0.2,21,9,65.39,(16;15),move,49,5,0
llama3.2,0.2,21,10,61.46,(16;16),move,43,3,0
llama3.2,0.2,21,11,57.55,(17;16),move,41,2,0
llama3.2,0.2,21,12,53.58,(16;16),move,47,2,0
llama3.2,0.2,21,13,49.63,(17;16),move,45,2,0
llama3.2,0.2,21,14,45.68,(18;16),move,45,2,0
llama3.2,0.2,21,15,41.73,(19;15),move,45,2,0
llama3.2,0.2,21,16,38.34,(19;15),forage,39,1,0
llama3.2,0.2,21,17,34.49,(20;15),move,35,1,0
llama3.2,0.2,21,18,30.65,(21;15),move,34,1,0
llama3.2,0.2,21,19,42.71,(21;15),forage,35,0,0
llama3.2,0.2,21,20,38.9,(21;16),move,31,0,0
llama3.2,0.2,21,21,35.02,(21;15),move,38,0,0
llama3.2,0.2,21,22,31.18,(22;15),move,34,0,0
llama3.2,0.2,21,23,27.34,(21;15),move,34,0,0
llama3.2,0.2,21,24,24.01,(21;15),forage,33,0,0
llama3.2,0.2,21,25,20.18,(21;14),move,33,0,0
llama3.2,0.2,21,26,16.33,(21;13),move,35,0,0
llama3.2,0.2,21,27,12.53,(20;13),move,30,0,0
llama3.2,0.2,21,28,8.73,(21;13),move,30,1,0
llama3.2,0.2,21,29,4.93,(21;12),move,30,0,0
llama3.2,0.2,21,30,1.13,(21;11),move,30,0,0
llama3.2,0.2,21,30,-1.12,(21;11),rest,25,0,0
llama3.2,0.2,22,1,96.04,(15;16),move,46,2,0
llama3.2,0.2,22,2,92.44,(15;16),rest,60,4,0
llama3.2,0.2,22,3,88.5,(14;15),move,44,4,0
llama3.2,0.2,22,4,84.54,(15;16),move,46,5,0
llama3.2,0.2,22,5,80.63,(14;17),move,41,4,0
llama3.2,0.2,22,6,77.2,(14;17),forage,43,3,0
llama3.2,0.2,22,7,73.28,(13;17),move,42,3,0
llama3.2,0.2,22,8,69.4,(12;17),move,38,2,0
llama3.2,0.2,22,9,66.03,(12;17),forage,37,2,0
llama3.2,0.2,22,10,62.23,(12;17),move,30,2,0
llama3.2,0.2,22,11,58.4,(13;18),move,33,2,0
llama3.2,0.2,22,12,55.1,(13;18),forage,30,2,0
llama3.2,0.2,22,13,51.32,(12;17),move,28,2,0
llama3.2,0.2,22,14,48.02,(12;17),forage,30,2,0
llama3.2,0.2,22,15,44.23,(12;17),move,29,2,0
llama3.2,0.2,22,16,40.46,(13;18),move,27,2,0
llama3.2,0.2,22,17,36.68,(14;19),move,28,2,0
llama3.2,0.2,22,18,32.9,(15;20),move,28,3,0
llama3.2,0.2,22,19,29.12,(14;20),move,28,1,0
llama3.2,0.2,22,20,25.34,(13;20),move,28,1,0
llama3.2,0.2,22,21,21.56,(12;20),move,28,1,0
llama3.2,0.2,22,22,8.33,(12;20),attempt_vault,23,1,0
llama3.2,0.2,22,23,4.56,(12;19),move,27,1,0
llama3.2,0.2,22,24,0.79,(13;19),move,27,2,0
llama3.2,0.2,22,24,-1.49,(13;19),rest,28,2,0
llama3.2,0.2,23,1,96.01,(15;16),move,49,2,0
llama3.2,0.2,23,2,92.0,(14;15),move,51,4,0
llama3.2,0.2,23,3,87.98,(15;14),move,52,4,0
llama3.2,0.2,23,4,83.92,(16;13),move,56,4,0
llama3.2,0.2,23,5,79.96,(17;14),move,46,2,0
llama3.2,0.2,23,6,76.0,(18;13),move,46,2,0
llama3.2,0.2,23,7,72.4,(18;13),rest,60,2,0
llama3.2,0.2,23,8,68.38,(18;13),move,52,2,0
llama3.2,0.2,23,9,64.28,(19;12),move,60,2,0
llama3.2,0.2,23,10,60.32,(18;11),move,46,0,0
llama3.2,0.2,23,11,56.25,(19;11),move,57,0,0
llama3.2,0.2,23,12,52.17,(18;11),move,58,0,0
llama3.2,0.2,23,13,48.14,(19;11),move,53,0,0
llama3.2,0.2,23,14,44.16,(18;11),move,48,0,0
llama3.2,0.2,23,15,40.11,(19;11),move,55,0,0
llama3.2,0.2,23,16,36.13,(18;11),move,48,0,0
llama3.2,0.2,23,17,32.08,(19;11),move,55,0,0
llama3.2,0.2,23,18,28.1,(18;11),move,48,0,0
llama3.2,0.2,23,19,24.05,(19;11),move,55,0,0
llama3.2,0.2,23,20,20.07,(18;11),move,48,0,0
llama3.2,0.2,23,21,34.19,(18;11),forage,46,0,0
llama3.2,0.2,23,22,30.27,(19;11),move,42,0,0
llama3.2,0.2,23,23,26.31,(20;11),move,46,0,0
llama3.2,0.2,23,24,22.35,(21;11),move,46,0,0
llama3.2,0.2,23,25,39.36,(21;11),forage,45,0,0
llama3.2,0.2,23,26,35.4,(22;10),move,46,0,0
llama3.2,0.2,23,27,31.44,(22;9),move,46,0,0
llama3.2,0.2,23,28,17.99,(22;9),attempt_vault,45,0,0
llama3.2,0.2,23,29,14.03,(21;8),move,46,0,0
llama3.2,0.2,23,30,10.1,(21;7),move,43,0,0
llama3.2,0.2,23,31,6.17,(22;6),move,43,0,0
llama3.2,0.2,23,32,-7.26,(22;6),attempt_vault,43,0,0
llama3.2,0.2,24,1,96.46,(16;16),forage,54,2,0
llama3.2,0.2,24,2,92.51,(15;15),move,45,2,0
llama3.2,0.2,24,3,88.61,(14;14),move,40,4,0
llama3.2,0.2,24,4,84.71,(13;15),move,40,4,0
llama3.2,0.2,24,5,80.81,(13;14),move,40,3,0
llama3.2,0.2,24,6,76.91,(14;13),move,40,3,0
llama3.2,0.2,24,7,73.01,(13;12),move,40,3,0
llama3.2,0.2,24,8,93.43,(13;12),forage,32,1,0
llama3.2,0.2,24,9,89.53,(13;12),move,40,2,0
llama3.2,0.2,24,10,85.63,(13;13),move,40,2,0
llama3.2,0.2,24,11,81.72,(13;13),move,41,3,0
llama3.2,0.2,24,12,77.83,(13;12),move,39,3,0
llama3.2,0.2,24,13,71.39,(13;12),write_sign,44,2,1
llama3.2,0.2,24,14,67.49,(13;12),move,40,2,0
llama3.2,0.2,24,15,63.59,(12;13),move,40,2,0
llama3.2,0.2,24,16,59.69,(13;12),move,40,3,0
llama3.2,0.2,24,17,55.79,(13;12),move,40,2,0
llama3.2,0.2,24,18,51.89,(12;13),move,40,2,0
llama3.2,0.2,24,19,47.98,(12;13),move,41,3,0
llama3.2,0.2,24,20,44.08,(13;12),move,40,3,0
llama3.2,0.2,24,21,40.18,(13;12),move,40,2,0
llama3.2,0.2,24,22,36.28,(12;13),move,40,2,0
llama3.2,0.2,24,23,32.37,(12;13),move,41,3,0
llama3.2,0.2,24,24,28.47,(13;12),move,40,3,0
llama3.2,0.2,24,25,24.57,(13;12),move,40,2,0
llama3.2,0.2,24,26,20.67,(12;13),move,40,2,0
llama3.2,0.2,24,27,16.76,(12;13),move,41,3,0
llama3.2,0.2,24,28,12.86,(13;12),move,40,3,0
llama3.2,0.2,24,29,8.96,(13;12),move,40,2,0
llama3.2,0.2,24,30,5.06,(12;13),move,40,2,0
llama3.2,0.2,24,31,1.15,(12;13),move,41,3,0
llama3.2,0.2,24,31,-1.35,(12;13),rest,50,3,0
llama3.2,0.2,25,1,96.0,(15;15),move,50,2,0
llama3.2,0.2,25,2,91.96,(15;16),move,54,5,0
llama3.2,0.2,25,3,87.98,(14;15),move,48,4,0
llama3.2,0.2,25,4,100.0,(14;15),forage,36,5,0
llama3.2,0.2,25,5,95.99,(15;15),move,51,5,0
llama3.2,0.2,25,6,92.39,(15;15),rest,60,5,0
llama3.2,0.2,25,7,88.43,(16;15),move,46,5,0
llama3.2,0.2,25,8,84.47,(16;16),move,46,3,0
llama3.2,0.2,25,9,80.45,(17;16),move,52,2,0
llama3.2,0.2,25,10,76.49,(16;16),move,46,2,0
llama3.2,0.2,25,11,72.47,(17;16),move,52,2,0
llama3.2,0.2,25,12,68.51,(16;16),move,46,2,0
llama3.2,0.2,25,13,64.49,(17;16),move,52,2,0
llama3.2,0.2,25,14,60.53,(16;16),move,46,2,0
llama3.2,0.2,25,15,54.05,(16;16),write_sign,48,2,1
llama3.2,0.2,25,16,50.03,(17;16),move,52,3,0
llama3.2,0.2,25,17,46.07,(16;16),move,46,3,0
llama3.2,0.2,25,18,32.62,(16;16),attempt_vault,45,3,0
llama3.2,0.2,25,19,28.6,(17;16),move,52,3,0
llama3.2,0.2,25,20,24.64,(16;16),move,46,3,0
llama3.2,0.2,25,21,20.62,(17;16),move,52,3,0
llama3.2,0.2,25,22,16.66,(16;16),move,46,3,0
llama3.2,0.2,25,23,3.24,(16;16),attempt_vault,42,3,0
llama3.2,0.2,25,24,-0.78,(17;16),move,52,3,0
llama3.2,0.2,26,1,96.44,(16;16),read_sign,56,3,0
llama3.2,0.2,26,2,92.65,(15;16),move,29,3,0
llama3.2,0.2,26,3,88.83,(15;15),move,32,5,0
llama3.2,0.2,26,4,84.98,(15;16),move,35,6,0
llama3.2,0.2,26,5,81.13,(16;16),move,35,5,0
llama3.2,0.2,26,6,77.28,(15;16),move,35,3,0
llama3.2,0.2,26,7,73.38,(15;15),move,40,5,0
llama3.2,0.2,26,8,69.56,(15;16),move,32,6,0
llama3.2,0.2,26,9,65.7,(16;16),move,36,5,0
llama3.2,0.2,26,10,61.85,(15;16),move,35,3,0
llama3.2,0.2,26,11,58.0,(15;15),move,35,5,0
llama3.2,0.2,26,12,54.18,(15;16),move,32,6,0
llama3.2,0.2,26,13,50.32,(16;16),move,36,5,0
llama3.2,0.2,26,14,46.47,(15;16),move,35,3,0
llama3.2,0.2,26,15,42.62,(15;15),move,35,5,0
llama3.2,0.2,26,16,38.8,(15;16),move,32,6,0
llama3.2,0.2,26,17,34.94,(16;16),move,36,5,0
llama3.2,0.2,26,18,31.09,(15;16),move,35,3,0
llama3.2,0.2,26,19,27.24,(15;15),move,35,5,0
llama3.2,0.2,26,20,23.42,(16;15),move,32,6,0
llama3.2,0.2,26,21,19.57,(16;16),move,35,4,0
llama3.2,0.2,26,22,15.72,(15;16),move,35,3,0
llama3.2,0.2,26,23,11.86,(16;16),move,36,5,0
llama3.2,0.2,26,24,8.04,(17;16),move,32,3,0
llama3.2,0.2,26,25,4.22,(16;16),move,32,3,0
llama3.2,0.2,26,26,0.44,(15;16),move,28,3,0
llama3.2,0.2,26,26,-1.85,(15;16),rest,29,5,0
llama3.2,0.2,27,1,96.51,(16;16),forage,49,3,0
llama3.2,0.2,27,2,92.54,(17;16),move,47,3,0
llama3.2,0.2,27,3,88.96,(17;16),read,58,3,0
llama3.2,0.2,27,4,85.1,(16;16),move,36,3,0
llama3.2,0.2,27,5,81.0,(17;16),move,60,3,0
llama3.2,0.2,27,6,77.03,(18;16),move,47,3,0
llama3.2,0.2,27,7,73.01,(17;16),move,52,3,0
llama3.2,0.2,27,8,69.41,(17;16),rest,60,3,0
llama3.2,0.2,27,9,66.07,(17;16),rest,34,3,0
llama3.2,0.2,27,10,52.57,(17;16),attempt_vault,50,3,0
llama3.2,0.2,27,11,48.71,(18;16),move,36,3,0
llama3.2,0.2,27,12,44.69,(17;16),move,52,3,0
llama3.2,0.2,27,13,40.67,(17;15),move,52,3,0
llama3.2,0.2,27,14,36.67,(17;16),move,50,3,0
llama3.2,0.2,27,15,32.58,(18;16),move,59,3,0
llama3.2,0.2,27,16,28.52,(17;16),move,56,3,0
llama3.2,0.2,27,17,24.5,(17;15),move,52,3,0
llama3.2,0.2,27,18,20.48,(17;16),move,52,3,0
llama3.2,0.2,27,19,16.46,(16;16),move,52,3,0
llama3.2,0.2,27,20,12.4,(17;16),move,56,3,0
llama3.2,0.2,27,21,8.37,(17;15),move,53,3,0
llama3.2,0.2,27,22,4.35,(17;16),move,52,3,0
llama3.2,0.2,27,23,0.75,(17;16),rest,60,3,0
llama3.2,0.2,27,23,-1.68,(17;16),rest,43,3,0
llama3.2,0.2,28,1,96.51,(16;16),forage,49,3,0
llama3.2,0.2,28,2,92.58,(17;16),move,43,3,0
llama3.2,0.2,28,3,88.98,(17;16),rest,60,3,0
llama3.2,0.2,28,4,84.96,(16;16),move,52,3,0
llama3.2,0.2,28,5,80.89,(16;17),move,57,3,0
llama3.2,0.2,28,6,77.29,(16;17),rest,60,3,0
llama3.2,0.2,28,7,73.69,(16;17),rest,60,3,0
llama3.2,0.2,28,8,69.65,(16;16),move,54,3,0
llama3.2,0.2,28,9,65.68,(17;16),move,47,3,0
llama3.2,0.2,28,10,61.71,(17;17),move,47,3,0
llama3.2,0.2,28,11,58.11,(17;17),rest,60,3,0
llama3.2,0.2,28,12,54.26,(17;18),move,35,3,0
llama3.2,0.2,28,13,50.28,(17;17),move,48,3,0
llama3.2,0.2,28,14,46.34,(18;17),move,44,3,0
llama3.2,0.2,28,15,42.36,(17;17),move,48,3,0
llama3.2,0.2,28,16,38.42,(17;16),move,44,3,0
llama3.2,0.2,28,17,34.46,(18;16),move,46,3,0
llama3.2,0.2,28,18,30.47,(17;16),move,49,3,0
llama3.2,0.2,28,19,26.53,(17;15),move,44,3,0
llama3.2,0.2,28,20,22.55,(17;16),move,48,3,0
llama3.2,0.2,28,21,18.61,(16;16),move,44,3,0
llama3.2,0.2,28,22,14.63,(17;16),move,48,3,0
llama3.2,0.2,28,23,10.69,(17;15),move,44,3,0
llama3.2,0.2,28,24,6.69,(17;16),move,50,3,0
llama3.2,0.2,28,25,2.75,(16;16),move,44,3,0
llama3.2,0.2,28,26,-1.16,(17;16),move,41,3,0
llama3.2,0.2,29,1,96.19,(17;16),move,31,3,0
llama3.2,0.2,29,2,92.38,(18;16),move,31,3,0
llama3.2,0.2,29,3,88.53,(18;17),move,35,3,0
llama3.2,0.2,29,4,84.7,(17;16),move,33,3,0
llama3.2,0.2,29,5,80.88,(18;16),move,32,3,0
llama3.2,0.2,29,6,77.0,(17;16),move,38,3,0
llama3.2,0.2,29,7,73.18,(16;16),move,32,3,0
llama3.2,0.2,29,8,69.36,(17;16),move,32,3,0
llama3.2,0.2,29,9,65.52,(16;16),move,34,3,0
llama3.2,0.2,29,10,61.7,(17;16),move,32,3,0
llama3.2,0.2,29,11,57.86,(16;16),move,34,3,0
llama3.2,0.2,29,12,54.06,(15;16),move,30,3,0
llama3.2,0.2,29,13,50.26,(15;17),move,30,5,0
llama3.2,0.2,29,14,46.94,(15;17),forage,32,4,0
llama3.2,0.2,29,15,43.12,(15;16),move,32,4,0
llama3.2,0.2,29,16,39.27,(16;16),move,35,5,0
llama3.2,0.2,29,17,35.42,(15;16),move,35,3,0
llama3.2,0.2,29,18,31.58,(14;15),move,34,5,0
llama3.2,0.2,29,19,27.72,(15;16),move,36,6,0
llama3.2,0.2,29,20,23.86,(14;17),move,36,5,0
llama3.2,0.2,29,21,20.55,(14;17),forage,31,4,0
llama3.2,0.2,29,22,16.7,(13;17),move,35,4,0
llama3.2,0.2,29,23,13.39,(13;17),forage,31,3,0
llama3.2,0.2,29,24,9.54,(14;17),move,35,3,0
llama3.2,0.2,29,25,5.69,(14;16),move,35,4,0
llama3.2,0.2,29,26,1.86,(13;15),move,33,5,0
llama3.2,0.2,29,26,-0.43,(13;15),rest,29,5,0
llama3.2,0.2,30,1,96.45,(16;16),read_sign,55,3,0
llama3.2,0.2,30,2,93.09,(16;16),read_sign,36,3,0
llama3.2,0.2,30,3,89.14,(17;16),move,45,3,0
llama3.2,0.2,30,4,85.16,(17;17),move,48,3,0
llama3.2,0.2,30,5,81.18,(17;16),move,48,3,0
llama3.2,0.2,30,6,77.15,(17;15),move,53,3,0
llama3.2,0.2,30,7,73.24,(18;15),move,41,3,0
llama3.2,0.2,30,8,69.32,(19;15),move,42,3,0
llama3.2,0.2,30,9,55.87,(19;15),attempt_vault,45,2,0
llama3.2,0.2,30,10,52.02,(19;16),move,35,2,0
llama3.2,0.2,30,11,48.1,(19;15),move,42,2,0
llama3.2,0.2,30,12,44.26,(19;14),move,34,2,0
llama3.2,0.2,30,13,40.37,(20;14),move,39,2,0
llama3.2,0.2,30,14,36.53,(20;13),move,34,1,0
llama3.2,0.2,30,15,32.69,(20;14),move,34,1,0
llama3.2,0.2,30,16,28.88,(20;13),move,31,1,0
llama3.2,0.2,30,17,25.06,(20;12),move,32,1,0
llama3.2,0.2,30,18,21.23,(20;11),move,33,0,0
llama3.2,0.2,30,19,17.4,(21;11),move,33,0,0
llama3.2,0.2,30,20,13.56,(22;11),move,34,0,0
llama3.2,0.2,30,21,31.54,(22;11),forage,27,0,0
llama3.2,0.2,30,22,27.71,(22;10),move,33,0,0
llama3.2,0.2,30,23,23.87,(22;9),move,34,0,0
llama3.2,0.2,30,24,10.58,(22;9),attempt_vault,29,0,0
llama3.2,0.2,30,25,6.74,(22;8),move,34,0,0
llama3.2,0.2,30,26,24.14,(22;8),forage,32,0,0
llama3.2,0.2,30,27,20.3,(22;7),move,34,0,0
llama3.2,0.2,30,28,16.47,(23;7),move,33,0,0
llama3.2,0.2,30,29,12.64,(22;7),move,33,0,0
llama3.2,0.2,30,30,31.09,(22;7),forage,32,0,0
llama3.2,0.2,30,31,27.28,(23;7),move,31,0,0
llama3.2,0.2,30,32,23.45,(24;7),move,33,0,0
llama3.2,0.2,30,33,19.65,(24;6),move,30,0,0
llama3.2,0.2,30,34,15.85,(23;6),move,30,0,0
llama3.2,0.2,30,35,12.05,(24;6),move,30,0,0
llama3.2,0.2,30,36,8.77,(24;6),forage,28,0,0
llama3.2,0.2,30,37,4.97,(24;5),move,30,0,0
llama3.2,0.2,30,38,1.17,(25;5),move,30,0,0
llama3.2,0.2,30,38,-1.13,(25;5),rest,30,0,0
llama3.2,0.2,31,1,95.97,(17;16),move,53,3,0
llama3.2,0.2,31,2,92.37,(17;16),rest,60,3,0
llama3.2,0.2,31,3,88.33,(18;16),move,54,3,0
llama3.2,0.2,31,4,84.36,(19;16),move,47,3,0
llama3.2,0.2,31,5,80.39,(20;16),move,47,2,0
llama3.2,0.2,31,6,76.94,(20;16),forage,45,1,0
llama3.2,0.2,31,7,72.97,(19;16),move,47,1,0
llama3.2,0.2,31,8,69.37,(19;16),rest,60,2,0
llama3.2,0.2,31,9,65.4,(18;16),move,47,2,0
llama3.2,0.2,31,10,61.43,(17;16),move,47,3,0
llama3.2,0.2,31,11,54.85,(17;16),write_sign,58,3,1
llama3.2,0.2,31,12,50.83,(18;16),move,52,3,0
llama3.2,0.2,31,13,46.85,(19;16),move,48,3,0
llama3.2,0.2,31,14,43.41,(19;16),forage,44,2,0
llama3.2,0.2,31,15,39.41,(19;15),move,50,2,0
llama3.2,0.2,31,16,35.98,(19;15),forage,43,2,0
llama3.2,0.2,31,17,31.96,(18;16),move,52,2,0
llama3.2,0.2,31,18,27.96,(17;16),move,50,3,0
llama3.2,0.2,31,19,23.97,(18;16),move,49,3,0
llama3.2,0.2,31,20,19.99,(18;15),move,48,3,0
llama3.2,0.2,31,21,16.08,(17;16),move,41,3,0
llama3.2,0.2,31,22,12.09,(16;16),move,49,3,0
llama3.2,0.2,31,23,8.19,(17;16),move,40,3,0
llama3.2,0.2,31,24,4.21,(17;17),move,48,3,0
llama3.2,0.2,31,25,0.28,(16;16),move,43,3,0
llama3.2,0.2,31,25,-2.21,(16;16),rest,49,3,0
llama3.2,0.2,32,1,86.48,(16;16),attempt_vault,52,3,0
llama3.2,0.2,32,2,82.58,(15;16),move,40,3,0
llama3.2,0.2,32,3,78.63,(16;16),move,45,5,0
llama3.2,0.2,32,4,75.27,(16;16),forage,36,3,0
llama3.2,0.2,32,5,71.42,(17;16),move,35,3,0
llama3.2,0.2,32,6,67.55,(16;16),move,37,3,0
llama3.2,0.2,32,7,63.71,(17;16),move,34,3,0
llama3.2,0.2,32,8,59.86,(18;16),move,35,3,0
llama3.2,0.2,32,9,56.05,(17;16),move,31,3,0
llama3.2,0.2,32,10,52.21,(16;16),move,34,3,0
llama3.2,0.2,32,11,48.37,(17;16),move,34,3,0
llama3.2,0.2,32,12,44.57,(18;16),move,30,3,0
llama3.2,0.2,32,13,40.76,(17;16),move,31,3,0
llama3.2,0.2,32,14,36.92,(16;16),move,34,3,0
llama3.2,0.2,32,15,33.11,(17;16),move,31,3,0
llama3.2,0.2,32,16,29.28,(17;15),move,33,3,0
llama3.2,0.2,32,17,25.47,(17;16),move,31,3,0
llama3.2,0.2,32,18,21.64,(16;16),move,33,3,0
llama3.2,0.2,32,19,17.81,(17;16),move,33,3,0
llama3.2,0.2,32,20,13.98,(17;15),move,33,3,0
llama3.2,0.2,32,21,10.15,(17;16),move,33,3,0
llama3.2,0.2,32,22,6.32,(16;16),move,33,3,0
llama3.2,0.2,32,23,2.49,(17;16),move,33,3,0
llama3.2,0.2,32,24,-1.34,(17;15),move,33,3,0
llama3.2,0.2,33,1,96.48,(16;16),read_sign,52,3,0
llama3.2,0.2,33,2,92.68,(15;16),move,30,3,0
llama3.2,0.2,33,3,88.87,(15;15),move,31,5,0
llama3.2,0.2,33,4,85.05,(15;16),move,32,6,0
llama3.2,0.2,33,5,81.2,(16;16),move,35,5,0
llama3.2,0.2,33,6,77.4,(15;16),move,30,3,0
llama3.2,0.2,33,7,73.58,(15;15),move,32,5,0
llama3.2,0.2,33,8,69.73,(16;15),move,35,6,0
llama3.2,0.2,33,9,65.88,(16;16),move,35,4,0
llama3.2,0.2,33,10,62.03,(15;16),move,35,3,0
llama3.2,0.2,33,11,58.21,(15;15),move,32,5,0
llama3.2,0.2,33,12,54.39,(15;16),move,32,6,0
llama3.2,0.2,33,13,50.54,(16;16),move,35,5,0
llama3.2,0.2,33,14,46.73,(15;16),move,31,3,0
llama3.2,0.2,33,15,42.91,(15;15),move,32,5,0
llama3.2,0.2,33,16,39.09,(15;16),move,32,6,0
llama3.2,0.2,33,17,35.24,(16;16),move,35,5,0
llama3.2,0.2,33,18,31.43,(15;16),move,31,3,0
llama3.2,0.2,33,19,27.61,(15;15),move,32,5,0
llama3.2,0.2,33,20,23.79,(15;16),move,32,6,0
llama3.2,0.2,33,21,19.94,(16;16),move,35,5,0
llama3.2,0.2,33,22,16.17,(15;16),move,27,3,0
llama3.2,0.2,33,23,12.35,(15;15),move,32,5,0
llama3.2,0.2,33,24,8.57,(15;14),move,28,6,0
llama3.2,0.2,33,25,4.73,(16;14),move,34,6,0
llama3.2,0.2,33,26,0.89,(16;15),move,34,4,0
llama3.2,0.2,33,26,-1.39,(16;15),rest,28,4,0
llama3.2,0.2,34,1,96.06,(15;16),move,44,3,0
llama3.2,0.2,34,2,92.15,(14;17),move,41,5,0
llama3.2,0.2,34,3,88.68,(14;17),forage,47,4,0
llama3.2,0.2,34,4,75.29,(14;17),attempt_vault,39,4,0
llama3.2,0.2,34,5,71.47,(13;18),move,32,4,0
llama3.2,0.2,34,6,68.14,(13;18),forage,33,3,0
llama3.2,0.2,34,7,64.32,(14;19),move,32,3,0
llama3.2,0.2,34,8,60.95,(14;19),forage,37,4,0
llama3.2,0.2,34,9,57.13,(15;20),move,32,4,0
llama3.2,0.2,34,10,53.82,(15;20),forage,31,1,0
llama3.2,0.2,34,11,50.0,(14;20),move,32,1,0
llama3.2,0.2,34,12,46.69,(14;20),forage,31,1,0
llama3.2,0.2,34,13,42.87,(13;20),move,32,1,0
llama3.2,0.2,34,14,39.56,(13;20),forage,31,1,0
llama3.2,0.2,34,15,35.74,(12;20),move,32,1,0
llama3.2,0.2,34,16,48.7,(12;20),forage,28,1,0
llama3.2,0.2,34,17,44.89,(12;19),move,31,1,0
llama3.2,0.2,34,18,38.47,(12;19),write_sign,42,2,1
llama3.2,0.2,34,19,34.57,(12;19),move,40,3,0
llama3.2,0.2,34,20,30.63,(11;18),move,44,3,0
llama3.2,0.2,34,21,26.74,(12;19),move,39,2,0
llama3.2,0.2,34,22,20.26,(12;19),write_sign,48,3,1
llama3.2,0.2,34,23,16.35,(12;19),move,41,3,0
llama3.2,0.2,34,24,12.41,(11;18),move,44,3,0
llama3.2,0.2,34,25,8.5,(12;17),move,41,2,0
llama3.2,0.2,34,26,4.54,(12;17),move,46,3,0
llama3.2,0.2,34,27,0.58,(12;16),move,46,3,0
llama3.2,0.2,34,27,-1.88,(12;16),rest,46,4,0
llama3.2,0.2,35,1,96.47,(16;16),forage,53,3,0
llama3.2,0.2,35,2,92.52,(17;16),move,45,3,0
llama3.2,0.2,35,3,88.46,(16;16),move,56,3,0
llama3.2,0.2,35,4,84.48,(16;15),move,48,3,0
llama3.2,0.2,35,5,80.43,(16;16),move,55,4,0
llama3.2,0.2,35,6,76.46,(17;16),move,47,3,0
llama3.2,0.2,35,7,72.44,(16;16),move,52,3,0
llama3.2,0.2,35,8,68.49,(16;15),move,45,3,0
llama3.2,0.2,35,9,64.45,(16;14),move,54,4,0
llama3.2,0.2,35,10,60.51,(17;14),move,44,4,0
llama3.2,0.2,35,11,56.56,(17;15),move,45,3,0
llama3.2,0.2,35,12,52.6,(16;15),move,46,3,0
llama3.2,0.2,35,13,49.04,(16;15),forage,56,4,0
llama3.2,0.2,35,14,45.07,(16;14),move,47,4,0
llama3.2,0.2,35,15,41.11,(17;14),move,46,4,0
llama3.2,0.2,35,16,37.12,(16;14),move,49,3,0
llama3.2,0.2,35,17,33.13,(16;13),move,49,4,0
llama3.2,0.2,35,18,29.24,(17;12),move,39,4,0
llama3.2,0.2,35,19,25.9,(17;12),forage,34,0,0
llama3.2,0.2,35,20,22.0,(17;12),move,40,0,0
llama3.2,0.2,35,21,18.11,(18;11),move,39,0,0
llama3.2,0.2,35,22,14.73,(18;11),rest,38,0,0
llama3.2,0.2,35,23,10.77,(17;10),move,46,0,0
llama3.2,0.2,35,24,6.9,(17;10),move,37,0,0
llama3.2,0.2,35,25,2.96,(16;10),move,44,0,0
llama3.2,0.2,35,26,-0.99,(15;11),move,45,1,0
llama3.2,0.2,36,1,96.04,(16;15),move,46,3,0
llama3.2,0.2,36,2,92.07,(16;16),move,47,4,0
llama3.2,0.2,36,3,88.09,(17;16),move,48,3,0
llama3.2,0.2,36,4,84.07,(16;16),move,52,3,0
llama3.2,0.2,36,5,70.62,(16;16),attempt_vault,45,3,0
llama3.2,0.2,36,6,66.73,(15;16),move,39,3,0
llama3.2,0.2,36,7,62.86,(14;17),move,37,6,0
llama3.2,0.2,36,8,49.5,(14;17),attempt_vault,36,5,0
llama3.2,0.2,36,9,45.63,(15;17),move,37,5,0
llama3.2,0.2,36,10,41.76,(16;18),move,37,5,0
llama3.2,0.2,36,11,38.43,(16;18),forage,33,3,0
llama3.2,0.2,36,12,34.56,(17;19),move,37,3,0
llama3.2,0.2,36,13,31.23,(17;19),forage,33,3,0
llama3.2,0.2,36,14,27.36,(17;20),move,37,3,0
llama3.2,0.2,36,15,44.16,(17;20),forage,33,0,0
llama3.2,0.2,36,16,40.2,(17;21),move,46,0,0
llama3.2,0.2,36,17,36.24,(17;22),move,46,0,0
llama3.2,0.2,36,18,48.04,(17;22),forage,33,0,0
llama3.2,0.2,36,19,44.08,(16;23),move,46,0,0
llama3.2,0.2,36,20,40.12,(15;23),move,46,0,0
llama3.2,0.2,36,21,58.57,(15;23),forage,33,0,0
llama3.2,0.2,36,22,54.61,(14;23),move,46,0,0
llama3.2,0.2,36,23,50.65,(13;23),move,46,0,0
llama3.2,0.2,36,24,67.42,(13;23),forage,33,0,0
llama3.2,0.2,36,25,63.46,(12;23),move,46,0,0
llama3.2,0.2,36,26,59.52,(12;23),move,44,0,0
llama3.2,0.2,36,27,55.56,(12;23),move,46,0,0
llama3.2,0.2,36,28,51.6,(12;23),move,46,0,0
llama3.2,0.2,36,29,47.64,(12;23),move,46,0,0
llama3.2,0.2,36,30,43.68,(12;23),move,46,0,0
llama3.2,0.2,36,31,39.72,(12;23),move,46,0,0
llama3.2,0.2,36,32,35.76,(12;23),move,46,0,0
llama3.2,0.2,36,33,31.8,(12;23),move,46,0,0
llama3.2,0.2,36,34,27.84,(12;23),move,46,0,0
llama3.2,0.2,36,35,23.88,(12;23),move,46,0,0
llama3.2,0.2,36,36,19.92,(12;23),move,46,0,0
llama3.2,0.2,36,37,15.98,(11;22),move,44,0,0
llama3.2,0.2,36,38,12.06,(12;23),move,42,1,0
llama3.2,0.2,36,39,30.69,(12;23),forage,32,0,0
llama3.2,0.2,36,40,26.77,(12;23),move,42,0,0
llama3.2,0.2,36,41,22.83,(11;22),move,44,0,0
llama3.2,0.2,36,42,18.97,(11;22),move,36,1,0
llama3.2,0.2,36,43,15.03,(10;21),move,44,1,0
llama3.2,0.2,36,44,11.17,(9;22),move,36,1,0
llama3.2,0.2,36,45,-2.17,(9;22),attempt_vault,34,1,0
llama3.2,0.2,37,1,93.44,(16;16),write_sign,56,3,1
llama3.2,0.2,37,2,90.04,(16;16),forage,40,3,0
llama3.2,0.2,37,3,86.08,(15;16),move,46,3,0
llama3.2,0.2,37,4,82.11,(14;17),move,47,6,0
llama3.2,0.2,37,5,78.22,(13;16),move,39,5,0
llama3.2,0.2,37,6,74.62,(13;16),forage,60,5,0
llama3.2,0.2,37,7,70.58,(14;16),move,54,5,0
llama3.2,0.2,37,8,66.63,(15;16),move,45,6,0
llama3.2,0.2,37,9,62.68,(15;17),move,45,6,0
llama3.2,0.2,37,10,58.73,(15;16),move,45,5,0
llama3.2,0.2,37,11,54.78,(16;16),move,45,6,0
llama3.2,0.2,37,12,50.75,(15;16),move,53,3,0
llama3.2,0.2,37,13,46.8,(16;16),move,45,6,0
llama3.2,0.2,37,14,42.77,(15;16),move,53,3,0
llama3.2,0.2,37,15,38.82,(16;16),move,45,6,0
llama3.2,0.2,37,16,34.79,(15;15),move,53,3,0
llama3.2,0.2,37,17,30.83,(16;14),move,46,6,0
llama3.2,0.2,37,18,26.87,(17;13),move,46,4,0
llama3.2,0.2,37,19,22.91,(18;14),move,46,3,0
llama3.2,0.2,37,20,18.95,(17;13),move,46,3,0
llama3.2,0.2,37,21,14.99,(18;14),move,46,3,0
llama3.2,0.2,37,22,10.92,(17;13),move,57,3,0
llama3.2,0.2,37,23,7.64,(17;13),rest,28,3,0
llama3.2,0.2,37,24,3.66,(18;14),move,48,3,0
llama3.2,0.2,37,25,-0.36,(17;13),move,52,3,0
llama3.2,0.2,38,1,96.72,(16;16),forage,28,3,0
llama3.2,0.2,38,2,92.88,(15;15),move,34,3,0
llama3.2,0.2,38,3,89.03,(14;14),move,35,6,0
llama3.2,0.2,38,4,85.2,(15;14),move,33,6,0
llama3.2,0.2,38,5,99.68,(15;14),forage,27,6,0
llama3.2,0.2,38,6,95.82,(15;15),move,36,6,0
llama3.2,0.2,38,7,91.96,(14;14),move,36,6,0
llama3.2,0.2,38,8,88.1,(15;14),move,36,6,0
llama3.2,0.2,38,9,84.24,(15;15),move,36,6,0
llama3.2,0.2,38,10,80.42,(16;16),move,32,6,0
llama3.2,0.2,38,11,76.6,(17;17),move,32,3,0
llama3.2,0.2,38,12,72.78,(18;18),move,32,3,0
llama3.2,0.2,38,13,86.63,(18;18),forage,22,3,0
llama3.2,0.2,38,14,82.84,(17;17),move,29,3,0
llama3.2,0.2,38,15,79.03,(16;16),move,31,3,0
llama3.2,0.2,38,16,75.22,(15;16),move,31,3,0
llama3.2,0.2,38,17,71.41,(14;17),move,31,6,0
llama3.2,0.2,38,18,67.6,(15;16),move,31,5,0
llama3.2,0.2,38,19,63.8,(15;16),move,30,6,0
llama3.2,0.2,38,20,59.99,(16;16),move,31,6,0
llama3.2,0.2,38,21,56.18,(15;16),move,31,3,0
llama3.2,0.2,38,22,52.38,(15;16),move,30,6,0
llama3.2,0.2,38,23,48.57,(16;16),move,31,6,0
llama3.2,0.2,38,24,44.76,(15;16),move,31,3,0
llama3.2,0.2,38,25,40.96,(15;16),move,30,6,0
llama3.2,0.2,38,26,37.15,(16;16),move,31,6,0
llama3.2,0.2,38,27,33.34,(15;16),move,31,3,0
llama3.2,0.2,38,28,29.54,(15;16),move,30,6,0
llama3.2,0.2,38,29,25.73,(16;16),move,31,6,0
llama3.2,0.2,38,30,21.92,(15;16),move,31,3,0
llama3.2,0.2,38,31,18.11,(16;16),move,31,6,0
llama3.2,0.2,38,32,14.3,(15;16),move,31,3,0
llama3.2,0.2,38,33,10.49,(16;16),move,31,6,0
llama3.2,0.2,38,34,6.68,(15;16),move,31,3,0
llama3.2,0.2,38,35,2.87,(16;16),move,31,6,0
llama3.2,0.2,38,36,-0.94,(15;16),move,31,3,0
llama3.2,0.2,39,1,96.07,(15;16),move,43,3,0
llama3.2,0.2,39,2,92.13,(15;15),move,44,6,0
llama3.2,0.2,39,3,88.11,(15;16),move,52,6,0
llama3.2,0.2,39,4,84.23,(14;15),move,38,6,0
llama3.2,0.2,39,5,80.34,(13;16),move,39,6,0
llama3.2,0.2,39,6,76.46,(12;15),move,38,5,0
llama3.2,0.2,39,7,73.12,(12;15),forage,34,4,0
llama3.2,0.2,39,8,69.32,(13;14),move,30,4,0
llama3.2,0.2,39,9,65.46,(12;13),move,36,5,0
llama3.2,0.2,39,10,62.11,(12;13),forage,35,3,0
llama3.2,0.2,39,11,58.25,(13;14),move,36,3,0
llama3.2,0.2,39,12,54.39,(12;13),move,36,5,0
llama3.2,0.2,39,13,50.53,(13;12),move,36,3,0
llama3.2,0.2,39,14,46.67,(14;13),move,36,2,0
llama3.2,0.2,39,15,42.81,(15;12),move,36,5,0
llama3.2,0.2,39,16,38.95,(14;13),move,36,2,0
llama3.2,0.2,39,17,35.09,(15;14),move,36,5,0
llama3.2,0.2,39,18,31.26,(16;15),move,33,6,0
llama3.2,0.2,39,19,27.4,(17;16),move,36,4,0
llama3.2,0.2,39,20,23.54,(18;16),move,36,3,0
llama3.2,0.2,39,21,43.41,(18;16),forage,26,3,0
llama3.2,0.2,39,22,39.57,(17;16),move,34,3,0
llama3.2,0.2,39,23,35.73,(16;16),move,34,3,0
llama3.2,0.2,39,24,31.89,(15;16),move,34,3,0
llama3.2,0.2,39,25,28.05,(14;15),move,34,6,0
llama3.2,0.2,39,26,24.21,(15;16),move,34,6,0
llama3.2,0.2,39,27,20.37,(16;16),move,34,6,0
llama3.2,0.2,39,28,16.53,(15;16),move,34,3,0
llama3.2,0.2,39,29,12.7,(15;16),move,33,6,0
llama3.2,0.2,39,30,8.86,(16;16),move,34,6,0
llama3.2,0.2,39,31,5.02,(15;16),move,34,3,0
llama3.2,0.2,39,32,1.18,(16;16),move,34,6,0
llama3.2,0.2,39,32,-1.16,(16;16),rest,34,3,0
llama3.2,0.2,40,1,96.01,(15;16),move,49,3,0
llama3.2,0.2,40,2,92.02,(14;17),move,49,6,0
llama3.2,0.2,40,3,88.63,(14;17),forage,39,5,0
llama3.2,0.2,40,4,84.63,(15;17),move,50,5,0
llama3.2,0.2,40,5,80.75,(15;16),move,38,5,0
llama3.2,0.2,40,6,77.38,(15;16),forage,37,6,0
llama3.2,0.2,40,7,73.48,(14;15),move,40,6,0
llama3.2,0.2,40,8,69.58,(14;14),move,40,6,0
llama3.2,0.2,40,9,65.68,(14;13),move,40,6,0
llama3.2,0.2,40,10,83.47,(14;13),forage,34,5,0
llama3.2,0.2,40,11,79.52,(15;13),move,45,5,0
llama3.2,0.2,40,12,75.59,(15;14),move,43,5,0
llama3.2,0.2,40,13,71.66,(15;15),move,43,6,0
llama3.2,0.2,40,14,67.73,(15;16),move,43,6,0
llama3.2,0.2,40,15,63.8,(16;16),move,43,6,0
llama3.2,0.2,40,16,59.87,(15;16),move,43,3,0
llama3.2,0.2,40,17,55.94,(15;15),move,43,6,0
llama3.2,0.2,40,18,52.01,(15;16),move,43,6,0
llama3.2,0.2,40,19,48.08,(16;16),move,43,6,0
llama3.2,0.2,40,20,44.15,(15;16),move,43,3,0
llama3.2,0.2,40,21,40.22,(16;16),move,43,6,0
llama3.2,0.2,40,22,36.29,(15;16),move,43,3,0
llama3.2,0.2,40,23,32.36,(16;16),move,43,6,0
llama3.2,0.2,40,24,28.43,(15;16),move,43,3,0
llama3.2,0.2,40,25,24.5,(14;16),move,43,6,0
llama3.2,0.2,40,26,20.57,(15;16),move,43,6,0
llama3.2,0.2,40,27,16.64,(16;16),move,43,6,0
llama3.2,0.2,40,28,12.71,(15;16),move,43,3,0
llama3.2,0.2,40,29,8.78,(16;16),move,43,6,0
llama3.2,0.2,40,30,4.85,(15;16),move,43,3,0
llama3.2,0.2,40,31,0.92,(16;16),move,43,6,0
llama3.2,0.2,40,31,-1.28,(16;16),rest,20,3,0
llama3.2,0.2,41,1,96.16,(17;16),move,34,3,0
llama3.2,0.2,41,2,92.32,(16;16),move,34,3,0
llama3.2,0.2,41,3,89.02,(16;16),forage,30,3,0
llama3.2,0.2,41,4,75.69,(16;16),attempt_vault,33,3,0
llama3.2,0.2,41,5,71.86,(15;16),move,33,3,0
llama3.2,0.2,41,6,68.01,(14;15),move,35,6,0
llama3.2,0.2,41,7,64.12,(15;16),move,39,6,0
llama3.2,0.2,41,8,60.23,(14;15),move,39,6,0
llama3.2,0.2,41,9,56.34,(13;14),move,39,6,0
llama3.2,0.2,41,10,52.5,(14;13),move,34,5,0
llama3.2,0.2,41,11,48.66,(14;12),move,34,5,0
llama3.2,0.2,41,12,44.82,(14;11),move,34,2,0
llama3.2,0.2,41,13,40.93,(14;10),move,39,2,0
llama3.2,0.2,41,14,61.87,(14;10),forage,24,2,0
llama3.2,0.2,41,15,57.98,(14;9),move,39,2,0
llama3.2,0.2,41,16,54.09,(14;8),move,39,1,0
llama3.2,0.2,41,17,69.67,(14;8),forage,24,0,0
llama3.2,0.2,41,18,65.8,(14;8),move,37,0,0
llama3.2,0.2,41,19,61.93,(14;8),move,37,0,0
llama3.2,0.2,41,20,58.06,(14;8),move,37,0,0
llama3.2,0.2,41,21,54.19,(14;8),move,37,0,0
llama3.2,0.2,41,22,50.32,(14;8),move,37,0,0
llama3.2,0.2,41,23,46.45,(14;8),move,37,0,0
llama3.2,0.2,41,24,42.58,(14;8),move,37,0,0
llama3.2,0.2,41,25,38.71,(14;8),move,37,0,0
llama3.2,0.2,41,26,34.84,(14;8),move,37,0,0
llama3.2,0.2,41,27,30.97,(14;8),move,37,0,0
llama3.2,0.2,41,28,27.1,(14;8),move,37,0,0
llama3.2,0.2,41,29,23.23,(14;8),move,37,0,0
llama3.2,0.2,41,30,19.36,(14;8),move,37,0,0
llama3.2,0.2,41,31,15.49,(14;8),move,37,0,0
llama3.2,0.2,41,32,11.62,(14;8),move,37,0,0
llama3.2,0.2,41,33,7.75,(14;8),move,37,0,0
llama3.2,0.2,41,34,3.88,(14;8),move,37,0,0
llama3.2,0.2,41,35,0.01,(14;8),move,37,0,0
llama3.2,0.2,41,35,-2.22,(14;8),rest,23,0,0
llama3.2,0.2,42,1,96.67,(16;16),forage,33,3,0
llama3.2,0.2,42,2,92.85,(15;15),move,32,3,0
llama3.2,0.2,42,3,89.02,(16;16),move,33,6,0
llama3.2,0.2,42,4,85.69,(16;16),forage,33,3,0
llama3.2,0.2,42,5,81.88,(15;15),move,31,3,0
llama3.2,0.2,42,6,78.05,(16;16),move,33,6,0
llama3.2,0.2,42,7,74.72,(16;16),forage,33,3,0
llama3.2,0.2,42,8,70.91,(15;15),move,31,3,0
llama3.2,0.2,42,9,67.08,(16;16),move,33,6,0
llama3.2,0.2,42,10,63.75,(16;16),forage,33,3,0
llama3.2,0.2,42,11,59.94,(15;15),move,31,3,0
llama3.2,0.2,42,12,56.11,(16;16),move,33,6,0
llama3.2,0.2,42,13,52.78,(16;16),forage,33,3,0
llama3.2,0.2,42,14,48.97,(15;15),move,31,3,0
llama3.2,0.2,42,15,45.14,(16;16),move,33,6,0
llama3.2,0.2,42,16,41.81,(16;16),forage,33,3,0
llama3.2,0.2,42,17,38.0,(15;15),move,31,3,0
llama3.2,0.2,42,18,34.17,(16;16),move,33,6,0
llama3.2,0.2,42,19,30.84,(16;16),forage,33,3,0
llama3.2,0.2,42,20,27.03,(15;15),move,31,3,0
llama3.2,0.2,42,21,23.2,(16;16),move,33,6,0
llama3.2,0.2,42,22,19.87,(16;16),forage,33,3,0
llama3.2,0.2,42,23,16.06,(15;15),move,31,3,0
llama3.2,0.2,42,24,12.23,(16;16),move,33,6,0
llama3.2,0.2,42,25,8.9,(16;16),forage,33,3,0
llama3.2,0.2,42,26,5.09,(15;15),move,31,3,0
llama3.2,0.2,42,27,1.26,(16;16),move,33,6,0
llama3.2,0.2,42,27,-1.07,(16;16),rest,33,3,0
llama3.2,0.2,43,1,96.71,(16;16),forage,29,3,0
llama3.2,0.2,43,2,83.42,(16;16),attempt_vault,29,3,0
llama3.2,0.2,43,3,79.64,(15;15),move,28,3,0
llama3.2,0.2,43,4,75.82,(14;16),move,32,6,0
llama3.2,0.2,43,5,72.01,(15;15),move,31,6,0
llama3.2,0.2,43,6,68.2,(14;16),move,31,6,0
llama3.2,0.2,43,7,64.4,(15;16),move,30,6,0
llama3.2,0.2,43,8,60.59,(15;15),move,31,6,0
llama3.2,0.2,43,9,56.78,(14;14),move,31,6,0
llama3.2,0.2,43,10,52.97,(15;15),move,31,6,0
llama3.2,0.2,43,11,49.16,(14;14),move,31,6,0
llama3.2,0.2,43,12,45.35,(15;15),move,31,6,0
llama3.2,0.2,43,13,41.54,(14;14),move,31,6,0
llama3.2,0.2,43,14,37.73,(15;15),move,31,6,0
llama3.2,0.2,43,15,33.92,(14;14),move,31,6,0
llama3.2,0.2,43,16,30.11,(15;15),move,31,6,0
llama3.2,0.2,43,17,26.3,(14;14),move,31,6,0
llama3.2,0.2,43,18,22.49,(15;15),move,31,6,0
llama3.2,0.2,43,19,18.68,(14;14),move,31,6,0
llama3.2,0.2,43,20,14.87,(15;15),move,31,6,0
llama3.2,0.2,43,21,11.06,(14;14),move,31,6,0
llama3.2,0.2,43,22,7.25,(15;15),move,31,6,0
llama3.2,0.2,43,23,3.44,(14;14),move,31,6,0
llama3.2,0.2,43,24,-0.37,(13;13),move,31,6,0
llama3.2,0.2,44,1,96.14,(15;15),move,36,3,0
llama3.2,0.2,44,2,89.73,(15;15),write_sign,41,6,1
llama3.2,0.2,44,3,85.87,(16;16),move,36,6,0
llama3.2,0.2,44,4,82.51,(16;16),forage,36,3,0
llama3.2,0.2,44,5,78.66,(15;15),move,35,3,0
llama3.2,0.2,44,6,65.29,(15;15),attempt_vault,37,6,0
llama3.2,0.2,44,7,61.42,(14;14),move,37,6,0
llama3.2,0.2,44,8,57.55,(15;15),move,37,6,0
llama3.2,0.2,44,9,44.27,(15;15),attempt_vault,28,6,0
llama3.2,0.2,44,10,40.44,(14;14),move,33,6,0
llama3.2,0.2,44,11,36.51,(15;15),move,43,6,0
llama3.2,0.2,44,12,32.58,(16;15),move,43,6,0
llama3.2,0.2,44,13,28.67,(15;15),move,41,4,0
llama3.2,0.2,44,14,24.74,(15;16),move,43,6,0
llama3.2,0.2,44,15,20.83,(15;15),move,41,6,0
llama3.2,0.2,44,16,16.9,(16;15),move,43,6,0
llama3.2,0.2,44,17,12.99,(15;15),move,41,4,0
llama3.2,0.2,44,18,9.02,(14;15),move,47,6,0
llama3.2,0.2,44,19,5.05,(15;15),move,47,6,0
llama3.2,0.2,44,20,1.14,(14;14),move,41,6,0
llama3.2,0.2,44,20,-1.23,(14;14),rest,37,6,0
llama3.2,0.2,45,1,96.67,(16;16),forage,33,3,0
llama3.2,0.2,45,2,92.86,(15;15),move,31,3,0
llama3.2,0.2,45,3,89.01,(14;14),move,35,6,0
llama3.2,0.2,45,4,85.21,(15;15),move,30,6,0
llama3.2,0.2,45,5,71.89,(15;15),attempt_vault,32,6,0
llama3.2,0.2,45,6,68.04,(14;14),move,35,6,0
llama3.2,0.2,45,7,64.19,(13;13),move,35,6,0
llama3.2,0.2,45,8,60.39,(13;13),move,30,4,0
llama3.2,0.2,45,9,56.59,(14;14),move,30,4,0
llama3.2,0.2,45,10,52.74,(13;13),move,35,6,0
llama3.2,0.2,45,11,48.94,(14;14),move,30,4,0
llama3.2,0.2,45,12,45.09,(13;13),move,35,6,0
llama3.2,0.2,45,13,41.29,(14;14),move,30,4,0
llama3.2,0.2,45,14,37.44,(13;13),move,35,6,0
llama3.2,0.2,45,15,33.64,(14;14),move,30,4,0
llama3.2,0.2,45,16,29.79,(13;13),move,35,6,0
llama3.2,0.2,45,17,25.99,(14;14),move,30,4,0
llama3.2,0.2,45,18,22.14,(13;13),move,35,6,0
llama3.2,0.2,45,19,18.34,(14;14),move,30,4,0
llama3.2,0.2,45,20,14.49,(13;13),move,35,6,0
llama3.2,0.2,45,21,10.69,(14;14),move,30,4,0
llama3.2,0.2,45,22,6.88,(13;13),move,31,6,0
llama3.2,0.2,45,23,3.08,(14;14),move,30,4,0
llama3.2,0.2,45,24,-0.74,(15;14),move,32,6,0
llama3.2,0.2,46,1,96.14,(15;15),move,36,3,0
llama3.2,0.2,46,2,92.3,(16;14),move,34,6,0
llama3.2,0.2,46,3,88.43,(15;15),move,37,4,0
llama3.2,0.2,46,4,100.0,(15;15),forage,34,6,0
llama3.2,0.2,46,5,96.13,(14;14),move,37,7,0
llama3.2,0.2,46,6,92.31,(15;13),move,32,7,0
llama3.2,0.2,46,7,88.49,(16;14),move,32,6,0
llama3.2,0.2,46,8,84.67,(15;15),move,32,5,0
llama3.2,0.2,46,9,81.33,(15;15),forage,34,7,0
llama3.2,0.2,46,10,77.52,(14;14),move,31,7,0
llama3.2,0.2,46,11,73.7,(15;13),move,32,7,0
llama3.2,0.2,46,12,69.88,(16;13),move,32,6,0
llama3.2,0.2,46,13,66.06,(16;14),move,32,5,0
llama3.2,0.2,46,14,62.25,(15;13),move,31,5,0
llama3.2,0.2,46,15,58.44,(16;13),move,31,6,0
llama3.2,0.2,46,16,54.63,(16;14),move,31,5,0
llama3.2,0.2,46,17,50.82,(15;13),move,31,5,0
llama3.2,0.2,46,18,47.01,(16;13),move,31,6,0
llama3.2,0.2,46,19,43.2,(16;14),move,31,5,0
llama3.2,0.2,46,20,39.39,(15;13),move,31,5,0
llama3.2,0.2,46,21,35.58,(16;13),move,31,6,0
llama3.2,0.2,46,22,31.77,(16;14),move,31,5,0
llama3.2,0.2,46,23,27.96,(15;13),move,31,5,0
llama3.2,0.2,46,24,24.15,(16;13),move,31,6,0
llama3.2,0.2,46,25,20.34,(16;14),move,31,5,0
llama3.2,0.2,46,26,16.53,(15;13),move,31,5,0
llama3.2,0.2,46,27,12.72,(16;13),move,31,6,0
llama3.2,0.2,46,28,8.91,(16;14),move,31,5,0
llama3.2,0.2,46,29,5.1,(15;13),move,31,5,0
llama3.2,0.2,46,30,1.29,(16;13),move,31,6,0
llama3.2,0.2,46,30,-1.04,(16;13),rest,33,5,0
llama3.2,0.2,47,1,96.18,(16;17),move,32,4,0
llama3.2,0.2,47,2,92.93,(16;17),forage,25,4,0
llama3.2,0.2,47,3,89.1,(16;18),move,33,4,0
llama3.2,0.2,47,4,85.29,(16;19),move,31,4,0
llama3.2,0.2,47,5,82.04,(16;19),forage,25,3,0
llama3.2,0.2,47,6,78.2,(16;18),move,34,3,0
llama3.2,0.2,47,7,74.41,(16;19),move,29,4,0
llama3.2,0.2,47,8,71.16,(16;19),forage,25,3,0
llama3.2,0.2,47,9,67.37,(16;20),move,29,3,0
llama3.2,0.2,47,10,81.36,(16;20),forage,24,0,0
llama3.2,0.2,47,11,77.55,(17;20),move,31,0,0
llama3.2,0.2,47,12,73.74,(17;19),move,31,0,0
llama3.2,0.2,47,13,69.93,(18;19),move,31,3,0
llama3.2,0.2,47,14,66.12,(19;19),move,31,3,0
llama3.2,0.2,47,15,62.31,(20;19),move,31,2,0
llama3.2,0.2,47,16,78.01,(20;19),forage,24,1,0
llama3.2,0.2,47,17,74.2,(21;19),move,31,1,0
llama3.2,0.2,47,18,70.39,(21;20),move,31,0,0
llama3.2,0.2,47,19,66.57,(20;21),move,32,0,0
llama3.2,0.2,47,20,62.76,(21;21),move,31,0,0
llama3.2,0.2,47,21,58.95,(21;22),move,31,0,0
llama3.2,0.2,47,22,55.14,(21;21),move,31,0,0
llama3.2,0.2,47,23,51.32,(20;22),move,32,0,0
llama3.2,0.2,47,24,47.51,(21;22),move,31,0,0
llama3.2,0.2,47,25,43.69,(20;23),move,32,0,0
llama3.2,0.2,47,26,39.87,(21;22),move,32,0,0
llama3.2,0.2,47,27,36.05,(20;23),move,32,0,0
llama3.2,0.2,47,28,32.23,(21;22),move,32,0,0
llama3.2,0.2,47,29,28.41,(20;23),move,32,0,0
llama3.2,0.2,47,30,24.59,(21;22),move,32,0,0
llama3.2,0.2,47,31,20.77,(20;23),move,32,0,0
llama3.2,0.2,47,32,16.95,(21;22),move,32,0,0
llama3.2,0.2,47,33,13.13,(20;23),move,32,0,0
llama3.2,0.2,47,34,9.31,(21;22),move,32,0,0
llama3.2,0.2,47,35,5.49,(20;23),move,32,0,0
llama3.2,0.2,47,36,1.67,(21;22),move,32,0,0
llama3.2,0.2,47,36,-0.65,(21;22),rest,32,0,0
llama3.2,0.2,48,1,96.14,(15;15),move,36,4,0
llama3.2,0.2,48,2,92.29,(14;16),move,35,7,0
llama3.2,0.2,48,3,88.43,(13;17),move,36,7,0
llama3.2,0.2,48,4,84.56,(13;18),move,37,5,0
llama3.2,0.2,48,5,100.0,(13;18),forage,31,5,0
llama3.2,0.2,48,6,96.16,(12;17),move,34,5,0
llama3.2,0.2,48,7,92.26,(13;17),move,40,4,0
llama3.2,0.2,48,8,88.37,(12;17),move,39,5,0
llama3.2,0.2,48,9,84.47,(13;17),move,40,4,0
llama3.2,0.2,48,10,80.58,(12;17),move,39,5,0
llama3.2,0.2,48,11,76.69,(13;17),move,39,4,0
llama3.2,0.2,48,12,72.8,(12;17),move,39,5,0
llama3.2,0.2,48,13,68.91,(13;17),move,39,4,0
llama3.2,0.2,48,14,65.02,(12;17),move,39,5,0
llama3.2,0.2,48,15,61.13,(13;17),move,39,4,0
llama3.2,0.2,48,16,57.24,(12;17),move,39,5,0
llama3.2,0.2,48,17,53.35,(13;17),move,39,4,0
llama3.2,0.2,48,18,49.46,(12;17),move,39,5,0
llama3.2,0.2,48,19,45.57,(13;17),move,39,4,0
llama3.2,0.2,48,20,41.68,(12;17),move,39,5,0
llama3.2,0.2,48,21,37.79,(13;17),move,39,4,0
llama3.2,0.2,48,22,33.9,(12;17),move,39,5,0
llama3.2,0.2,48,23,30.01,(13;17),move,39,4,0
llama3.2,0.2,48,24,26.12,(12;17),move,39,5,0
llama3.2,0.2,48,25,22.23,(13;17),move,39,4,0
llama3.2,0.2,48,26,18.34,(12;17),move,39,5,0
llama3.2,0.2,48,27,14.45,(13;17),move,39,4,0
llama3.2,0.2,48,28,10.56,(12;17),move,39,5,0
llama3.2,0.2,48,29,6.67,(13;17),move,39,4,0
llama3.2,0.2,48,30,2.78,(12;17),move,39,5,0
llama3.2,0.2,48,31,-10.53,(12;17),attempt_vault,31,4,0
llama3.2,0.2,49,1,96.15,(15;15),move,35,4,0
llama3.2,0.2,49,2,92.29,(16;16),move,36,7,0
llama3.2,0.2,49,3,88.43,(16;15),move,36,4,0
llama3.2,0.2,49,4,84.48,(16;16),move,45,5,0
llama3.2,0.2,49,5,80.48,(15;15),move,50,4,0
llama3.2,0.2,49,6,76.59,(14;16),move,39,7,0
llama3.2,0.2,49,7,72.58,(13;15),move,51,7,0
llama3.2,0.2,49,8,69.28,(13;15),forage,30,6,0
llama3.2,0.2,49,9,65.43,(12;14),move,35,6,0
llama3.2,0.2,49,10,61.42,(11;13),move,51,5,0
llama3.2,0.2,49,11,58.12,(11;13),forage,30,2,0
llama3.2,0.2,49,12,54.14,(11;13),move,48,2,0
llama3.2,0.2,49,13,50.22,(12;13),move,42,2,0
llama3.2,0.2,49,14,43.65,(12;13),write_sign,57,4,1
llama3.2,0.2,49,15,39.74,(12;13),move,41,4,0
llama3.2,0.2,49,16,35.83,(11;13),move,41,4,0
llama3.2,0.2,49,17,31.93,(10;13),move,40,2,0
llama3.2,0.2,49,18,28.04,(10;12),move,39,2,0
llama3.2,0.2,49,19,44.51,(10;12),forage,34,2,0
llama3.2,0.2,49,20,40.6,(10;12),move,41,2,0
llama3.2,0.2,49,21,36.71,(10;13),move,39,2,0
llama3.2,0.2,49,22,32.74,(10;12),move,47,2,0
llama3.2,0.2,49,23,28.81,(10;12),move,43,2,0
llama3.2,0.2,49,24,24.89,(10;11),move,42,2,0
llama3.2,0.2,49,25,21.04,(9;11),move,35,2,0
llama3.2,0.2,49,26,17.19,(9;10),move,35,1,0
llama3.2,0.2,49,27,13.35,(10;10),move,34,1,0
llama3.2,0.2,49,28,9.51,(10;9),move,34,2,0
llama3.2,0.2,49,29,5.66,(9;9),move,35,1,0
llama3.2,0.2,49,30,-7.6,(9;9),attempt_vault,26,0,0
llama3.2,0.2,50,1,96.19,(15;15),move,31,4,0
llama3.2,0.2,50,2,92.43,(14;16),move,26,7,0
llama3.2,0.2,50,3,89.16,(14;16),forage,27,7,0
llama3.2,0.2,50,4,75.87,(14;16),attempt_vault,29,7,0
llama3.2,0.2,50,5,72.1,(13;15),move,27,7,0
llama3.2,0.2,50,6,68.32,(13;14),move,28,6,0
llama3.2,0.2,50,7,64.54,(14;14),move,28,6,0
llama3.2,0.2,50,8,60.75,(15;15),move,29,7,0
llama3.2,0.2,50,9,56.96,(15;16),move,29,7,0
llama3.2,0.2,50,10,53.2,(14;15),move,26,7,0
llama3.2,0.2,50,11,49.42,(14;14),move,28,7,0
llama3.2,0.2,50,12,45.64,(15;14),move,28,7,0
llama3.2,0.2,50,13,42.42,(15;14),forage,22,7,0
llama3.2,0.2,50,14,38.65,(15;15),move,27,7,0
llama3.2,0.2,50,15,34.88,(14;15),move,27,7,0
llama3.2,0.2,50,16,31.11,(14;14),move,27,7,0
llama3.2,0.2,50,17,27.34,(15;14),move,27,7,0
llama3.2,0.2,50,18,23.57,(16;14),move,27,7,0
llama3.2,0.2,50,19,19.8,(16;15),move,27,5,0
llama3.2,0.2,50,20,16.03,(15;15),move,27,5,0
llama3.2,0.2,50,21,12.26,(15;14),move,27,7,0
llama3.2,0.2,50,22,8.49,(15;13),move,27,7,0
llama3.2,0.2,50,23,4.72,(15;12),move,27,6,0
llama3.2,0.2,50,24,0.95,(16;12),move,27,3,0
llama3.2,0.2,50,24,-1.24,(16;12),rest,19,2,0
llama3.2,0.2,51,1,96.1,(17;16),move,40,4,0
llama3.2,0.2,51,2,92.2,(16;16),move,40,4,0
llama3.2,0.2,51,3,88.3,(16;15),move,40,4,0
llama3.2,0.2,51,4,84.44,(16;16),move,36,5,0
llama3.2,0.2,51,5,80.58,(17;16),move,36,4,0
llama3.2,0.2,51,6,76.66,(16;15),move,42,4,0
llama3.2,0.2,51,7,73.24,(16;15),forage,42,5,0
llama3.2,0.2,51,8,69.37,(17;15),move,37,5,0
llama3.2,0.2,51,9,65.49,(16;15),move,38,4,0
llama3.2,0.2,51,10,61.62,(16;14),move,37,5,0
llama3.2,0.2,51,11,57.74,(16;13),move,38,5,0
llama3.2,0.2,51,12,53.87,(16;12),move,37,5,0
llama3.2,0.2,51,13,49.88,(17;12),move,49,2,0
llama3.2,0.2,51,14,46.05,(16;12),move,33,1,0
llama3.2,0.2,51,15,42.21,(17;12),move,34,2,0
llama3.2,0.2,51,16,38.38,(16;12),move,33,1,0
llama3.2,0.2,51,17,57.05,(16;12),forage,35,2,0
llama3.2,0.2,51,18,52.97,(17;12),move,58,2,0
llama3.2,0.2,51,19,48.89,(18;11),move,58,1,0
llama3.2,0.2,51,20,45.02,(18;11),move,37,0,0
llama3.2,0.2,51,21,38.51,(18;11),write_sign,51,0,1
llama3.2,0.2,51,22,34.5,(18;11),move,51,1,0
llama3.2,0.2,51,23,30.9,(18;11),rest,60,1,0
llama3.2,0.2,51,24,27.49,(18;11),forage,41,1,0
llama3.2,0.2,51,25,23.54,(18;11),move,45,1,0
llama3.2,0.2,51,26,19.61,(17;11),move,43,1,0
llama3.2,0.2,51,27,15.63,(18;11),move,48,1,0
llama3.2,0.2,51,28,11.63,(18;11),move,50,1,0
llama3.2,0.2,51,29,7.7,(18;11),move,43,1,0
llama3.2,0.2,51,30,4.21,(18;11),forage,49,1,0
llama3.2,0.2,51,31,-2.39,(18;11),write_sign,60,1,1
llama3.2,0.2,52,1,96.15,(15;15),move,35,4,0
llama3.2,0.2,52,2,92.28,(14;16),move,37,7,0
llama3.2,0.2,52,3,88.41,(13;15),move,37,7,0
llama3.2,0.2,52,4,84.48,(12;14),move,43,6,0
llama3.2,0.2,52,5,80.55,(11;13),move,43,5,0
llama3.2,0.2,52,6,67.1,(11;13),attempt_vault,45,2,0
llama3.2,0.2,52,7,63.17,(12;13),move,43,2,0
llama3.2,0.2,52,8,59.17,(12;14),move,50,4,0
llama3.2,0.2,52,9,55.13,(12;13),move,54,5,0
llama3.2,0.2,52,10,51.04,(12;14),move,59,4,0
llama3.2,0.2,52,11,47.07,(12;15),move,47,5,0
llama3.2,0.2,52,12,43.1,(12;14),move,47,5,0
llama3.2,0.2,52,13,39.1,(13;14),move,50,5,0
llama3.2,0.2,52,14,35.09,(13;13),move,51,6,0
llama3.2,0.2,52,15,31.04,(12;13),move,55,5,0
llama3.2,0.2,52,16,27.07,(13;13),move,47,4,0
llama3.2,0.2,52,17,23.02,(12;13),move,55,5,0
llama3.2,0.2,52,18,19.06,(12;13),move,46,4,0
llama3.2,0.2,52,19,15.0,(13;13),move,56,4,0
llama3.2,0.2,52,20,10.95,(12;13),move,55,5,0
llama3.2,0.2,52,21,6.89,(13;13),move,56,4,0
llama3.2,0.2,52,22,2.93,(13;12),move,46,5,0
llama3.2,0.2,52,23,-1.13,(13;13),move,56,3,0
llama3.2,0.2,53,1,96.07,(17;16),move,43,4,0
llama3.1,0.2,1,1,96.17,(15;16),move,33,0,0
llama3.1,0.2,1,2,92.28,(16;16),move,39,0,0
llama3.1,0.2,1,3,88.97,(16;16),forage,31,0,0
llama3.1,0.2,1,4,85.07,(16;15),move,40,0,0
llama3.1,0.2,1,5,81.2,(17;15),move,37,0,0
llama3.1,0.2,1,6,77.31,(16;15),move,39,0,0
llama3.1,0.2,1,7,73.39,(16;14),move,42,0,0
llama3.1,0.2,1,8,69.47,(17;14),move,42,0,0
llama3.1,0.2,1,9,66.18,(17;14),forage,29,0,0
llama3.1,0.2,1,10,62.3,(16;14),move,38,0,0
llama3.1,0.2,1,11,58.4,(16;13),move,40,0,0
llama3.1,0.2,1,12,45.11,(16;13),attempt_vault,29,0,0
llama3.1,0.2,1,13,41.24,(17;13),move,37,0,0
llama3.1,0.2,1,14,27.95,(17;13),attempt_vault,29,0,0
llama3.1,0.2,1,15,24.07,(16;13),move,38,0,0
llama3.1,0.2,1,16,17.7,(16;13),write_sign,37,0,1
llama3.1,0.2,1,17,13.8,(16;12),move,40,1,0
llama3.1,0.2,1,18,10.5,(16;12),forage,30,1,0
llama3.1,0.2,1,19,6.65,(17;11),move,35,1,0
llama3.1,0.2,1,20,3.35,(17;11),forage,30,1,0
llama3.1,0.2,1,21,-0.53,(18;10),move,38,1,0
llama3.1,0.2,2,1,96.11,(16;17),move,39,1,0
llama3.1,0.2,2,2,92.19,(15;17),move,42,0,0
llama3.1,0.2,2,3,88.24,(14;17),move,45,0,0
llama3.1,0.2,2,4,84.3,(13;17),move,44,0,0
llama3.1,0.2,2,5,80.99,(13;17),forage,31,0,0
llama3.1,0.2,2,6,77.1,(12;17),move,39,0,0
llama3.1,0.2,2,7,73.79,(12;17),forage,31,0,0
llama3.1,0.2,2,8,69.9,(11;17),move,39,0,0
llama3.1,0.2,2,9,66.59,(11;17),forage,31,0,0
llama3.1,0.2,2,10,62.7,(10;17),move,39,0,0
llama3.1,0.2,2,11,75.0,(10;17),forage,30,0,0
llama3.1,0.2,2,12,71.1,(10;16),move,40,0,0
llama3.1,0.2,2,13,64.52,(10;16),write_sign,58,0,1
llama3.1,0.2,2,14,60.66,(10;15),move,36,1,0
llama3.1,0.2,2,15,57.4,(10;15),rest,26,1,0
llama3.1,0.2,2,16,53.57,(10;16),move,33,1,0
llama3.1,0.2,2,17,47.02,(10;16),write_sign,55,1,1
llama3.1,0.2,2,18,43.16,(10;15),move,36,1,0
llama3.1,0.2,2,19,29.9,(10;15),attempt_vault,26,1,0
llama3.1,0.2,2,20,26.04,(10;16),move,36,1,0
llama3.1,0.2,2,21,19.51,(10;16),write_sign,53,1,1
llama3.1,0.2,2,22,15.64,(11;16),move,37,1,0
llama3.1,0.2,2,23,11.81,(10;16),move,33,1,0
llama3.1,0.2,2,24,8.56,(10;16),forage,25,1,0
llama3.1,0.2,2,25,4.71,(10;15),move,35,1,0
llama3.1,0.2,2,26,0.87,(10;16),move,34,1,0
llama3.1,0.2,2,26,-1.38,(10;16),rest,25,1,0
llama3.1,0.2,3,1,96.15,(16;17),move,35,1,0
llama3.1,0.2,3,2,92.32,(17;17),move,33,0,0
llama3.1,0.2,3,3,88.48,(17;16),move,34,0,0
llama3.1,0.2,3,4,85.2,(17;16),forage,28,1,0
llama3.1,0.2,3,5,81.34,(18;16),move,36,1,0
llama3.1,0.2,3,6,78.07,(18;16),forage,27,1,0
llama3.1,0.2,3,7,74.23,(17;16),move,34,1,0
llama3.1,0.2,3,8,67.77,(17;16),write_sign,46,1,1
llama3.1,0.2,3,9,63.94,(17;17),move,33,2,0
llama3.1,0.2,3,10,60.66,(17;17),forage,28,1,0
llama3.1,0.2,3,11,56.83,(18;17),move,33,1,0
llama3.1,0.2,3,12,53.56,(18;17),forage,27,1,0
llama3.1,0.2,3,13,49.72,(17;17),move,34,1,0
llama3.1,0.2,3,14,43.15,(17;17),write_sign,57,1,1
llama3.1,0.2,1,1,96.09,(17;16),move,41,0,0
llama3.1,0.2,1,2,92.71,(17;16),forage,38,0,0
llama3.1,0.2,1,3,88.8,(16;16),move,41,0,0
llama3.1,0.2,1,4,84.91,(16;15),move,39,0,0
llama3.1,0.2,1,5,81.55,(16;15),forage,36,0,0
llama3.1,0.2,1,6,77.6,(16;16),move,45,0,0
llama3.1,0.2,1,7,71.17,(16;16),write_sign,43,0,1
llama3.1,0.2,1,8,67.32,(17;16),move,35,1,0
llama3.1,0.2,1,9,63.48,(16;16),move,34,1,0
llama3.1,0.2,1,10,50.2,(16;16),attempt_vault,28,1,0
llama3.1,0.2,1,11,46.34,(16;15),move,36,1,0
llama3.1,0.2,1,12,42.49,(16;14),move,35,1,0
llama3.1,0.2,1,13,38.64,(16;13),move,35,1,0
llama3.1,0.2,1,14,34.75,(16;14),move,39,1,0
llama3.1,0.2,1,15,30.9,(17;14),move,35,1,0
llama3.1,0.2,1,16,27.05,(16;14),move,35,1,0
llama3.1,0.2,1,17,13.77,(16;14),attempt_vault,28,1,0
llama3.1,0.2,1,18,10.47,(16;14),forage,30,1,0
llama3.1,0.2,1,19,6.66,(16;15),move,31,1,0
llama3.1,0.2,1,20,2.84,(17;15),move,32,1,0
llama3.1,0.2,1,21,-3.56,(17;15),write_sign,40,1,1
llama3.1,0.2,2,1,96.71,(16;16),rest,29,2,0
llama3.1,0.2,2,2,92.79,(17;15),move,42,2,0
llama3.1,0.2,2,3,88.87,(16;16),move,42,2,0
llama3.1,0.2,2,4,85.03,(17;16),move,34,2,0
llama3.1,0.2,2,5,81.11,(17;15),move,42,2,0
llama3.1,0.2,2,6,77.19,(16;16),move,42,2,0
llama3.1,0.2,2,7,73.27,(17;15),move,42,2,0
llama3.1,0.2,2,8,69.43,(17;16),move,34,2,0
llama3.1,0.2,2,9,65.51,(16;16),move,42,2,0
llama3.1,0.2,2,10,61.59,(17;15),move,42,2,0
llama3.1,0.2,2,11,57.67,(16;16),move,42,2,0
llama3.1,0.2,2,12,53.75,(17;15),move,42,2,0
llama3.1,0.2,2,13,49.83,(16;16),move,42,2,0
llama3.1,0.2,2,14,46.52,(16;16),forage,31,2,0
llama3.1,0.2,2,15,42.6,(17;15),move,42,2,0
llama3.1,0.2,2,16,39.18,(17;15),write,42,2,0
llama3.1,0.2,2,17,35.26,(16;16),move,42,2,0
llama3.1,0.2,2,18,31.99,(16;16),attempt,27,2,0
llama3.1,0.2,2,19,28.07,(17;15),move,42,2,0
llama3.1,0.2,2,20,14.78,(17;15),attempt_vault,29,2,0
llama3.1,0.2,2,21,10.86,(16;16),move,42,2,0
llama3.1,0.2,2,22,-2.43,(16;16),attempt_vault,29,2,0
llama3.1,0.2,3,1,96.71,(16;16),rest,29,2,0
llama3.1,0.2,3,2,92.81,(16;15),move,40,2,0
llama3.1,0.2,3,3,88.88,(16;16),move,43,2,0
llama3.1,0.2,3,4,84.99,(17;16),move,39,2,0
llama3.1,0.2,3,5,81.09,(17;15),move,40,2,0
llama3.1,0.2,3,6,77.16,(16;16),move,43,2,0
llama3.1,0.2,3,7,73.26,(16;15),move,40,2,0
llama3.1,0.2,3,8,69.33,(16;16),move,43,2,0
llama3.1,0.2,3,9,56.05,(16;16),attempt_vault,28,2,0
llama3.1,0.2,3,10,52.15,(16;15),move,40,2,0
llama3.1,0.2,3,11,48.22,(16;16),move,43,2,0
llama3.1,0.2,3,12,41.81,(16;16),write_sign,41,2,1
llama3.1,0.2,3,13,37.97,(17;16),move,34,2,0
llama3.1,0.2,3,14,34.07,(17;15),move,40,2,0
llama3.1,0.2,3,15,30.77,(17;15),forage,30,2,0
llama3.1,0.2,3,16,26.87,(16;16),move,40,2,0
llama3.1,0.2,3,17,23.03,(17;16),move,34,2,0
llama3.1,0.2,3,18,19.13,(17;15),move,40,2,0
llama3.1,0.2,3,19,15.29,(16;16),move,34,2,0
llama3.1,0.2,3,20,11.99,(16;16),forage,30,2,0
llama3.1,0.2,3,21,8.09,(17;15),move,40,2,0
llama3.1,0.2,3,22,4.19,(17;16),move,40,2,0
llama3.1,0.2,3,23,-9.07,(17;16),attempt_vault,26,2,0
llama3.1,0.2,4,1,96.7,(16;16),forage,30,2,0
llama3.1,0.2,4,2,92.83,(16;17),move,37,2,0
llama3.1,0.2,4,3,88.97,(16;16),move,36,2,0
llama3.1,0.2,4,4,85.13,(17;16),move,34,2,0
llama3.1,0.2,4,5,81.85,(17;16),forage,28,2,0
llama3.1,0.2,4,6,75.41,(17;16),write_sign,44,2,1
llama3.1,0.2,4,7,71.55,(17;15),move,36,3,0
llama3.1,0.2,4,8,67.69,(17;16),move,36,3,0
llama3.1,0.2,4,9,63.83,(17;15),move,36,3,0
llama3.1,0.2,4,10,59.97,(17;16),move,36,3,0
llama3.1,0.2,4,11,46.7,(17;16),attempt_vault,27,3,0
llama3.1,0.2,4,12,42.84,(17;15),move,36,3,0
llama3.1,0.2,4,13,39.59,(17;15),rest,25,3,0
llama3.1,0.2,4,14,35.73,(17;16),move,36,3,0
llama3.1,0.2,4,15,32.46,(17;16),forage,27,3,0
llama3.1,0.2,4,16,28.6,(17;15),move,36,3,0
llama3.1,0.2,4,17,22.19,(17;15),write_sign,41,3,1
llama3.1,0.2,4,18,18.33,(17;16),move,36,3,0
llama3.1,0.2,4,19,15.06,(17;16),forage,27,3,0
llama3.1,0.2,4,20,11.2,(17;15),move,36,3,0
llama3.1,0.2,4,21,4.79,(17;15),write_sign,41,3,1
llama3.1,0.2,4,22,0.93,(17;16),move,36,3,0
llama3.1,0.2,4,22,-1.31,(17;16),rest,24,3,0
llama3.1,0.2,5,1,96.15,(16;17),move,35,3,0
llama3.1,0.2,5,2,92.9,(16;17),forage,25,3,0
llama3.1,0.2,5,3,89.03,(16;16),move,37,3,0
llama3.1,0.2,5,4,85.75,(16;16),forage,28,3,0
llama3.1,0.2,5,5,81.89,(17;16),move,36,3,0
llama3.1,0.2,5,6,78.04,(17;15),move,35,3,0
llama3.1,0.2,5,7,74.76,(17;15),forage,28,3,0
llama3.1,0.2,5,8,70.91,(17;16),move,35,3,0
llama3.1,0.2,5,9,67.63,(17;16),forage,28,3,0
llama3.1,0.2,5,10,61.14,(17;16),write_sign,49,3,1
llama3.1,0.2,5,11,57.29,(17;15),move,35,3,0
llama3.1,0.2,5,12,54.01,(17;15),forage,28,3,0
llama3.1,0.2,5,13,50.16,(17;16),move,35,3,0
llama3.1,0.2,5,14,46.88,(17;16),forage,28,3,0
llama3.1,0.2,5,15,43.03,(17;15),move,35,3,0
llama3.1,0.2,5,16,39.75,(17;15),forage,28,3,0
llama3.1,0.2,5,17,35.9,(17;16),move,35,3,0
llama3.1,0.2,5,18,32.62,(17;16),forage,28,3,0
llama3.1,0.2,5,19,28.77,(17;15),move,35,3,0
llama3.1,0.2,5,20,25.49,(17;15),forage,28,3,0
llama3.1,0.2,5,21,19.04,(17;15),write_sign,45,3,1
llama3.1,0.2,5,22,15.22,(17;16),move,32,3,0
llama3.1,0.2,5,23,11.94,(17;16),forage,28,3,0
llama3.1,0.2,5,24,8.12,(17;17),move,32,3,0
llama3.1,0.2,5,25,4.86,(17;17),forage,26,3,0
llama3.1,0.2,5,26,1.05,(18;18),move,31,3,0
llama3.1,0.2,5,26,-1.21,(18;18),rest,26,3,0
llama3.1,0.2,6,1,96.12,(16;17),move,38,3,0
llama3.1,0.2,6,2,92.8,(16;17),forage,32,3,0
llama3.1,0.2,6,3,88.94,(16;16),move,36,3,0
llama3.1,0.2,6,4,85.63,(16;16),forage,31,3,0
llama3.1,0.2,6,5,81.72,(17;16),move,41,3,0
llama3.1,0.2,6,6,78.41,(17;16),forage,31,3,0
llama3.1,0.2,6,7,74.44,(16;16),move,47,3,0
llama3.1,0.2,6,8,67.93,(16;16),write_sign,51,3,1
llama3.1,0.2,6,9,64.62,(16;16),forage,31,3,0
llama3.1,0.2,6,10,60.72,(17;16),move,40,3,0
llama3.1,0.2,6,11,57.41,(17;16),forage,31,3,0
llama3.1,0.2,6,12,44.12,(17;16),attempt_vault,29,3,0
llama3.1,0.2,6,13,40.22,(16;16),move,40,3,0
llama3.1,0.2,6,14,36.91,(16;16),forage,31,3,0
llama3.1,0.2,6,15,33.02,(17;16),move,39,3,0
llama3.1,0.2,6,16,19.73,(17;16),attempt_vault,29,3,0
llama3.1,0.2,6,17,15.83,(16;16),move,40,3,0
llama3.1,0.2,6,18,9.38,(16;16),write_sign,45,3,1
llama3.1,0.2,6,19,5.49,(17;16),move,39,3,0
llama3.1,0.2,6,20,2.18,(17;16),forage,31,3,0
llama3.1,0.2,6,20,-0.24,(17;16),rest,42,3,0
llama3.1,0.2,7,1,95.98,(16;17),move,52,3,0
llama3.1,0.2,7,2,92.01,(17;17),move,47,3,0
llama3.1,0.2,7,3,88.69,(17;17),forage,32,3,0
llama3.1,0.2,7,4,84.81,(18;18),move,38,3,0
llama3.1,0.2,7,5,80.93,(17;18),move,38,3,0
llama3.1,0.2,7,6,77.68,(17;18),forage,25,3,0
llama3.1,0.2,7,7,73.85,(17;17),move,33,3,0
llama3.1,0.2,7,8,70.6,(17;17),forage,25,3,0
llama3.1,0.2,7,9,64.14,(17;17),write_sign,46,3,1
llama3.1,0.2,7,10,60.33,(18;18),move,31,4,0
llama3.1,0.2,7,11,57.08,(18;18),forage,25,4,0
llama3.1,0.2,7,12,43.81,(18;18),attempt_vault,27,4,0
llama3.1,0.2,7,13,39.99,(19;19),move,32,4,0
llama3.1,0.2,7,14,36.17,(20;20),move,32,3,0
llama3.1,0.2,7,15,53.8,(20;20),forage,24,1,0
llama3.1,0.2,7,16,47.33,(20;20),write_sign,47,1,1
llama3.1,0.2,7,17,43.49,(19;19),move,34,2,0
llama3.1,0.2,7,18,39.65,(20;20),move,34,4,0
llama3.1,0.2,7,19,35.81,(19;19),move,34,2,0
llama3.1,0.2,7,20,31.97,(20;18),move,34,4,0
llama3.1,0.2,7,21,28.13,(20;19),move,34,4,0
llama3.1,0.2,7,22,24.29,(19;18),move,34,3,0
llama3.1,0.2,7,23,20.45,(20;17),move,34,5,0
llama3.1,0.2,7,24,16.61,(20;18),move,34,4,0
llama3.1,0.2,7,25,12.77,(19;17),move,34,4,0
llama3.1,0.2,7,26,8.93,(20;16),move,34,5,0
llama3.1,0.2,7,27,5.09,(20;17),move,34,3,0
llama3.1,0.2,7,28,1.25,(19;16),move,34,4,0
llama3.1,0.2,7,28,-1.01,(19;16),rest,26,4,0
llama3.1,0.2,8,1,96.04,(16;15),move,46,4,0
llama3.1,0.2,8,2,92.08,(16;16),move,46,4,0
llama3.1,0.2,8,3,88.77,(16;16),forage,31,4,0
llama3.1,0.2,8,4,84.81,(16;15),move,46,4,0
llama3.1,0.2,8,5,80.9,(17;15),move,41,4,0
llama3.1,0.2,8,6,74.4,(17;15),write_sign,50,4,1
llama3.1,0.2,8,7,70.49,(17;16),move,41,4,0
llama3.1,0.2,8,8,66.57,(16;16),move,42,4,0
llama3.1,0.2,8,9,62.66,(17;16),move,41,4,0
llama3.1,0.2,8,10,58.74,(16;16),move,42,4,0
llama3.1,0.2,8,11,55.45,(16;16),forage,29,4,0
llama3.1,0.2,8,12,51.54,(17;15),move,41,4,0
llama3.1,0.2,8,13,45.04,(17;15),write_sign,50,4,1
llama3.1,0.2,8,14,41.12,(16;16),move,42,4,0
llama3.1,0.2,8,15,37.83,(16;16),forage,29,4,0
llama3.1,0.2,8,16,33.92,(17;15),move,41,4,0
llama3.1,0.2,8,17,30.04,(16;16),move,38,4,0
llama3.1,0.2,8,18,26.75,(16;16),forage,29,4,0
llama3.1,0.2,8,19,22.84,(17;15),move,41,4,0
llama3.1,0.2,8,20,16.34,(17;15),write_sign,50,4,1
llama3.1,0.2,8,21,12.43,(17;16),move,41,4,0
llama3.1,0.2,8,22,-0.87,(17;16),attempt_vault,30,4,0
llama3.1,0.2,9,1,96.66,(16;16),forage,34,4,0
llama3.1,0.2,9,2,92.79,(16;17),move,37,4,0
llama3.1,0.2,9,3,88.92,(16;16),move,37,4,0
llama3.1,0.2,9,4,85.57,(16;16),forage,35,4,0
llama3.1,0.2,9,5,81.7,(17;16),move,37,4,0
llama3.1,0.2,9,6,77.83,(16;16),move,37,4,0
llama3.1,0.2,9,7,74.48,(16;16),forage,35,4,0
llama3.1,0.2,9,8,68.02,(16;16),write_sign,46,4,1
llama3.1,0.2,9,9,64.15,(17;16),move,37,4,0
llama3.1,0.2,9,10,60.8,(17;16),forage,35,4,0
llama3.1,0.2,9,11,56.93,(16;16),move,37,4,0
llama3.1,0.2,9,12,53.58,(16;16),forage,35,4,0
llama3.1,0.2,9,13,47.15,(16;16),write_sign,43,4,1
llama3.1,0.2,9,14,43.32,(17;16),move,33,4,0
llama3.1,0.2,9,15,39.97,(17;16),forage,35,4,0
llama3.1,0.2,9,16,36.14,(17;17),move,33,4,0
llama3.1,0.2,9,17,32.79,(17;17),forage,35,5,0
llama3.1,0.2,9,18,28.96,(17;16),move,33,5,0
llama3.1,0.2,9,19,25.61,(17;16),forage,35,4,0
llama3.1,0.2,9,20,21.78,(18;16),move,33,4,0
llama3.1,0.2,9,21,17.92,(17;16),move,36,4,0
llama3.1,0.2,9,22,14.06,(17;15),move,36,4,0
llama3.1,0.2,9,23,10.23,(18;15),move,33,4,0
llama3.1,0.2,9,24,6.37,(18;16),move,36,4,0
llama3.1,0.2,9,25,3.07,(18;16),forage,30,4,0
llama3.1,0.2,9,26,-0.79,(19;16),move,36,4,0
llama3.1,0.2,10,1,96.1,(17;16),move,40,4,0
llama3.1,0.2,10,2,92.2,(18;16),move,40,4,0
llama3.1,0.2,10,3,88.24,(17;16),move,46,4,0
llama3.1,0.2,10,4,84.34,(18;16),move,40,4,0
llama3.1,0.2,10,5,80.41,(17;16),move,43,4,0
llama3.1,0.2,10,6,77.07,(17;16),forage,34,4,0
llama3.1,0.2,10,7,73.18,(17;15),move,39,4,0
llama3.1,0.2,10,8,69.29,(17;16),move,39,4,0
llama3.1,0.2,10,9,65.95,(17;16),forage,34,4,0
llama3.1,0.2,10,10,62.06,(18;16),move,39,4,0
llama3.1,0.2,10,11,58.09,(17;16),move,47,4,0
llama3.1,0.2,10,12,51.59,(17;16),write_sign,50,4,1
llama3.1,0.2,10,13,47.63,(17;15),move,46,4,0
llama3.1,0.2,10,14,43.74,(18;15),move,39,4,0
llama3.1,0.2,10,15,39.78,(18;16),move,46,4,0
llama3.1,0.2,10,16,35.82,(17;16),move,46,4,0
llama3.1,0.2,10,17,29.3,(17;16),write_sign,52,4,1
llama3.1,0.2,10,18,25.34,(17;17),move,46,4,0
llama3.1,0.2,10,19,21.38,(18;17),move,46,5,0
llama3.1,0.2,10,20,17.49,(19;17),move,39,5,0
llama3.1,0.2,10,21,13.53,(19;16),move,46,5,0
llama3.1,0.2,10,22,9.64,(18;16),move,39,4,0
llama3.1,0.2,10,23,5.75,(19;16),move,39,4,0
llama3.1,0.2,10,24,1.79,(19;15),move,46,4,0
llama3.1,0.2,10,24,-0.6,(19;15),rest,39,4,0
llama3.1,0.2,11,1,96.03,(17;16),move,47,4,0
llama3.1,0.2,11,2,92.12,(17;17),move,41,4,0
llama3.1,0.2,11,3,88.21,(17;16),move,41,5,0
llama3.1,0.2,11,4,84.3,(18;16),move,41,4,0
llama3.1,0.2,11,5,80.39,(17;16),move,41,4,0
llama3.1,0.2,11,6,76.47,(18;16),move,42,4,0
llama3.1,0.2,11,7,72.46,(17;16),move,51,4,0
llama3.1,0.2,11,8,69.09,(17;16),forage,37,4,0
llama3.1,0.2,11,9,65.16,(18;16),move,43,4,0
llama3.1,0.2,11,10,61.15,(17;16),move,51,4,0
llama3.1,0.2,11,11,54.58,(17;16),write_sign,57,4,1
llama3.1,0.2,11,12,50.65,(17;15),move,43,4,0
llama3.1,0.2,11,13,46.72,(18;15),move,43,4,0
llama3.1,0.2,11,14,42.79,(18;16),move,43,4,0
llama3.1,0.2,11,15,38.86,(17;16),move,43,4,0
llama3.1,0.2,11,16,34.93,(17;15),move,43,4,0
llama3.1,0.2,11,17,31.63,(17;15),forage,30,4,0
llama3.1,0.2,11,18,27.7,(18;15),move,43,4,0
llama3.1,0.2,11,19,21.2,(18;15),write_sign,50,4,1
llama3.1,0.2,11,20,17.27,(18;16),move,43,5,0
llama3.1,0.2,11,21,13.34,(19;16),move,43,5,0
llama3.1,0.2,11,22,9.41,(19;17),move,43,5,0
llama3.1,0.2,11,23,5.48,(20;17),move,43,6,0
llama3.1,0.2,11,24,-1.02,(20;17),write_sign,50,5,1
llama3.1,0.2,12,1,96.1,(17;16),move,40,5,0
llama3.1,0.2,12,2,92.74,(17;16),forage,36,6,0
llama3.1,0.2,12,3,88.87,(18;16),move,37,6,0
llama3.1,0.2,12,4,84.97,(19;16),move,40,6,0
llama3.1,0.2,12,5,81.07,(20;16),move,40,6,0
llama3.1,0.2,12,6,77.71,(20;16),forage,36,5,0
llama3.1,0.2,12,7,73.86,(20;17),move,35,5,0
llama3.1,0.2,12,8,67.37,(20;17),write_sign,49,6,1
llama3.1,0.2,12,9,63.52,(20;18),move,35,6,0
llama3.1,0.2,12,10,59.67,(20;17),move,35,6,0
llama3.1,0.2,12,11,56.38,(20;17),forage,29,6,0
llama3.1,0.2,12,12,52.51,(21;17),move,37,6,0
llama3.1,0.2,12,13,48.67,(21;17),move,34,3,0
llama3.1,0.2,12,14,44.82,(21;18),move,35,3,0
llama3.1,0.2,12,15,40.98,(21;18),move,34,3,0
llama3.1,0.2,12,16,37.05,(21;18),move,43,3,0
llama3.1,0.2,12,17,33.18,(21;17),move,37,3,0
llama3.1,0.2,12,18,29.33,(22;17),move,35,3,0
llama3.1,0.2,12,19,25.48,(22;17),move,35,2,0
llama3.1,0.2,12,20,21.61,(21;17),move,37,2,0
llama3.1,0.2,12,21,17.76,(21;16),move,35,3,0
llama3.1,0.2,12,22,13.91,(22;16),move,35,2,0
llama3.1,0.2,12,23,10.06,(22;17),move,35,1,0
llama3.1,0.2,12,24,6.2,(23;18),move,36,2,0
llama3.1,0.2,12,25,2.9,(23;18),forage,30,2,0
llama3.1,0.2,12,26,-0.95,(23;19),move,35,2,0
llama3.1,0.2,13,1,96.09,(17;16),move,41,5,0
llama3.1,0.2,13,2,92.2,(18;16),move,39,6,0
llama3.1,0.2,13,3,88.82,(18;16),forage,38,6,0
llama3.1,0.2,13,4,84.92,(17;16),move,40,6,0
llama3.1,0.2,13,5,81.03,(18;16),move,39,6,0
llama3.1,0.2,13,6,77.05,(18;15),move,48,6,0
llama3.1,0.2,13,7,73.16,(19;15),move,39,6,0
llama3.1,0.2,13,8,69.18,(19;16),move,48,6,0
llama3.1,0.2,13,9,65.2,(18;16),move,48,6,0
llama3.1,0.2,13,10,61.77,(18;16),forage,43,6,0
llama3.1,0.2,13,11,57.79,(17;16),move,48,6,0
llama3.1,0.2,13,12,54.5,(17;16),forage,29,6,0
llama3.1,0.2,13,13,50.57,(18;16),move,43,6,0
llama3.1,0.2,13,14,46.65,(19;16),move,42,6,0
llama3.1,0.2,13,15,42.73,(20;16),move,42,6,0
llama3.1,0.2,13,16,38.83,(20;17),move,40,5,0
llama3.1,0.2,13,17,32.31,(20;17),write_sign,52,6,1
llama3.1,0.2,13,18,28.37,(20;16),move,44,6,0
llama3.1,0.2,13,19,24.45,(21;16),move,42,5,0
llama3.1,0.2,13,20,20.57,(21;17),move,38,2,0
llama3.1,0.2,13,21,16.73,(22;17),move,34,3,0
llama3.1,0.2,13,22,12.89,(22;17),move,34,2,0
llama3.1,0.2,13,23,9.03,(21;17),move,36,2,0
llama3.1,0.2,13,24,2.53,(21;17),write_sign,50,3,1
llama3.1,0.2,13,25,-10.73,(21;17),attempt_vault,26,4,0
llama3.1,0.2,14,1,96.08,(17;16),move,42,5,0
llama3.1,0.2,14,2,92.17,(18;16),move,41,6,0
llama3.1,0.2,14,3,88.28,(18;15),move,39,7,0
llama3.1,0.2,14,4,84.41,(19;15),move,37,7,0
llama3.1,0.2,14,5,80.56,(19;14),move,35,7,0
llama3.1,0.2,14,6,76.73,(20;14),move,33,7,0
llama3.1,0.2,14,7,72.88,(20;15),move,35,6,0
llama3.1,0.2,14,8,69.03,(20;14),move,35,6,0
llama3.1,0.2,14,9,65.73,(20;14),forage,30,6,0
llama3.1,0.2,14,10,61.87,(21;14),move,36,6,0
llama3.1,0.2,14,11,57.99,(21;15),move,38,3,0
llama3.1,0.2,14,12,51.49,(21;15),write_sign,50,3,1
llama3.1,0.2,14,13,47.63,(21;14),move,36,4,0
llama3.1,0.2,14,14,43.77,(22;14),move,36,4,0
llama3.1,0.2,14,15,39.89,(21;14),move,38,3,0
llama3.1,0.2,14,16,36.01,(21;15),move,38,4,0
llama3.1,0.2,14,17,32.16,(21;14),move,35,4,0
llama3.1,0.2,14,18,28.31,(22;14),move,35,4,0
llama3.1,0.2,14,19,24.43,(22;15),move,38,3,0
llama3.1,0.2,14,20,20.55,(21;15),move,38,3,0
llama3.1,0.2,14,21,17.25,(21;15),forage,30,4,0
llama3.1,0.2,14,22,13.4,(21;14),move,35,4,0
llama3.1,0.2,14,23,9.52,(22;14),move,38,4,0
llama3.1,0.2,14,24,5.64,(21;14),move,38,3,0
llama3.1,0.2,14,25,1.76,(21;15),move,38,4,0
llama3.1,0.2,14,25,-0.74,(21;15),rest,50,4,0
llama3.1,0.2,15,1,96.11,(17;16),move,39,5,0
llama3.1,0.2,15,2,92.22,(18;16),move,39,6,0
llama3.1,0.2,15,3,88.32,(19;16),move,40,8,0
llama3.1,0.2,15,4,84.42,(20;16),move,40,8,0
llama3.1,0.2,15,5,80.52,(21;16),move,40,7,0
llama3.1,0.2,15,6,77.16,(21;16),forage,36,4,0
llama3.1,0.2,15,7,73.28,(22;17),move,38,4,0
llama3.1,0.2,15,8,69.4,(23;18),move,38,4,0
llama3.1,0.2,15,9,65.52,(24;19),move,38,4,0
llama3.1,0.2,15,10,80.19,(24;19),forage,25,1,0
llama3.1,0.2,15,11,76.31,(23;20),move,38,1,0
llama3.1,0.2,15,12,72.43,(23;21),move,38,3,0
llama3.1,0.2,15,13,65.93,(23;21),write_sign,50,1,1
llama3.1,0.2,15,14,78.5,(23;21),forage,25,1,0
llama3.1,0.2,15,15,74.63,(22;20),move,37,2,0
llama3.1,0.2,15,16,70.76,(22;20),move,37,4,0
llama3.1,0.2,15,17,66.89,(22;20),move,37,4,0
llama3.1,0.2,15,18,63.02,(22;20),move,37,4,0
llama3.1,0.2,15,19,59.15,(22;20),move,37,4,0
llama3.1,0.2,15,20,55.28,(22;20),move,37,4,0
llama3.1,0.2,15,21,51.41,(22;20),move,37,4,0
llama3.1,0.2,15,22,47.54,(22;20),move,37,4,0
llama3.1,0.2,15,23,43.67,(22;20),move,37,4,0
llama3.1,0.2,15,24,39.8,(22;20),move,37,4,0
llama3.1,0.2,15,25,35.93,(22;20),move,37,4,0
llama3.1,0.2,15,26,32.06,(22;20),move,37,4,0
llama3.1,0.2,15,27,28.19,(22;20),move,37,4,0
llama3.1,0.2,15,28,24.32,(22;20),move,37,4,0
llama3.1,0.2,15,29,20.45,(22;20),move,37,4,0
llama3.1,0.2,15,30,16.58,(22;20),move,37,4,0
llama3.1,0.2,15,31,12.71,(22;20),move,37,4,0
llama3.1,0.2,15,32,8.84,(22;20),move,37,4,0
llama3.1,0.2,15,33,4.97,(22;20),move,37,4,0
llama3.1,0.2,15,34,1.1,(22;20),move,37,4,0
llama3.1,0.2,15,34,-1.27,(22;20),rest,37,4,0
llama3.1,0.2,16,1,96.15,(17;16),move,35,5,0
llama3.1,0.2,16,2,92.33,(18;16),move,32,6,0
llama3.1,0.2,16,3,88.51,(19;16),move,32,8,0
llama3.1,0.2,16,4,84.69,(20;16),move,32,8,0
llama3.1,0.2,16,5,80.87,(21;16),move,32,7,0
llama3.1,0.2,16,6,67.61,(21;16),attempt_vault,26,4,0
llama3.1,0.2,16,7,63.77,(21;15),move,34,4,0
llama3.1,0.2,16,8,59.9,(21;16),move,37,4,0
llama3.1,0.2,16,9,56.03,(20;16),move,37,4,0
llama3.1,0.2,16,10,52.16,(21;16),move,37,7,0
llama3.1,0.2,16,11,45.66,(21;16),write_sign,50,4,1
llama3.1,0.2,16,12,41.79,(21;17),move,37,5,0
llama3.1,0.2,16,13,37.92,(21;16),move,37,6,0
llama3.1,0.2,16,14,24.62,(21;16),attempt_vault,30,5,0
llama3.1,0.2,16,15,20.75,(22;16),move,37,5,0
llama3.1,0.2,16,16,16.88,(21;16),move,37,4,0
llama3.1,0.2,16,17,3.58,(21;16),attempt_vault,30,5,0
llama3.1,0.2,16,18,0.27,(21;16),forage,31,5,0
llama3.1,0.2,16,18,-2.23,(21;16),rest,50,5,0
llama3.1,0.2,17,1,96.1,(17;16),move,40,5,0
llama3.1,0.2,17,2,92.2,(17;17),move,40,6,0
llama3.1,0.2,17,3,88.3,(18;17),move,40,7,0
llama3.1,0.2,17,4,84.4,(18;16),move,40,10,0
llama3.1,0.2,17,5,80.5,(19;16),move,40,9,0
llama3.1,0.2,17,6,76.6,(19;17),move,40,9,0
llama3.1,0.2,17,7,72.7,(20;17),move,40,10,0
llama3.1,0.2,17,8,66.2,(20;17),write_sign,50,9,1
llama3.1,0.2,17,9,62.3,(21;17),move,40,9,0
llama3.1,0.2,17,10,49.0,(21;17),attempt_vault,30,6,0
llama3.1,0.2,17,11,45.1,(20;17),move,40,6,0
llama3.1,0.2,17,12,41.81,(20;17),forage,29,9,0
llama3.1,0.2,17,13,37.91,(20;16),move,40,9,0
llama3.1,0.2,17,14,34.01,(21;16),move,40,8,0
llama3.1,0.2,17,15,30.11,(21;17),move,40,5,0
llama3.1,0.2,17,16,16.81,(21;17),attempt_vault,30,6,0
llama3.1,0.2,17,17,12.91,(20;17),move,40,6,0
llama3.1,0.2,17,18,9.01,(20;18),move,40,9,0
llama3.1,0.2,17,19,5.11,(21;18),move,40,10,0
llama3.1,0.2,17,20,1.21,(21;17),move,40,7,0
llama3.1,0.2,17,20,-1.19,(21;17),rest,40,6,0
llama3.1,0.2,18,1,95.96,(17;16),move,54,5,0
llama3.1,0.2,18,2,92.07,(18;16),move,39,6,0
llama3.1,0.2,18,3,88.19,(19;16),move,38,9,0
llama3.1,0.2,18,4,84.22,(19;15),move,47,9,0
llama3.1,0.2,18,5,80.36,(19;14),move,36,9,0
llama3.1,0.2,18,6,76.39,(18;14),move,47,9,0
llama3.1,0.2,18,7,72.53,(17;14),move,36,9,0
llama3.1,0.2,18,8,68.68,(17;15),move,35,6,0
llama3.1,0.2,18,9,64.83,(18;15),move,35,6,0
llama3.1,0.2,18,10,60.97,(19;15),move,36,9,0
llama3.1,0.2,18,11,57.12,(20;15),move,35,9,0
llama3.1,0.2,18,12,53.27,(20;16),move,35,8,0
llama3.1,0.2,18,13,49.97,(20;16),forage,30,8,0
llama3.1,0.2,18,14,46.12,(20;17),move,35,8,0
llama3.1,0.2,18,15,42.82,(20;17),forage,30,9,0
llama3.1,0.2,18,16,38.97,(20;18),move,35,9,0
llama3.1,0.2,18,17,35.12,(20;17),move,35,10,0
llama3.1,0.2,18,18,31.82,(20;17),forage,30,9,0
llama3.1,0.2,18,19,27.95,(21;17),move,37,9,0
llama3.1,0.2,18,20,24.1,(21;18),move,35,6,0
llama3.1,0.2,18,21,20.25,(20;18),move,35,7,0
llama3.1,0.2,18,22,16.4,(20;19),move,35,10,0
llama3.1,0.2,18,23,29.24,(20;19),forage,30,7,0
llama3.1,0.2,18,24,25.37,(20;18),move,37,7,0
llama3.1,0.2,18,25,21.53,(20;17),move,34,10,0
llama3.1,0.2,18,26,15.03,(20;17),write_sign,50,9,1
llama3.1,0.2,18,27,11.16,(21;17),move,37,9,0
llama3.1,0.2,18,28,7.32,(20;17),move,34,6,0
llama3.1,0.2,18,29,3.41,(20;16),move,41,9,0
llama3.1,0.2,18,30,-0.49,(21;16),move,40,8,0
llama3.1,0.2,19,1,95.97,(17;16),move,53,5,0
llama3.1,0.2,19,2,92.04,(18;16),move,43,6,0
llama3.1,0.2,19,3,88.02,(19;16),move,52,9,0
llama3.1,0.2,19,4,84.0,(20;16),move,52,9,0
llama3.1,0.2,19,5,79.98,(21;16),move,52,8,0
llama3.1,0.2,19,6,76.0,(20;16),move,48,5,0
llama3.1,0.2,19,7,71.98,(21;16),move,52,8,0
llama3.1,0.2,19,8,67.99,(20;16),move,49,5,0
llama3.1,0.2,19,9,64.03,(19;16),move,46,8,0
llama3.1,0.2,19,10,60.07,(18;16),move,46,9,0
llama3.1,0.2,19,11,56.08,(19;16),move,49,9,0
llama3.1,0.2,19,12,52.12,(18;16),move,46,9,0
llama3.1,0.2,19,13,48.09,(17;16),move,53,9,0
llama3.1,0.2,19,14,44.49,(17;16),rest,60,6,0
llama3.1,0.2,19,15,40.46,(17;15),move,53,6,0
llama3.1,0.2,19,16,36.43,(17;16),move,53,6,0
llama3.1,0.2,19,17,32.47,(17;17),move,46,6,0
llama3.1,0.2,19,18,28.43,(16;16),move,54,7,0
llama3.1,0.2,19,19,24.47,(17;16),move,46,5,0
llama3.1,0.2,19,20,20.51,(17;17),move,46,6,0
llama3.1,0.2,19,21,16.46,(16;16),move,55,7,0
llama3.1,0.2,19,22,13.1,(16;16),forage,36,5,0
llama3.1,0.2,19,23,9.14,(17;16),move,46,5,0
llama3.1,0.2,19,24,5.09,(16;15),move,55,6,0
llama3.1,0.2,19,25,1.73,(16;15),forage,36,5,0
llama3.1,0.2,19,25,-0.87,(16;15),rest,60,5,0
llama3.1,0.2,20,1,96.68,(16;16),forage,32,5,0
llama3.1,0.2,20,2,92.75,(15;15),move,43,5,0
llama3.1,0.2,20,3,89.42,(15;15),forage,33,5,0
llama3.1,0.2,20,4,85.54,(14;15),move,38,5,0
llama3.1,0.2,20,5,82.21,(14;15),forage,33,4,0
llama3.1,0.2,20,6,78.33,(13;14),move,38,4,0
llama3.1,0.2,20,7,75.0,(13;14),forage,33,1,0
llama3.1,0.2,20,8,71.12,(12;13),move,38,1,0
llama3.1,0.2,20,9,67.79,(12;13),forage,33,0,0
llama3.1,0.2,20,10,63.91,(11;13),move,38,0,0
llama3.1,0.2,20,11,81.62,(11;13),forage,27,0,0
llama3.1,0.2,20,12,77.74,(12;14),move,38,0,0
llama3.1,0.2,20,13,71.35,(12;14),write_sign,39,0,1
llama3.1,0.2,20,14,67.47,(13;13),move,38,1,0
llama3.1,0.2,20,15,54.18,(13;13),attempt_vault,29,2,0
llama3.1,0.2,20,16,50.3,(14;13),move,38,2,0
llama3.1,0.2,20,17,47.02,(14;13),forage,28,4,0
llama3.1,0.2,20,18,43.14,(15;13),move,38,4,0
llama3.1,0.2,20,19,55.95,(15;13),forage,29,5,0
llama3.1,0.2,20,20,49.51,(15;13),write_sign,44,5,1
llama3.1,0.2,20,21,45.63,(14;13),move,38,6,0
llama3.1,0.2,20,22,42.31,(14;13),forage,32,5,0
llama3.1,0.2,20,23,38.43,(13;13),move,38,5,0
llama3.1,0.2,20,24,35.11,(13;13),forage,32,3,0
llama3.1,0.2,20,25,31.23,(12;13),move,38,3,0
llama3.1,0.2,20,26,27.91,(12;13),forage,32,2,0
llama3.1,0.2,20,27,24.03,(11;13),move,38,2,0
llama3.1,0.2,20,28,20.71,(11;13),forage,32,1,0
llama3.1,0.2,20,29,16.84,(12;13),move,37,1,0
llama3.1,0.2,20,30,12.96,(13;13),move,38,2,0
llama3.1,0.2,20,31,9.64,(13;13),forage,32,3,0
llama3.1,0.2,20,32,5.76,(14;13),move,38,3,0
llama3.1,0.2,20,33,2.44,(14;13),forage,32,5,0
llama3.1,0.2,20,33,-0.08,(14;13),rest,52,5,0
llama3.1,0.2,21,1,96.66,(16;16),rest,34,6,0
llama3.1,0.2,21,2,92.77,(17;16),move,39,6,0
llama3.1,0.2,21,3,88.89,(18;16),move,38,7,0
llama3.1,0.2,21,4,84.98,(18;15),move,41,10,0
llama3.1,0.2,21,5,81.09,(19;15),move,39,10,0
llama3.1,0.2,21,6,77.18,(19;14),move,41,9,0
llama3.1,0.2,21,7,73.29,(20;14),move,39,9,0
llama3.1,0.2,21,8,69.95,(20;14),forage,34,8,0
llama3.1,0.2,21,9,66.1,(20;15),move,35,8,0
llama3.1,0.2,21,10,62.25,(21;15),move,35,8,0
llama3.1,0.2,21,11,55.82,(21;15),write_sign,43,5,1
llama3.1,0.2,21,12,51.97,(21;16),move,35,5,0
llama3.1,0.2,21,13,48.68,(21;16),forage,29,5,0
llama3.1,0.2,21,14,44.83,(21;15),move,35,5,0
llama3.1,0.2,21,15,41.54,(21;15),forage,29,5,0
llama3.1,0.2,21,16,37.69,(22;15),move,35,5,0
llama3.1,0.2,21,17,33.84,(22;14),move,35,4,0
llama3.1,0.2,21,18,29.99,(22;13),move,35,4,0
llama3.1,0.2,21,19,26.14,(22;14),move,35,2,0
llama3.1,0.2,21,20,22.29,(23;14),move,35,4,0
llama3.1,0.2,21,21,18.44,(23;13),move,35,4,0
llama3.1,0.2,21,22,14.59,(24;13),move,35,2,0
llama3.1,0.2,21,23,11.29,(24;13),forage,30,2,0
llama3.1,0.2,21,24,7.44,(24;12),move,35,2,0
llama3.1,0.2,21,25,3.59,(24;11),move,35,1,0
llama3.1,0.2,21,26,0.29,(24;11),forage,30,0,0
llama3.1,0.2,21,26,-2.06,(24;11),rest,35,0,0
llama3.1,0.2,22,1,95.97,(15;15),move,53,6,0
llama3.1,0.2,22,2,92.6,(15;15),forage,37,7,0
llama3.1,0.2,22,3,88.6,(14;14),move,50,7,0
llama3.1,0.2,22,4,85.23,(14;14),forage,37,6,0
llama3.1,0.2,22,5,81.3,(14;13),move,43,6,0
llama3.1,0.2,22,6,93.2,(14;13),forage,37,5,0
llama3.1,0.2,22,7,89.6,(14;13),rest,60,5,0
llama3.1,0.2,22,8,83.13,(14;13),write_sign,47,5,1
llama3.1,0.2,22,9,79.25,(15;13),move,38,6,0
llama3.1,0.2,22,10,75.88,(15;13),forage,37,7,0
llama3.1,0.2,22,11,71.99,(15;14),move,39,7,0
llama3.1,0.2,22,12,68.13,(16;14),move,36,8,0
llama3.1,0.2,22,13,64.27,(16;15),move,36,7,0
llama3.1,0.2,22,14,60.41,(17;15),move,36,7,0
llama3.1,0.2,22,15,56.58,(18;15),move,33,8,0
llama3.1,0.2,22,16,52.72,(19;15),move,36,10,0
llama3.1,0.2,22,17,48.89,(20;15),move,33,9,0
llama3.1,0.2,22,18,45.03,(21;15),move,36,8,0
llama3.1,0.2,22,19,41.17,(21;16),move,36,5,0
llama3.1,0.2,22,20,34.67,(21;16),write_sign,50,5,1
llama3.1,0.2,22,21,30.81,(21;15),move,36,5,0
llama3.1,0.2,22,22,26.95,(22;15),move,36,5,0
llama3.1,0.2,22,23,23.09,(21;15),move,36,4,0
llama3.1,0.2,22,24,19.23,(21;14),move,36,5,0
llama3.1,0.2,22,25,15.37,(21;15),move,36,5,0
llama3.1,0.2,22,26,11.55,(22;15),move,32,5,0
llama3.1,0.2,22,27,8.26,(22;15),forage,29,4,0
llama3.1,0.2,22,28,4.4,(21;15),move,36,4,0
llama3.1,0.2,22,29,0.54,(21;16),move,36,5,0
llama3.1,0.2,22,29,-1.96,(21;16),rest,50,5,0
llama3.1,0.2,23,1,95.9,(17;16),move,60,6,0
llama3.1,0.2,23,2,92.59,(17;16),forage,31,7,0
llama3.1,0.2,23,3,88.71,(16;16),move,38,7,0
llama3.1,0.2,23,4,84.83,(16;17),move,38,6,0
llama3.1,0.2,23,5,81.57,(16;17),forage,26,4,0
llama3.1,0.2,23,6,77.69,(16;16),move,38,4,0
llama3.1,0.2,23,7,73.88,(17;16),move,31,6,0
llama3.1,0.2,23,8,70.62,(17;16),forage,26,7,0
llama3.1,0.2,23,9,66.74,(16;15),move,38,7,0
llama3.1,0.2,23,10,62.86,(15;15),move,38,6,0
llama3.1,0.2,23,11,59.6,(15;15),forage,26,7,0
llama3.1,0.2,23,12,55.72,(14;15),move,38,7,0
llama3.1,0.2,23,13,52.46,(14;15),forage,26,6,0
llama3.1,0.2,23,14,48.58,(13;15),move,38,6,0
llama3.1,0.2,23,15,60.73,(13;15),forage,26,4,0
llama3.1,0.2,23,16,56.85,(12;15),move,38,4,0
llama3.1,0.2,23,17,53.04,(12;16),move,31,3,0
llama3.1,0.2,23,18,49.16,(12;15),move,38,3,0
llama3.1,0.2,23,19,66.38,(12;15),forage,26,3,0
llama3.1,0.2,23,20,62.56,(13;15),move,32,3,0
llama3.1,0.2,23,21,56.15,(13;15),write_sign,41,4,1
llama3.1,0.2,23,22,42.89,(13;15),attempt_vault,26,5,0
llama3.1,0.2,23,23,39.06,(13;14),move,33,5,0
llama3.1,0.2,23,24,35.81,(13;14),forage,25,5,0
llama3.1,0.2,23,25,32.0,(12;14),move,31,5,0
llama3.1,0.2,23,26,28.75,(12;14),forage,25,4,0
llama3.1,0.2,23,27,24.94,(11;14),move,31,4,0
llama3.1,0.2,23,28,21.69,(11;14),forage,25,3,0
llama3.1,0.2,23,29,17.88,(10;14),move,31,3,0
llama3.1,0.2,23,30,14.63,(10;14),forage,25,2,0
llama3.1,0.2,23,31,8.17,(10;14),write_sign,46,2,1
llama3.1,0.2,23,32,4.27,(11;14),move,40,3,0
llama3.1,0.2,23,33,-8.99,(11;14),attempt_vault,26,4,0
llama3.1,0.2,24,1,96.13,(17;16),move,37,7,0
llama3.1,0.2,24,2,92.83,(17;16),forage,30,7,0
llama3.1,0.2,24,3,88.94,(17;15),move,39,7,0
llama3.1,0.2,24,4,100.0,(17;15),forage,30,7,0
llama3.1,0.2,24,5,96.11,(18;15),move,39,8,0
llama3.1,0.2,24,6,92.22,(19;15),move,39,10,0
llama3.1,0.2,24,7,88.33,(20;15),move,39,9,0
llama3.1,0.2,24,8,84.44,(21;15),move,39,8,0
llama3.1,0.2,24,9,80.55,(21;16),move,39,5,0
llama3.1,0.2,24,10,76.66,(21;17),move,39,5,0
llama3.1,0.2,24,11,72.77,(21;16),move,39,6,0
llama3.1,0.2,24,12,68.88,(22;16),move,39,5,0
llama3.1,0.2,24,13,64.99,(23;16),move,39,4,0
llama3.1,0.2,24,14,61.1,(24;16),move,39,4,0
llama3.1,0.2,24,15,57.19,(24;17),move,41,3,0
llama3.1,0.2,24,16,53.31,(23;17),move,38,3,0
llama3.1,0.2,24,17,49.4,(23;18),move,41,5,0
llama3.1,0.2,24,18,45.49,(23;17),move,41,6,0
llama3.1,0.2,24,19,38.97,(23;17),write_sign,52,5,1
llama3.1,0.2,24,20,35.08,(24;17),move,39,6,0
llama3.1,0.2,24,21,31.19,(24;16),move,39,4,0
llama3.1,0.2,24,22,27.3,(25;16),move,39,4,0
llama3.1,0.2,24,23,23.41,(25;17),move,39,1,0
llama3.1,0.2,24,24,19.52,(24;17),move,39,1,0
llama3.1,0.2,24,25,13.02,(24;17),write_sign,50,4,1
llama3.1,0.2,24,26,9.13,(24;16),move,39,5,0
llama3.1,0.2,24,27,5.24,(25;16),move,39,5,0
llama3.1,0.2,24,28,1.36,(25;17),move,38,2,0
llama3.1,0.2,24,28,-0.94,(25;17),rest,30,2,0
llama3.1,0.2,25,1,96.12,(17;16),move,38,8,0
llama3.1,0.2,25,2,92.24,(18;16),move,38,8,0
llama3.1,0.2,25,3,88.36,(19;16),move,38,10,0
llama3.1,0.2,25,4,84.31,(20;16),move,55,9,0
llama3.1,0.2,25,5,80.27,(21;16),move,54,9,0
llama3.1,0.2,25,6,76.81,(21;16),forage,46,7,0
llama3.1,0.2,25,7,72.89,(21;15),move,42,7,0
llama3.1,0.2,25,8,68.97,(22;15),move,42,7,0
llama3.1,0.2,25,9,65.05,(23;15),move,42,6,0
llama3.1,0.2,25,10,61.13,(24;15),move,42,6,0
llama3.1,0.2,25,11,57.81,(24;15),forage,32,5,0
llama3.1,0.2,25,12,53.89,(24;16),move,42,5,0
llama3.1,0.2,25,13,49.97,(24;15),move,42,5,0
llama3.1,0.2,25,14,43.47,(24;15),write_sign,50,5,1
llama3.1,0.2,25,15,39.55,(25;15),move,42,6,0
llama3.1,0.2,25,16,35.63,(25;14),move,42,3,0
llama3.1,0.2,25,17,31.8,(25;13),move,33,3,0
llama3.1,0.2,25,18,28.5,(25;13),forage,30,1,0
llama3.1,0.2,25,19,24.67,(25;12),move,33,1,0
llama3.1,0.2,25,20,20.84,(25;11),move,33,1,0
llama3.1,0.2,25,21,17.01,(26;11),move,33,0,0
llama3.1,0.2,25,22,13.18,(27;11),move,33,0,0
llama3.1,0.2,25,23,29.8,(27;11),forage,30,0,0
llama3.1,0.2,25,24,25.97,(28;11),move,33,0,0
llama3.1,0.2,25,25,19.51,(28;11),write_sign,46,0,1
llama3.1,0.2,25,26,15.62,(29;11),move,39,0,0
llama3.1,0.2,25,27,12.32,(29;11),forage,30,0,0
llama3.1,0.2,25,28,8.49,(30;11),move,33,0,0
llama3.1,0.2,25,29,5.19,(30;11),forage,30,0,0
llama3.1,0.2,25,30,1.36,(31;11),move,33,0,0
llama3.1,0.2,25,30,-0.94,(31;11),rest,30,0,0
llama3.1,0.2,26,1,96.13,(17;16),move,37,8,0
llama3.1,0.2,26,2,92.84,(17;16),forage,29,8,0
llama3.1,0.2,26,3,88.97,(18;16),move,37,8,0
llama3.1,0.2,26,4,85.1,(19;16),move,37,10,0
llama3.1,0.2,26,5,81.23,(20;16),move,37,9,0
llama3.1,0.2,26,6,77.36,(21;16),move,37,9,0
llama3.1,0.2,26,7,73.48,(22;16),move,38,8,0
llama3.1,0.2,26,8,70.19,(22;16),forage,29,7,0
llama3.1,0.2,26,9,66.32,(21;16),move,37,7,0
llama3.1,0.2,26,10,59.82,(21;16),write_sign,50,8,1
llama3.1,0.2,26,11,55.94,(21;15),move,38,8,0
llama3.1,0.2,26,12,52.06,(22;15),move,38,8,0
llama3.1,0.2,26,13,48.21,(22;14),move,35,7,0
llama3.1,0.2,26,14,44.36,(23;14),move,35,7,0
llama3.1,0.2,26,15,40.51,(23;15),move,35,7,0
llama3.1,0.2,26,16,36.63,(24;15),move,38,7,0
llama3.1,0.2,26,17,30.13,(24;15),write_sign,50,6,1
llama3.1,0.2,26,18,26.29,(24;14),move,34,6,0
llama3.1,0.2,26,19,22.45,(25;14),move,34,6,0
llama3.1,0.2,26,20,19.15,(25;14),forage,30,3,0
llama3.1,0.2,26,21,15.32,(26;13),move,33,3,0
llama3.1,0.2,26,22,12.02,(26;13),forage,30,1,0
llama3.1,0.2,26,23,8.2,(26;12),move,32,1,0
llama3.1,0.2,26,24,4.37,(27;11),move,33,1,0
llama3.1,0.2,26,25,1.07,(27;11),forage,30,0,0
llama3.1,0.2,26,25,-1.25,(27;11),rest,32,0,0
llama3.1,0.2,27,1,96.08,(17;16),move,42,8,0
llama3.1,0.2,27,2,92.2,(18;16),move,38,8,0
llama3.1,0.2,27,3,88.32,(19;16),move,38,10,0
llama3.1,0.2,27,4,84.44,(20;16),move,38,9,0
llama3.1,0.2,27,5,80.46,(21;16),move,48,9,0
llama3.1,0.2,27,6,76.48,(22;16),move,48,8,0
llama3.1,0.2,27,7,72.5,(23;16),move,48,7,0
llama3.1,0.2,27,8,69.16,(23;16),forage,34,7,0
llama3.1,0.2,27,9,65.18,(22;16),move,48,7,0
llama3.1,0.2,27,10,61.2,(21;16),move,48,7,0
llama3.1,0.2,27,11,47.9,(21;16),attempt_vault,30,8,0
llama3.1,0.2,27,12,43.92,(21;17),move,48,8,0
llama3.1,0.2,27,13,39.94,(22;17),move,48,9,0
llama3.1,0.2,27,14,35.96,(22;16),move,48,8,0
llama3.1,0.2,27,15,31.98,(21;16),move,48,7,0
llama3.1,0.2,27,16,28.0,(21;17),move,48,8,0
llama3.1,0.2,27,17,24.02,(22;17),move,48,9,0
llama3.1,0.2,27,18,20.04,(22;16),move,48,8,0
llama3.1,0.2,27,19,16.06,(21;16),move,48,7,0
llama3.1,0.2,27,20,12.08,(21;15),move,48,8,0
llama3.1,0.2,27,21,8.1,(22;15),move,48,8,0
llama3.1,0.2,27,22,4.12,(21;15),move,48,7,0
llama3.1,0.2,27,23,0.14,(21;14),move,48,8,0
llama3.1,0.2,27,23,-2.17,(21;14),rest,31,8,0
llama3.1,0.2,28,1,96.11,(17;16),move,39,8,0
llama3.1,0.2,28,2,92.22,(18;16),move,39,8,0
llama3.1,0.2,28,3,88.33,(19;16),move,39,10,0
llama3.1,0.2,28,4,84.45,(20;16),move,38,9,0
llama3.1,0.2,28,5,80.57,(21;16),move,38,9,0
llama3.1,0.2,28,6,76.69,(22;16),move,38,8,0
llama3.1,0.2,28,7,72.81,(23;16),move,38,7,0
llama3.1,0.2,28,8,68.93,(24;16),move,38,7,0
llama3.1,0.2,28,9,65.61,(24;16),forage,32,6,0
llama3.1,0.2,28,10,61.76,(24;15),move,35,6,0
llama3.1,0.2,28,11,55.24,(24;15),write_sign,52,6,1
llama3.1,0.2,28,12,51.39,(25;15),move,35,6,0
llama3.1,0.2,28,13,47.54,(25;14),move,35,3,0
llama3.1,0.2,28,14,44.24,(25;14),forage,30,3,0
llama3.1,0.2,28,15,40.41,(26;13),move,33,3,0
llama3.1,0.2,28,16,37.11,(26;13),forage,30,1,0
llama3.1,0.2,28,17,33.28,(27;12),move,33,1,0
llama3.1,0.2,28,18,29.45,(28;12),move,33,1,0
llama3.1,0.2,28,19,26.15,(28;12),forage,30,0,0
llama3.1,0.2,28,20,22.32,(28;11),move,33,0,0
llama3.1,0.2,28,21,39.63,(28;11),forage,30,0,0
llama3.1,0.2,28,22,35.77,(29;11),move,36,1,0
llama3.1,0.2,28,23,31.93,(30;11),move,34,1,0
llama3.1,0.2,28,24,28.09,(31;11),move,34,1,0
llama3.1,0.2,28,25,47.72,(31;11),forage,30,1,0
llama3.1,0.2,28,26,43.84,(30;11),move,38,1,0
llama3.1,0.2,28,27,40.01,(29;11),move,33,1,0
llama3.1,0.2,28,28,36.11,(29;12),move,40,1,0
llama3.1,0.2,28,29,32.25,(29;12),move,36,1,0
llama3.1,0.2,28,30,28.42,(29;13),move,33,1,0
llama3.1,0.2,28,31,24.56,(30;13),move,36,1,0
llama3.1,0.2,28,32,20.71,(29;13),move,35,1,0
llama3.1,0.2,28,33,16.86,(30;13),move,35,1,0
llama3.1,0.2,28,34,12.96,(31;13),move,40,1,0
llama3.1,0.2,28,35,9.06,(31;13),move,40,1,0
llama3.1,0.2,28,36,5.18,(31;14),move,38,1,0
llama3.1,0.2,28,37,1.28,(31;14),move,40,1,0
llama3.1,0.2,28,37,-0.95,(31;14),rest,23,1,0
llama3.1,0.2,29,1,96.1,(17;16),move,40,8,0
llama3.1,0.2,29,2,92.23,(18;16),move,37,8,0
llama3.1,0.2,29,3,88.36,(19;16),move,37,10,0
llama3.1,0.2,29,4,84.49,(20;16),move,37,9,0
llama3.1,0.2,29,5,80.62,(21;16),move,37,9,0
llama3.1,0.2,29,6,76.75,(22;16),move,37,8,0
llama3.1,0.2,29,7,72.88,(23;16),move,37,7,0
llama3.1,0.2,29,8,69.58,(23;16),forage,30,7,0
llama3.1,0.2,29,9,65.73,(22;16),move,35,7,0
llama3.1,0.2,29,10,61.88,(23;16),move,35,7,0
llama3.1,0.2,29,11,55.38,(23;16),write_sign,50,7,1
llama3.1,0.2,29,12,51.53,(23;15),move,35,8,0
llama3.1,0.2,29,13,47.68,(24;15),move,35,8,0
llama3.1,0.2,29,14,34.38,(24;15),attempt_vault,30,7,0
llama3.1,0.2,29,15,30.53,(24;16),move,35,7,0
llama3.1,0.2,29,16,26.68,(24;15),move,35,7,0
llama3.1,0.2,29,17,23.38,(24;15),forage,30,7,0
llama3.1,0.2,29,18,16.9,(24;15),write_sign,48,7,1
llama3.1,0.2,29,19,13.03,(25;15),move,37,7,0
llama3.1,0.2,29,20,9.16,(25;14),move,37,4,0
llama3.1,0.2,29,21,5.26,(26;14),move,40,5,0
llama3.1,0.2,29,22,1.33,(27;14),move,43,5,0
llama3.1,0.2,29,22,-1.04,(27;14),rest,37,3,0
llama3.1,0.2,30,1,96.1,(17;16),move,40,8,0
llama3.1,0.2,30,2,92.22,(18;16),move,38,8,0
llama3.1,0.2,30,3,88.38,(19;16),move,34,10,0
llama3.1,0.2,30,4,84.54,(20;16),move,34,9,0
llama3.1,0.2,30,5,80.71,(21;16),move,33,10,0
llama3.1,0.2,30,6,76.88,(22;16),move,33,9,0
llama3.1,0.2,30,7,73.05,(23;16),move,33,8,0
llama3.1,0.2,30,8,69.8,(23;16),forage,25,8,0
llama3.1,0.2,30,9,65.97,(23;15),move,33,8,0
llama3.1,0.2,30,10,62.14,(24;15),move,33,8,0
llama3.1,0.2,30,11,58.31,(24;16),move,33,7,0
llama3.1,0.2,30,12,54.48,(24;17),move,33,7,0
llama3.1,0.2,30,13,51.21,(24;17),forage,27,7,0
llama3.1,0.2,30,14,47.37,(24;16),move,34,7,0
llama3.1,0.2,30,15,43.53,(25;16),move,34,7,0
llama3.1,0.2,30,16,39.69,(25;15),move,34,4,0
llama3.1,0.2,30,17,35.85,(25;16),move,34,4,0
llama3.1,0.2,30,18,32.01,(26;16),move,34,4,0
llama3.1,0.2,30,19,28.17,(26;15),move,34,4,0
llama3.1,0.2,30,20,24.89,(26;15),forage,28,4,0
llama3.1,0.2,30,21,21.05,(27;15),move,34,4,0
llama3.1,0.2,30,22,17.19,(26;15),move,36,2,0
llama3.1,0.2,30,23,13.34,(26;14),move,35,4,0
llama3.1,0.2,30,24,9.46,(27;14),move,38,5,0
llama3.1,0.2,30,25,5.62,(28;14),move,34,3,0
llama3.1,0.2,30,26,2.3,(28;14),forage,32,1,0
llama3.1,0.2,30,26,-0.14,(28;14),rest,44,1,0
llama3.1,0.2,31,1,96.66,(16;16),forage,34,7,0
llama3.1,0.2,31,2,92.78,(17;16),move,38,7,0
llama3.1,0.2,31,3,89.45,(17;16),forage,33,6,0
llama3.1,0.2,31,4,85.58,(17;17),move,37,6,0
llama3.1,0.2,31,5,99.24,(17;17),forage,34,6,0
llama3.1,0.2,31,6,92.77,(17;17),write_sign,47,7,1
llama3.1,0.2,31,7,88.94,(18;17),move,33,7,0
llama3.1,0.2,31,8,85.11,(19;17),move,33,10,0
llama3.1,0.2,31,9,81.28,(20;17),move,33,10,0
llama3.1,0.2,31,10,68.02,(20;17),attempt_vault,26,11,0
llama3.1,0.2,31,11,64.19,(21;17),move,33,11,0
llama3.1,0.2,31,12,60.94,(21;17),forage,25,10,0
llama3.1,0.2,31,13,57.11,(21;16),move,33,10,0
llama3.1,0.2,31,14,53.28,(22;16),move,33,9,0
llama3.1,0.2,31,15,49.45,(22;15),move,33,8,0
llama3.1,0.2,31,16,45.62,(23;15),move,33,8,0
llama3.1,0.2,31,17,42.35,(23;15),forage,27,8,0
llama3.1,0.2,31,18,38.52,(23;16),move,33,8,0
llama3.1,0.2,31,19,35.25,(23;16),forage,27,8,0
llama3.1,0.2,31,20,31.42,(23;15),move,33,8,0
llama3.1,0.2,31,21,27.59,(24;15),move,33,8,0
llama3.1,0.2,31,22,21.11,(24;15),write_sign,48,7,1
llama3.1,0.2,31,23,17.25,(24;16),move,36,7,0
llama3.1,0.2,31,24,13.39,(24;17),move,36,7,0
llama3.1,0.2,31,25,0.09,(24;17),attempt_vault,30,7,0
llama3.1,0.2,31,25,-2.14,(24;17),rest,23,7,0
llama3.1,0.2,32,1,96.08,(17;16),move,42,7,0
llama3.1,0.2,32,2,92.15,(18;16),move,43,7,0
llama3.1,0.2,32,3,88.24,(19;16),move,41,10,0
llama3.1,0.2,32,4,84.34,(20;16),move,40,9,0
llama3.1,0.2,32,5,81.01,(20;16),forage,33,10,0
llama3.1,0.2,32,6,77.16,(21;16),move,35,10,0
llama3.1,0.2,32,7,73.88,(21;16),forage,28,9,0
llama3.1,0.2,32,8,70.03,(22;16),move,35,9,0
llama3.1,0.2,32,9,66.75,(22;16),forage,28,8,0
llama3.1,0.2,32,10,62.9,(21;16),move,35,8,0
llama3.1,0.2,32,11,56.38,(21;16),write_sign,52,9,1
llama3.1,0.2,32,12,52.53,(22;16),move,35,9,0
llama3.1,0.2,32,13,49.23,(22;16),forage,30,8,0
llama3.1,0.2,32,14,45.38,(22;15),move,35,8,0
llama3.1,0.2,32,15,41.53,(22;14),move,35,8,0
llama3.1,0.2,32,16,37.68,(23;14),move,35,8,0
llama3.1,0.2,32,17,33.83,(23;15),move,35,8,0
llama3.1,0.2,32,18,29.98,(23;14),move,35,8,0
llama3.1,0.2,32,19,26.13,(24;14),move,35,8,0
llama3.1,0.2,32,20,22.28,(24;15),move,35,7,0
llama3.1,0.2,32,21,15.76,(24;15),write_sign,52,7,1
llama3.1,0.2,32,22,11.91,(24;14),move,35,7,0
llama3.1,0.2,32,23,8.06,(25;14),move,35,7,0
llama3.1,0.2,32,24,4.18,(26;14),move,38,5,0
llama3.1,0.2,32,25,0.33,(26;15),move,35,5,0
llama3.1,0.2,32,25,-2.01,(26;15),rest,34,4,0
llama3.1,0.2,33,1,96.02,(17;16),move,48,7,0
llama3.1,0.2,33,2,92.03,(17;17),move,49,7,0
llama3.1,0.2,33,3,88.11,(18;17),move,42,7,0
llama3.1,0.2,33,4,84.09,(18;16),move,52,10,0
llama3.1,0.2,33,5,80.11,(19;16),move,48,10,0
llama3.1,0.2,33,6,76.13,(20;16),move,48,9,0
llama3.1,0.2,33,7,72.11,(20;17),move,52,10,0
llama3.1,0.2,33,8,68.15,(21;17),move,46,11,0
llama3.1,0.2,33,9,64.64,(21;17),forage,51,10,0
llama3.1,0.2,33,10,60.7,(22;17),move,44,10,0
llama3.1,0.2,33,11,56.76,(22;17),move,44,9,0
llama3.1,0.2,33,12,52.82,(22;16),move,44,9,0
llama3.1,0.2,33,13,48.88,(23;16),move,44,8,0
llama3.1,0.2,33,14,44.94,(23;17),move,44,8,0
llama3.1,0.2,33,15,41.0,(24;17),move,44,9,0
llama3.1,0.2,33,16,37.68,(24;17),forage,32,7,0
llama3.1,0.2,33,17,33.74,(24;16),move,44,7,0
llama3.1,0.2,33,18,29.8,(23;16),move,44,7,0
llama3.1,0.2,33,19,25.86,(23;17),move,44,8,0
llama3.1,0.2,33,20,21.92,(24;17),move,44,9,0
llama3.1,0.2,33,21,18.32,(24;17),rest,60,7,0
llama3.1,0.2,33,22,14.34,(24;16),move,48,7,0
llama3.1,0.2,33,23,10.36,(23;16),move,48,7,0
llama3.1,0.2,33,24,6.38,(24;16),move,48,8,0
llama3.1,0.2,33,25,2.4,(24;17),move,48,7,0
llama3.1,0.2,33,25,-0.06,(24;17),rest,46,7,0
llama3.1,0.2,34,1,96.03,(17;15),move,47,7,0
llama3.1,0.2,34,2,92.06,(18;14),move,47,7,0
llama3.1,0.2,34,3,88.09,(19;14),move,47,10,0
llama3.1,0.2,34,4,84.12,(20;14),move,47,9,0
llama3.1,0.2,34,5,80.15,(21;14),move,47,10,0
llama3.1,0.2,34,6,76.18,(22;14),move,47,9,0
llama3.1,0.2,34,7,72.21,(23;14),move,47,8,0
llama3.1,0.2,34,8,68.24,(24;14),move,47,8,0
llama3.1,0.2,34,9,64.27,(24;15),move,47,7,0
llama3.1,0.2,34,10,60.3,(24;14),move,47,7,0
llama3.1,0.2,34,11,56.33,(24;13),move,47,7,0
llama3.1,0.2,34,12,52.36,(25;13),move,47,4,0
llama3.1,0.2,34,13,48.47,(26;13),move,39,3,0
llama3.1,0.2,34,14,44.5,(26;12),move,47,3,0
llama3.1,0.2,34,15,40.59,(25;12),move,41,2,0
llama3.1,0.2,34,16,36.62,(25;11),move,47,2,0
llama3.1,0.2,34,17,33.24,(25;11),forage,38,1,0
llama3.1,0.2,34,18,29.39,(26;11),move,35,1,0
llama3.1,0.2,34,19,26.01,(26;11),forage,38,1,0
llama3.1,0.2,34,20,22.16,(26;10),move,35,1,0
llama3.1,0.2,34,21,18.32,(27;9),move,34,1,0
llama3.1,0.2,34,22,4.99,(27;9),attempt_vault,33,1,0
llama3.1,0.2,34,23,1.15,(26;8),move,34,1,0
llama3.1,0.2,34,23,-1.18,(26;8),rest,33,1,0
llama3.1,0.2,35,1,96.04,(17;16),move,46,7,0
llama3.1,0.2,35,2,92.17,(18;16),move,37,7,0
llama3.1,0.2,35,3,88.3,(19;16),move,37,10,0
llama3.1,0.2,35,4,84.43,(20;16),move,37,9,0
llama3.1,0.2,35,5,80.56,(21;16),move,37,10,0
llama3.1,0.2,35,6,76.69,(22;16),move,37,9,0
llama3.1,0.2,35,7,72.82,(23;16),move,37,8,0
llama3.1,0.2,35,8,66.33,(23;16),write_sign,49,8,1
llama3.1,0.2,35,9,62.49,(23;15),move,34,8,0
llama3.1,0.2,35,10,58.62,(24;15),move,37,8,0
llama3.1,0.2,35,11,55.36,(24;15),forage,26,7,0
llama3.1,0.2,35,12,51.52,(24;16),move,34,7,0
llama3.1,0.2,35,13,47.65,(24;17),move,37,7,0
llama3.1,0.2,35,14,41.15,(24;17),write_sign,50,7,1
llama3.1,0.2,35,15,37.31,(24;16),move,34,7,0
llama3.1,0.2,35,16,33.47,(25;16),move,34,7,0
llama3.1,0.2,35,17,29.63,(24;16),move,34,4,0
llama3.1,0.2,35,18,25.79,(24;15),move,34,7,0
llama3.1,0.2,35,19,21.95,(25;15),move,34,7,0
llama3.1,0.2,35,20,8.65,(25;15),attempt_vault,30,4,0
llama3.1,0.2,35,21,4.81,(25;14),move,34,4,0
llama3.1,0.2,35,22,0.92,(26;14),move,39,5,0
llama3.1,0.2,35,22,-1.31,(26;14),rest,23,5,0
llama3.1,0.2,36,1,96.08,(17;16),move,42,7,0
llama3.1,0.2,36,2,92.23,(18;16),move,35,7,0
llama3.1,0.2,36,3,88.3,(19;17),move,43,10,0
llama3.1,0.2,36,4,84.37,(20;17),move,43,10,0
llama3.1,0.2,36,5,81.08,(20;17),forage,29,11,0
llama3.1,0.2,36,6,77.15,(21;17),move,43,11,0
llama3.1,0.2,36,7,73.22,(22;17),move,43,10,0
llama3.1,0.2,36,8,69.29,(23;17),move,43,9,0
llama3.1,0.2,36,9,65.36,(24;17),move,43,9,0
llama3.1,0.2,36,10,52.06,(24;17),attempt_vault,30,7,0
llama3.1,0.2,36,11,48.13,(23;17),move,43,7,0
llama3.1,0.2,36,12,44.2,(24;17),move,43,9,0
llama3.1,0.2,36,13,40.91,(24;17),forage,29,7,0
llama3.1,0.2,36,14,34.38,(24;17),write_sign,53,7,1
llama3.1,0.2,36,15,30.45,(23;17),move,43,7,0
llama3.1,0.2,36,16,26.53,(24;17),move,42,9,0
llama3.1,0.2,36,17,22.6,(23;17),move,43,7,0
llama3.1,0.2,36,18,18.68,(24;17),move,42,9,0
llama3.1,0.2,36,19,14.75,(23;17),move,43,7,0
llama3.1,0.2,36,20,11.46,(23;17),forage,29,9,0
llama3.1,0.2,36,21,7.53,(22;17),move,43,9,0
llama3.1,0.2,36,22,3.6,(21;17),move,43,9,0
llama3.1,0.2,36,23,0.31,(21;17),forage,29,10,0
llama3.1,0.2,36,23,-1.95,(21;17),rest,26,10,0
llama3.1,0.2,37,1,96.08,(17;16),move,42,7,0
llama3.1,0.2,37,2,92.15,(18;16),move,43,7,0
llama3.1,0.2,37,3,88.22,(19;16),move,43,10,0
llama3.1,0.2,37,4,84.33,(20;16),move,39,9,0
llama3.1,0.2,37,5,80.45,(20;15),move,38,10,0
llama3.1,0.2,37,6,76.56,(21;15),move,39,10,0
llama3.1,0.2,37,7,72.64,(21;14),move,42,9,0
llama3.1,0.2,37,8,68.75,(22;14),move,39,9,0
llama3.1,0.2,37,9,64.84,(22;13),move,41,8,0
llama3.1,0.2,37,10,60.93,(22;12),move,41,4,0
llama3.1,0.2,37,11,57.04,(23;12),move,39,2,0
llama3.1,0.2,37,12,53.11,(23;12),move,43,2,0
llama3.1,0.2,37,13,49.19,(24;12),move,42,2,0
llama3.1,0.2,37,14,45.26,(24;11),move,43,2,0
llama3.1,0.2,37,15,38.68,(24;11),write_sign,58,0,1
llama3.1,0.2,37,16,34.81,(25;11),move,37,1,0
llama3.1,0.2,37,17,31.45,(25;11),forage,36,2,0
llama3.1,0.2,37,18,27.61,(26;10),move,34,2,0
llama3.1,0.2,37,19,24.3,(26;10),forage,31,2,0
llama3.1,0.2,37,20,20.47,(26;9),move,33,2,0
llama3.1,0.2,37,21,7.21,(26;9),attempt_vault,26,2,0
llama3.1,0.2,37,22,3.38,(26;8),move,33,2,0
llama3.1,0.2,37,23,-0.45,(26;7),move,33,2,0
llama3.1,0.2,38,1,95.94,(17;16),move,56,7,0
llama3.1,0.2,38,2,91.89,(18;16),move,55,7,0
llama3.1,0.2,38,3,88.55,(18;16),forage,34,10,0
llama3.1,0.2,38,4,84.69,(19;16),move,36,10,0
llama3.1,0.2,38,5,81.35,(19;16),forage,34,9,0
llama3.1,0.2,38,6,77.33,(20;16),move,52,9,0
llama3.1,0.2,38,7,73.92,(20;16),forage,41,10,0
llama3.1,0.2,38,8,69.9,(21;16),move,52,10,0
llama3.1,0.2,38,9,66.49,(21;16),forage,41,9,0
llama3.1,0.2,38,10,62.47,(22;16),move,52,9,0
llama3.1,0.2,38,11,58.44,(23;17),move,53,8,0
llama3.1,0.2,38,12,55.11,(23;17),forage,33,9,0
llama3.1,0.2,38,13,51.09,(23;18),move,52,9,0
llama3.1,0.2,38,14,47.62,(23;18),forage,47,10,0
llama3.1,0.2,38,15,43.6,(23;19),move,52,10,0
llama3.1,0.2,38,16,40.13,(23;19),forage,47,8,0
llama3.1,0.2,38,17,36.11,(23;20),move,52,8,0
llama3.1,0.2,38,18,49.0,(23;20),forage,37,6,0
llama3.1,0.2,38,19,44.98,(23;21),move,52,6,0
llama3.1,0.2,38,20,41.38,(23;21),rest,60,2,0
llama3.1,0.2,38,21,37.37,(23;20),move,51,2,0
llama3.1,0.2,38,22,33.98,(23;20),forage,39,6,0
llama3.1,0.2,38,23,29.96,(23;21),move,52,6,0
llama3.1,0.2,38,24,23.37,(23;21),write_sign,59,2,1
llama3.1,0.2,38,25,19.27,(23;20),move,60,2,0
llama3.1,0.2,38,26,15.28,(23;21),move,49,6,0
llama3.1,0.2,38,27,11.91,(23;21),forage,37,2,0
llama3.1,0.2,38,28,8.03,(23;20),move,38,2,0
llama3.1,0.2,38,29,4.15,(23;21),move,38,6,0
llama3.1,0.2,38,30,-2.42,(23;21),write_sign,57,2,1
llama3.1,0.2,39,1,96.15,(17;16),move,35,7,0
llama3.1,0.2,39,2,92.28,(18;16),move,37,7,0
llama3.1,0.2,39,3,88.41,(19;16),move,37,10,0
llama3.1,0.2,39,4,85.11,(19;16),forage,30,9,0
llama3.1,0.2,39,5,81.28,(20;16),move,33,9,0
llama3.1,0.2,39,6,77.98,(20;16),forage,30,10,0
llama3.1,0.2,39,7,74.15,(21;16),move,33,10,0
llama3.1,0.2,39,8,67.7,(21;16),write_sign,45,9,1
llama3.1,0.2,39,9,63.87,(22;16),move,33,9,0
llama3.1,0.2,39,10,50.61,(22;16),attempt_vault,26,8,0
llama3.1,0.2,39,11,46.78,(23;16),move,33,8,0
llama3.1,0.2,39,12,43.53,(23;16),forage,25,8,0
llama3.1,0.2,39,13,39.7,(23;15),move,33,8,0
llama3.1,0.2,39,14,33.2,(23;15),write_sign,50,8,1
llama3.1,0.2,39,15,29.37,(24;15),move,33,9,0
llama3.1,0.2,39,16,16.11,(24;15),attempt_vault,26,8,0
llama3.1,0.2,39,17,12.28,(24;16),move,33,8,0
llama3.1,0.2,39,18,9.03,(24;16),forage,25,8,0
llama3.1,0.2,39,19,5.2,(24;15),move,33,8,0
llama3.1,0.2,39,20,-1.3,(24;15),write_sign,50,8,1
llama3.1,0.2,40,1,96.02,(17;15),move,48,7,0
llama3.1,0.2,40,2,92.02,(16;14),move,50,7,0
qwen2.5:14b,0.2,1,1,96.02,(17;15),move,48,0,0
qwen2.5:14b,0.2,1,2,92.12,(17;14),move,40,0,0
qwen2.5:14b,0.2,1,3,100.0,(17;14),forage,35,0,0
qwen2.5:14b,0.2,1,4,95.99,(16;13),move,51,0,0
qwen2.5:14b,0.2,1,5,92.08,(15;12),move,41,0,0
qwen2.5:14b,0.2,1,6,88.18,(14;12),move,40,0,0
qwen2.5:14b,0.2,1,7,100.0,(14;12),forage,35,0,0
qwen2.5:14b,0.2,1,8,96.02,(14;11),move,48,0,0
qwen2.5:14b,0.2,1,9,92.0,(14;12),move,52,0,0
qwen2.5:14b,0.2,1,10,88.0,(15;12),move,50,0,0
qwen2.5:14b,0.2,1,11,84.01,(16;12),move,49,0,0
qwen2.5:14b,0.2,1,12,80.1,(17;11),move,41,0,0
qwen2.5:14b,0.2,1,13,76.2,(18;11),move,40,0,0
qwen2.5:14b,0.2,1,14,72.3,(19;11),move,40,0,0
qwen2.5:14b,0.2,1,15,84.27,(19;11),forage,35,0,0
qwen2.5:14b,0.2,1,16,80.3,(18;11),move,47,0,0
qwen2.5:14b,0.2,1,17,76.32,(17;11),move,48,0,0
qwen2.5:14b,0.2,1,18,72.34,(16;11),move,48,0,0
qwen2.5:14b,0.2,1,19,68.36,(15;11),move,48,0,0
qwen2.5:14b,0.2,1,20,64.38,(14;11),move,48,0,0
qwen2.5:14b,0.2,1,21,60.29,(14;12),move,59,0,0
qwen2.5:14b,0.2,1,22,56.39,(14;13),move,40,0,0
qwen2.5:14b,0.2,1,23,52.49,(14;14),move,40,0,0
qwen2.5:14b,0.2,1,24,48.59,(14;15),move,40,0,0
qwen2.5:14b,0.2,1,25,69.9,(14;15),forage,35,0,0
qwen2.5:14b,0.2,1,26,65.89,(14;14),move,51,0,0
qwen2.5:14b,0.2,1,27,61.87,(14;13),move,52,0,0
qwen2.5:14b,0.2,1,28,57.85,(14;12),move,52,0,0
qwen2.5:14b,0.2,1,29,53.83,(14;11),move,52,0,0
qwen2.5:14b,0.2,1,30,49.83,(15;11),move,50,0,0
qwen2.5:14b,0.2,1,31,45.76,(16;11),move,57,0,0
qwen2.5:14b,0.2,1,32,41.75,(15;11),move,51,0,0
qwen2.5:14b,0.2,1,33,37.75,(15;10),move,50,0,0
qwen2.5:14b,0.2,1,34,33.73,(14;10),move,52,0,0
qwen2.5:14b,0.2,1,35,29.7,(13;10),move,53,0,0
qwen2.5:14b,0.2,1,36,25.67,(12;10),move,53,0,0
qwen2.5:14b,0.2,1,37,21.62,(12;11),move,55,0,0
qwen2.5:14b,0.2,1,38,17.56,(12;12),move,56,0,0
qwen2.5:14b,0.2,1,39,13.53,(12;13),move,53,0,0
qwen2.5:14b,0.2,1,40,9.43,(11;13),move,60,0,0
qwen2.5:14b,0.2,1,41,5.33,(11;12),move,60,0,0
qwen2.5:14b,0.2,1,42,1.41,(11;12),move,42,0,0
qwen2.5:14b,0.2,1,42,-1.12,(11;12),rest,53,0,0
qwen2.5:14b,0.2,2,1,95.9,(16;15),move,60,0,0
qwen2.5:14b,0.2,2,2,91.87,(15;15),move,53,0,0
qwen2.5:14b,0.2,2,3,87.88,(15;14),move,49,0,0
qwen2.5:14b,0.2,2,4,83.85,(14;14),move,53,0,0
qwen2.5:14b,0.2,2,5,79.82,(14;13),move,53,0,0
qwen2.5:14b,0.2,2,6,75.79,(13;13),move,53,0,0
qwen2.5:14b,0.2,2,7,71.68,(13;12),move,61,0,0
qwen2.5:14b,0.2,2,8,67.54,(12;12),move,64,0,0
qwen2.5:14b,0.2,2,9,63.38,(12;11),move,66,0,0
qwen2.5:14b,0.2,2,10,59.22,(11;11),move,66,0,0
qwen2.5:14b,0.2,2,11,55.2,(11;11),move,52,0,0
qwen2.5:14b,0.2,2,12,51.18,(11;10),move,52,0,0
qwen2.5:14b,0.2,2,13,47.06,(11;10),move,62,0,0
qwen2.5:14b,0.2,2,14,43.07,(11;9),move,49,0,0
qwen2.5:14b,0.2,2,15,38.93,(10;9),move,64,0,0
qwen2.5:14b,0.2,2,16,34.96,(9;9),move,47,0,0
qwen2.5:14b,0.2,2,17,30.92,(8;9),move,54,0,0
qwen2.5:14b,0.2,2,18,47.03,(8;9),forage,37,0,0
qwen2.5:14b,0.2,2,19,43.02,(7;8),move,51,0,0
qwen2.5:14b,0.2,2,20,29.69,(7;8),attempt_vault,33,0,0
qwen2.5:14b,0.2,2,21,25.7,(6;7),move,49,0,0
qwen2.5:14b,0.2,2,22,21.75,(6;8),move,45,0,0
qwen2.5:14b,0.2,2,23,17.83,(6;9),move,42,0,0
qwen2.5:14b,0.2,2,24,13.83,(6;10),move,50,0,0
qwen2.5:14b,0.2,2,25,9.93,(6;9),move,40,0,0
qwen2.5:14b,0.2,2,26,6.0,(6;8),move,43,0,0
qwen2.5:14b,0.2,2,27,2.07,(6;7),move,43,0,0
qwen2.5:14b,0.2,2,27,-0.36,(6;7),rest,43,0,0
qwen2.5:14b,0.2,3,1,95.92,(16;15),move,58,0,0
qwen2.5:14b,0.2,3,2,91.85,(16;14),move,57,0,0
qwen2.5:14b,0.2,3,3,87.77,(15;14),move,58,0,0
qwen2.5:14b,0.2,3,4,83.68,(14;14),move,59,0,0
qwen2.5:14b,0.2,3,5,79.63,(13;14),move,55,0,0
qwen2.5:14b,0.2,3,6,75.59,(14;14),move,54,0,0
qwen2.5:14b,0.2,3,7,71.48,(14;13),move,61,0,0
qwen2.5:14b,0.2,3,8,67.45,(14;12),move,53,0,0
qwen2.5:14b,0.2,3,9,63.37,(15;12),move,58,0,0
qwen2.5:14b,0.2,3,10,59.34,(16;12),move,53,0,0
qwen2.5:14b,0.2,3,11,55.3,(17;12),move,54,0,0
qwen2.5:14b,0.2,3,12,51.3,(16;12),move,50,0,0
qwen2.5:14b,0.2,3,13,47.2,(16;11),move,60,0,0
qwen2.5:14b,0.2,3,14,43.19,(16;12),move,51,0,0
qwen2.5:14b,0.2,3,15,39.17,(17;12),move,52,0,0
qwen2.5:14b,0.2,3,16,35.16,(16;12),move,51,0,0
qwen2.5:14b,0.2,3,17,31.06,(16;13),move,60,0,0
qwen2.5:14b,0.2,3,18,27.05,(17;13),move,51,0,0
qwen2.5:14b,0.2,3,19,23.05,(16;13),move,50,0,0
qwen2.5:14b,0.2,3,20,18.95,(16;14),move,60,0,0
qwen2.5:14b,0.2,3,21,14.94,(17;14),move,51,0,0
qwen2.5:14b,0.2,3,22,10.94,(16;14),move,50,0,0
qwen2.5:14b,0.2,3,23,6.64,(16;13),move,80,0,0
qwen2.5:14b,0.2,3,24,2.38,(17;13),move,76,0,0
qwen2.5:14b,0.2,3,24,-0.22,(17;13),rest,60,0,0
qwen2.5:14b,0.2,4,1,95.96,(16;15),move,54,0,0
qwen2.5:14b,0.2,4,2,91.94,(15;15),move,52,0,0
qwen2.5:14b,0.2,4,3,87.92,(15;14),move,52,0,0
qwen2.5:14b,0.2,4,4,83.9,(14;14),move,52,0,0
qwen2.5:14b,0.2,4,5,79.88,(14;13),move,52,0,0
qwen2.5:14b,0.2,4,6,75.86,(13;13),move,52,0,0
qwen2.5:14b,0.2,4,7,71.81,(14;13),move,55,0,0
qwen2.5:14b,0.2,4,8,67.79,(14;12),move,52,0,0
qwen2.5:14b,0.2,4,9,63.77,(13;12),move,52,0,0
qwen2.5:14b,0.2,4,10,59.72,(14;12),move,55,0,0
qwen2.5:14b,0.2,4,11,55.7,(14;11),move,52,0,0
qwen2.5:14b,0.2,4,12,51.65,(14;12),move,55,0,0
qwen2.5:14b,0.2,4,13,47.63,(15;12),move,52,0,0
qwen2.5:14b,0.2,4,14,43.61,(15;11),move,52,0,0
qwen2.5:14b,0.2,4,15,39.56,(15;12),move,55,0,0
qwen2.5:14b,0.2,4,16,35.54,(16;12),move,52,0,0
qwen2.5:14b,0.2,4,17,31.52,(16;11),move,52,0,0
qwen2.5:14b,0.2,4,18,27.45,(16;12),move,57,0,0
qwen2.5:14b,0.2,4,19,23.43,(15;12),move,52,0,0
qwen2.5:14b,0.2,4,20,19.41,(15;11),move,52,0,0
qwen2.5:14b,0.2,4,21,15.36,(15;12),move,55,0,0
qwen2.5:14b,0.2,4,22,11.34,(14;12),move,52,0,0
qwen2.5:14b,0.2,4,23,7.32,(14;11),move,52,0,0
qwen2.5:14b,0.2,4,24,3.27,(14;12),move,55,0,0
qwen2.5:14b,0.2,4,25,-0.89,(15;12),move,66,0,0
qwen2.5:14b,0.2,5,1,95.94,(17;16),move,56,0,0
qwen2.5:14b,0.2,5,2,91.84,(17;15),move,60,0,0
qwen2.5:14b,0.2,5,3,87.84,(16;15),move,50,0,0
qwen2.5:14b,0.2,5,4,83.83,(16;14),move,51,0,0
qwen2.5:14b,0.2,5,5,79.82,(15;14),move,51,0,0
qwen2.5:14b,0.2,5,6,75.81,(15;13),move,51,0,0
qwen2.5:14b,0.2,5,7,71.8,(14;13),move,51,0,0
qwen2.5:14b,0.2,5,8,67.77,(14;12),move,53,0,0
qwen2.5:14b,0.2,5,9,63.76,(13;12),move,51,0,0
qwen2.5:14b,0.2,5,10,59.79,(14;12),move,47,0,0
qwen2.5:14b,0.2,5,11,55.79,(14;13),move,50,0,0
qwen2.5:14b,0.2,5,12,51.78,(13;13),move,51,0,0
qwen2.5:14b,0.2,5,13,47.81,(14;13),move,47,0,0
qwen2.5:14b,0.2,5,14,43.81,(14;14),move,50,0,0
qwen2.5:14b,0.2,5,15,39.8,(13;14),move,51,0,0
qwen2.5:14b,0.2,5,16,35.83,(14;14),move,47,0,0
qwen2.5:14b,0.2,5,17,31.83,(14;15),move,50,0,0
qwen2.5:14b,0.2,5,18,27.82,(13;15),move,51,0,0
qwen2.5:14b,0.2,5,19,23.85,(14;15),move,47,0,0
qwen2.5:14b,0.2,5,20,19.85,(14;16),move,50,0,0
qwen2.5:14b,0.2,5,21,15.84,(13;16),move,51,0,0
qwen2.5:14b,0.2,5,22,11.87,(14;16),move,47,0,0
qwen2.5:14b,0.2,5,23,7.87,(14;17),move,50,0,0
qwen2.5:14b,0.2,5,24,3.84,(14;16),move,53,0,0
qwen2.5:14b,0.2,5,25,-0.27,(14;15),move,61,0,0
qwen2.5:14b,0.2,6,1,95.61,(16;15),move,89,0,0
qwen2.5:14b,0.2,6,2,91.44,(16;16),move,67,0,0
qwen2.5:14b,0.2,6,3,87.45,(17;16),move,49,0,0
qwen2.5:14b,0.2,6,4,83.29,(18;16),move,66,0,0
qwen2.5:14b,0.2,6,5,79.23,(17;16),move,56,0,0
qwen2.5:14b,0.2,6,6,75.23,(17;17),move,50,0,0
qwen2.5:14b,0.2,6,7,71.04,(17;18),move,69,0,0
qwen2.5:14b,0.2,6,8,66.98,(17;17),move,56,0,0
qwen2.5:14b,0.2,6,9,62.92,(16;17),move,56,0,0
qwen2.5:14b,0.2,6,10,58.85,(15;17),move,57,0,0
qwen2.5:14b,0.2,6,11,54.77,(16;17),move,58,0,0
qwen2.5:14b,0.2,6,12,50.71,(16;16),move,56,0,0
qwen2.5:14b,0.2,6,13,46.64,(15;16),move,57,0,0
qwen2.5:14b,0.2,6,14,42.57,(15;15),move,57,0,0
qwen2.5:14b,0.2,6,15,38.51,(14;15),move,56,0,0
qwen2.5:14b,0.2,6,16,34.44,(14;14),move,57,0,0
qwen2.5:14b,0.2,6,17,30.38,(13;14),move,56,0,0
qwen2.5:14b,0.2,6,18,26.33,(14;14),move,55,0,0
qwen2.5:14b,0.2,6,19,22.27,(14;13),move,56,0,0
qwen2.5:14b,0.2,6,20,18.21,(15;13),move,56,0,0
qwen2.5:14b,0.2,6,21,14.15,(15;12),move,56,0,0
qwen2.5:14b,0.2,6,22,10.09,(16;12),move,56,0,0
qwen2.5:14b,0.2,6,23,6.03,(16;11),move,56,0,0
qwen2.5:14b,0.2,6,24,1.98,(16;12),move,55,0,0
qwen2.5:14b,0.2,6,24,-0.67,(16;12),rest,65,0,0
qwen2.5:14b,0.2,7,1,95.93,(16;15),move,57,0,0
qwen2.5:14b,0.2,7,2,91.88,(15;15),move,55,0,0
qwen2.5:14b,0.2,7,3,87.84,(14;15),move,54,0,0
qwen2.5:14b,0.2,7,4,83.78,(14;14),move,56,0,0
qwen2.5:14b,0.2,7,5,79.7,(13;14),move,58,0,0
qwen2.5:14b,0.2,7,6,75.6,(13;13),move,60,0,0
qwen2.5:14b,0.2,7,7,71.51,(14;13),move,59,0,0
qwen2.5:14b,0.2,7,8,67.5,(14;12),move,51,0,0
qwen2.5:14b,0.2,7,9,63.44,(15;12),move,56,0,0
qwen2.5:14b,0.2,7,10,59.38,(15;11),move,56,0,0
qwen2.5:14b,0.2,7,11,55.3,(16;11),move,58,0,0
qwen2.5:14b,0.2,7,12,51.21,(16;12),move,59,0,0
qwen2.5:14b,0.2,7,13,47.15,(17;12),move,56,0,0
qwen2.5:14b,0.2,7,14,43.06,(16;12),move,59,0,0
qwen2.5:14b,0.2,7,15,38.93,(16;13),move,63,0,0
qwen2.5:14b,0.2,7,16,34.82,(17;13),move,61,0,0
qwen2.5:14b,0.2,7,17,30.78,(16;13),move,54,0,0
qwen2.5:14b,0.2,7,18,26.66,(16;14),move,62,0,0
qwen2.5:14b,0.2,7,19,22.51,(17;14),move,65,0,0
qwen2.5:14b,0.2,7,20,18.39,(16;14),move,62,0,0
qwen2.5:14b,0.2,7,21,14.28,(16;15),move,61,0,0
qwen2.5:14b,0.2,7,22,10.15,(17;15),move,63,0,0
qwen2.5:14b,0.2,7,23,5.99,(16;15),move,66,0,0
qwen2.5:14b,0.2,7,24,1.75,(16;16),move,74,0,0
qwen2.5:14b,0.2,7,24,-1.07,(16;16),rest,82,0,0
qwen2.5:14b,0.2,8,1,95.92,(16;15),move,58,0,0
qwen2.5:14b,0.2,8,2,91.89,(15;15),move,53,0,0
qwen2.5:14b,0.2,8,3,87.9,(15;14),move,49,0,0
qwen2.5:14b,0.2,8,4,83.84,(14;14),move,56,0,0
qwen2.5:14b,0.2,8,5,79.79,(14;13),move,55,0,0
qwen2.5:14b,0.2,8,6,75.74,(13;13),move,55,0,0
qwen2.5:14b,0.2,8,7,71.65,(13;12),move,59,0,0
qwen2.5:14b,0.2,8,8,67.45,(14;12),move,70,0,0
qwen2.5:14b,0.2,8,9,63.41,(14;11),move,54,0,0
qwen2.5:14b,0.2,8,10,59.3,(15;11),move,61,0,0
qwen2.5:14b,0.2,8,11,55.19,(15;10),move,61,0,0
qwen2.5:14b,0.2,8,12,51.06,(16;10),move,63,0,0
qwen2.5:14b,0.2,8,13,46.99,(16;9),move,57,0,0
qwen2.5:14b,0.2,8,14,42.86,(17;9),move,63,0,0
qwen2.5:14b,0.2,8,15,38.84,(18;8),move,52,0,0
qwen2.5:14b,0.2,8,16,34.81,(18;8),move,53,0,0
qwen2.5:14b,0.2,8,17,30.82,(18;8),move,49,0,0
qwen2.5:14b,0.2,8,18,26.83,(18;9),move,49,0,0
qwen2.5:14b,0.2,8,19,22.73,(18;10),move,60,0,0
qwen2.5:14b,0.2,8,20,18.7,(17;10),move,53,0,0
qwen2.5:14b,0.2,8,21,14.7,(17;9),move,50,0,0
qwen2.5:14b,0.2,8,22,10.72,(18;8),move,48,0,0
qwen2.5:14b,0.2,8,23,6.78,(18;8),move,44,0,0
qwen2.5:14b,0.2,8,24,2.78,(18;8),move,50,0,0
qwen2.5:14b,0.2,8,25,-1.2,(18;9),move,48,0,0
qwen2.5:14b,0.2,9,1,95.96,(16;15),move,54,0,0
qwen2.5:14b,0.2,9,2,91.94,(15;15),move,52,0,0
qwen2.5:14b,0.2,9,3,87.92,(15;14),move,52,0,0
qwen2.5:14b,0.2,9,4,83.9,(14;14),move,52,0,0
qwen2.5:14b,0.2,9,5,79.88,(14;13),move,52,0,0
qwen2.5:14b,0.2,9,6,75.86,(13;13),move,52,0,0
qwen2.5:14b,0.2,9,7,71.81,(13;14),move,55,0,0
qwen2.5:14b,0.2,9,8,67.79,(14;14),move,52,0,0
qwen2.5:14b,0.2,9,9,63.77,(14;13),move,52,0,0
qwen2.5:14b,0.2,9,10,59.71,(13;13),move,56,0,0
qwen2.5:14b,0.2,9,11,55.68,(13;14),move,53,0,0
qwen2.5:14b,0.2,9,12,51.62,(14;14),move,56,0,0
qwen2.5:14b,0.2,9,13,47.57,(14;13),move,55,0,0
qwen2.5:14b,0.2,9,14,43.52,(13;13),move,55,0,0
qwen2.5:14b,0.2,9,15,39.47,(13;14),move,55,0,0
qwen2.5:14b,0.2,9,16,35.42,(14;14),move,55,0,0
qwen2.5:14b,0.2,9,17,31.37,(14;13),move,55,0,0
qwen2.5:14b,0.2,9,18,27.32,(13;13),move,55,0,0
qwen2.5:14b,0.2,9,19,23.27,(13;14),move,55,0,0
qwen2.5:14b,0.2,9,20,19.22,(14;14),move,55,0,0
qwen2.5:14b,0.2,9,21,15.17,(14;13),move,55,0,0
qwen2.5:14b,0.2,9,22,11.12,(13;13),move,55,0,0
qwen2.5:14b,0.2,9,23,7.07,(13;14),move,55,0,0
qwen2.5:14b,0.2,9,24,3.02,(14;14),move,55,0,0
qwen2.5:14b,0.2,9,25,-1.16,(14;13),move,68,0,0
qwen2.5:14b,0.2,10,1,96.08,(17;15),move,42,0,0
qwen2.5:14b,0.2,10,2,92.2,(18;14),move,38,0,0
qwen2.5:14b,0.2,10,3,100.0,(18;14),forage,35,0,0
qwen2.5:14b,0.2,10,4,96.05,(17;14),move,45,0,0
qwen2.5:14b,0.2,10,5,92.07,(16;14),move,48,0,0
qwen2.5:14b,0.2,10,6,88.04,(16;13),move,53,0,0
qwen2.5:14b,0.2,10,7,84.06,(16;12),move,48,0,0
qwen2.5:14b,0.2,10,8,80.09,(17;12),move,47,0,0
qwen2.5:14b,0.2,10,9,76.12,(17;13),move,47,0,0
qwen2.5:14b,0.2,10,10,72.15,(16;12),move,47,0,0
qwen2.5:14b,0.2,10,11,68.24,(15;11),move,41,0,0
qwen2.5:14b,0.2,10,12,64.33,(14;11),move,41,0,0
qwen2.5:14b,0.2,10,13,77.47,(14;11),forage,33,0,0
qwen2.5:14b,0.2,10,14,73.51,(15;11),move,46,0,0
qwen2.5:14b,0.2,10,15,69.57,(16;11),move,44,0,0
qwen2.5:14b,0.2,10,16,65.6,(16;10),move,47,0,0
qwen2.5:14b,0.2,10,17,61.62,(15;10),move,48,0,0
qwen2.5:14b,0.2,10,18,57.63,(15;9),move,49,0,0
qwen2.5:14b,0.2,10,19,53.68,(15;10),move,45,0,0
qwen2.5:14b,0.2,10,20,49.72,(14;10),move,46,0,0
qwen2.5:14b,0.2,10,21,45.72,(14;11),move,50,0,0
qwen2.5:14b,0.2,10,22,41.75,(13;11),move,47,0,0
qwen2.5:14b,0.2,10,23,37.78,(13;12),move,47,0,0
qwen2.5:14b,0.2,10,24,33.8,(12;12),move,48,0,0
qwen2.5:14b,0.2,10,25,29.82,(12;13),move,48,0,0
qwen2.5:14b,0.2,10,26,25.84,(11;13),move,48,0,0
qwen2.5:14b,0.2,10,27,21.86,(11;14),move,48,0,0
qwen2.5:14b,0.2,10,28,17.88,(10;14),move,48,0,0
qwen2.5:14b,0.2,10,29,13.9,(10;15),move,48,0,0
qwen2.5:14b,0.2,10,30,9.92,(9;15),move,48,0,0
qwen2.5:14b,0.2,10,31,5.94,(9;16),move,48,0,0
qwen2.5:14b,0.2,10,32,1.96,(10;16),move,48,0,0
qwen2.5:14b,0.2,10,32,-0.64,(10;16),rest,60,0,0
qwen2.5:14b,0.2,11,1,95.9,(16;15),move,60,0,0
qwen2.5:14b,0.2,11,2,91.87,(15;15),move,53,0,0
qwen2.5:14b,0.2,11,3,87.87,(15;14),move,50,0,0
qwen2.5:14b,0.2,11,4,83.89,(14;14),move,48,0,0
qwen2.5:14b,0.2,11,5,79.86,(14;13),move,53,0,0
qwen2.5:14b,0.2,11,6,75.86,(13;13),move,50,0,0
qwen2.5:14b,0.2,11,7,71.86,(14;13),move,50,0,0
qwen2.5:14b,0.2,11,8,67.92,(14;12),move,44,0,0
qwen2.5:14b,0.2,11,9,63.87,(15;12),move,55,0,0
qwen2.5:14b,0.2,11,10,59.86,(15;11),move,51,0,0
qwen2.5:14b,0.2,11,11,55.86,(15;12),move,50,0,0
qwen2.5:14b,0.2,11,12,51.78,(14;12),move,58,0,0
qwen2.5:14b,0.2,11,13,47.7,(14;11),move,58,0,0
qwen2.5:14b,0.2,11,14,43.7,(14;12),move,50,0,0
qwen2.5:14b,0.2,11,15,39.62,(13;12),move,58,0,0
qwen2.5:14b,0.2,11,16,35.56,(14;12),move,56,0,0
qwen2.5:14b,0.2,11,17,31.48,(14;11),move,58,0,0
qwen2.5:14b,0.2,11,18,27.48,(14;12),move,50,0,0
qwen2.5:14b,0.2,11,19,23.4,(13;12),move,58,0,0
qwen2.5:14b,0.2,11,20,19.12,(14;12),move,78,0,0
qwen2.5:14b,0.2,11,21,14.93,(14;11),move,69,0,0
qwen2.5:14b,0.2,11,22,10.76,(14;12),move,67,0,0
qwen2.5:14b,0.2,11,23,6.69,(13;12),move,57,0,0
qwen2.5:14b,0.2,11,24,2.43,(14;12),move,76,0,0
qwen2.5:14b,0.2,11,24,-0.33,(14;12),rest,76,0,0
qwen2.5:14b,0.2,12,1,95.98,(16;15),move,52,0,0
qwen2.5:14b,0.2,12,2,91.99,(15;15),move,49,0,0
qwen2.5:14b,0.2,12,3,88.01,(14;15),move,48,0,0
qwen2.5:14b,0.2,12,4,83.97,(13;15),move,54,0,0
qwen2.5:14b,0.2,12,5,79.92,(13;14),move,55,0,0
qwen2.5:14b,0.2,12,6,75.9,(13;15),move,52,0,0
qwen2.5:14b,0.2,12,7,71.89,(12;15),move,51,0,0
qwen2.5:14b,0.2,12,8,67.87,(13;15),move,52,0,0
qwen2.5:14b,0.2,12,9,63.8,(13;14),move,57,0,0
qwen2.5:14b,0.2,12,10,59.78,(13;15),move,52,0,0
qwen2.5:14b,0.2,12,11,55.75,(14;15),move,53,0,0
qwen2.5:14b,0.2,12,12,51.78,(14;14),move,47,0,0
qwen2.5:14b,0.2,12,13,47.81,(15;14),move,47,0,0
qwen2.5:14b,0.2,12,14,43.84,(15;13),move,47,0,0
qwen2.5:14b,0.2,12,15,39.87,(16;13),move,47,0,0
qwen2.5:14b,0.2,12,16,35.9,(16;12),move,47,0,0
qwen2.5:14b,0.2,12,17,31.93,(17;12),move,47,0,0
qwen2.5:14b,0.2,12,18,27.91,(16;12),move,52,0,0
qwen2.5:14b,0.2,12,19,23.94,(16;13),move,47,0,0
qwen2.5:14b,0.2,12,20,19.97,(17;13),move,47,0,0
qwen2.5:14b,0.2,12,21,15.95,(16;13),move,52,0,0
qwen2.5:14b,0.2,12,22,11.98,(16;14),move,47,0,0
qwen2.5:14b,0.2,12,23,8.01,(17;14),move,47,0,0
qwen2.5:14b,0.2,12,24,3.99,(16;14),move,52,0,0
qwen2.5:14b,0.2,12,25,-0.05,(16;15),move,54,0,0
qwen2.5:14b,0.2,13,1,95.92,(17;16),move,58,0,0
qwen2.5:14b,0.2,13,2,92.32,(17;16),rest,60,0,0
qwen2.5:14b,0.2,13,3,88.27,(18;16),move,55,0,0
qwen2.5:14b,0.2,13,4,84.23,(18;15),move,54,0,0
qwen2.5:14b,0.2,13,5,80.18,(17;15),move,55,0,0
qwen2.5:14b,0.2,13,6,76.15,(16;15),move,53,0,0
qwen2.5:14b,0.2,13,7,72.1,(16;14),move,55,0,0
qwen2.5:14b,0.2,13,8,68.08,(15;14),move,52,0,0
qwen2.5:14b,0.2,13,9,64.02,(15;13),move,56,0,0
qwen2.5:14b,0.2,13,10,60.0,(14;13),move,52,0,0
qwen2.5:14b,0.2,13,11,55.94,(14;12),move,56,0,0
qwen2.5:14b,0.2,13,12,51.92,(13;12),move,52,0,0
qwen2.5:14b,0.2,13,13,47.87,(13;13),move,55,0,0
qwen2.5:14b,0.2,13,14,43.82,(14;13),move,55,0,0
qwen2.5:14b,0.2,13,15,39.81,(14;12),move,51,0,0
qwen2.5:14b,0.2,13,16,35.78,(13;12),move,53,0,0
qwen2.5:14b,0.2,13,17,31.71,(13;13),move,57,0,0
qwen2.5:14b,0.2,13,18,27.66,(14;13),move,55,0,0
qwen2.5:14b,0.2,13,19,23.65,(15;12),move,51,0,0
qwen2.5:14b,0.2,13,20,19.62,(16;12),move,53,0,0
qwen2.5:14b,0.2,13,21,15.57,(17;12),move,55,0,0
qwen2.5:14b,0.2,13,22,11.53,(17;11),move,54,0,0
qwen2.5:14b,0.2,13,23,7.57,(16;11),move,46,0,0
qwen2.5:14b,0.2,13,24,3.54,(15;11),move,53,0,0
qwen2.5:14b,0.2,13,25,-0.51,(14;11),move,55,0,0
qwen2.5:14b,0.2,14,1,95.9,(16;15),move,60,0,0
qwen2.5:14b,0.2,14,2,91.8,(17;15),move,60,0,0
qwen2.5:14b,0.2,14,3,87.81,(17;14),move,49,0,0
qwen2.5:14b,0.2,14,4,83.78,(17;15),move,53,0,0
qwen2.5:14b,0.2,14,5,79.74,(16;15),move,54,0,0
qwen2.5:14b,0.2,14,6,75.68,(16;14),move,56,0,0
qwen2.5:14b,0.2,14,7,71.68,(15;14),move,50,0,0
qwen2.5:14b,0.2,14,8,67.68,(15;13),move,50,0,0
qwen2.5:14b,0.2,14,9,63.68,(14;13),move,50,0,0
qwen2.5:14b,0.2,14,10,59.68,(14;12),move,50,0,0
qwen2.5:14b,0.2,14,11,55.68,(13;12),move,50,0,0
qwen2.5:14b,0.2,14,12,51.67,(13;11),move,51,0,0
qwen2.5:14b,0.2,14,13,47.6,(14;11),move,57,0,0
qwen2.5:14b,0.2,14,14,43.53,(14;12),move,57,0,0
qwen2.5:14b,0.2,14,15,39.49,(13;12),move,54,0,0
qwen2.5:14b,0.2,14,16,35.44,(13;11),move,55,0,0
qwen2.5:14b,0.2,14,17,31.39,(14;11),move,55,0,0
qwen2.5:14b,0.2,14,18,27.34,(14;12),move,55,0,0
qwen2.5:14b,0.2,14,19,23.29,(13;12),move,55,0,0
qwen2.5:14b,0.2,14,20,19.24,(13;11),move,55,0,0
qwen2.5:14b,0.2,14,21,15.19,(14;11),move,55,0,0
qwen2.5:14b,0.2,14,22,11.14,(14;12),move,55,0,0
qwen2.5:14b,0.2,14,23,7.09,(13;12),move,55,0,0
qwen2.5:14b,0.2,14,24,3.04,(13;11),move,55,0,0
qwen2.5:14b,0.2,14,25,-0.56,(13;11),rest,60,0,0
qwen2.5:14b,0.2,15,1,96.01,(15;17),move,49,0,0
qwen2.5:14b,0.2,15,2,92.1,(14;18),move,41,0,0
qwen2.5:14b,0.2,15,3,88.22,(13;18),move,38,0,0
qwen2.5:14b,0.2,15,4,100.0,(13;18),forage,39,0,0
qwen2.5:14b,0.2,15,5,96.04,(13;19),move,46,0,0
qwen2.5:14b,0.2,15,6,92.17,(13;19),move,37,0,0
qwen2.5:14b,0.2,15,7,88.27,(13;20),move,40,0,0
qwen2.5:14b,0.2,15,8,84.35,(13;20),move,42,0,0
qwen2.5:14b,0.2,15,9,80.44,(13;21),move,41,0,0
qwen2.5:14b,0.2,15,10,76.51,(13;21),move,43,0,0
qwen2.5:14b,0.2,15,11,72.59,(13;21),move,42,0,0
qwen2.5:14b,0.2,15,12,68.66,(14;21),move,43,0,0
qwen2.5:14b,0.2,15,13,64.72,(14;21),move,44,0,0
qwen2.5:14b,0.2,15,14,60.82,(14;20),move,40,0,0
qwen2.5:14b,0.2,15,15,57.22,(14;20),rest,60,0,0
qwen2.5:14b,0.2,15,16,53.24,(13;20),move,48,0,0
qwen2.5:14b,0.2,15,17,49.37,(13;20),move,37,0,0
qwen2.5:14b,0.2,15,18,45.46,(13;19),move,41,0,0
qwen2.5:14b,0.2,15,19,41.58,(13;19),move,38,0,0
qwen2.5:14b,0.2,15,20,37.62,(13;18),move,46,0,0
qwen2.5:14b,0.2,15,21,33.68,(13;19),move,44,0,0
qwen2.5:14b,0.2,15,22,29.65,(14;19),move,53,0,0
qwen2.5:14b,0.2,15,23,25.69,(15;19),move,46,0,0
qwen2.5:14b,0.2,15,24,21.72,(15;18),move,47,0,0
qwen2.5:14b,0.2,15,25,17.68,(14;18),move,54,0,0
qwen2.5:14b,0.2,15,26,13.64,(14;17),move,54,0,0
qwen2.5:14b,0.2,15,27,9.6,(13;17),move,54,0,0
qwen2.5:14b,0.2,15,28,5.6,(12;18),move,50,0,0
qwen2.5:14b,0.2,15,29,1.61,(11;17),move,49,0,0
qwen2.5:14b,0.2,15,29,-0.83,(11;17),rest,44,0,0
qwen2.5:14b,0.2,16,1,95.99,(16;15),move,51,0,0
qwen2.5:14b,0.2,16,2,92.02,(16;14),move,47,0,0
qwen2.5:14b,0.2,16,3,88.07,(17;14),move,45,0,0
qwen2.5:14b,0.2,16,4,84.14,(17;15),move,43,0,0
qwen2.5:14b,0.2,16,5,80.05,(18;15),move,59,0,0
qwen2.5:14b,0.2,16,6,76.03,(18;16),move,52,0,0
qwen2.5:14b,0.2,16,7,72.05,(17;16),move,48,0,0
qwen2.5:14b,0.2,16,8,68.02,(16;16),move,53,0,0
qwen2.5:14b,0.2,16,9,64.0,(16;17),move,52,0,0
qwen2.5:14b,0.2,16,10,60.02,(17;18),move,48,0,0
qwen2.5:14b,0.2,16,11,56.06,(18;19),move,46,0,0
qwen2.5:14b,0.2,16,12,52.1,(19;20),move,46,0,0
qwen2.5:14b,0.2,16,13,70.19,(19;20),forage,37,0,0
qwen2.5:14b,0.2,16,14,66.2,(19;20),move,49,0,0
qwen2.5:14b,0.2,16,15,62.24,(18;19),move,46,0,0
qwen2.5:14b,0.2,16,16,58.25,(17;18),move,49,0,0
qwen2.5:14b,0.2,16,17,54.3,(16;17),move,45,0,0
qwen2.5:14b,0.2,16,18,50.35,(17;17),move,45,0,0
qwen2.5:14b,0.2,16,19,46.4,(18;17),move,45,0,0
qwen2.5:14b,0.2,16,20,42.45,(19;17),move,45,0,0
qwen2.5:14b,0.2,16,21,38.51,(20;18),move,44,0,0
qwen2.5:14b,0.2,16,22,34.57,(20;18),move,44,0,0
qwen2.5:14b,0.2,16,23,30.64,(21;18),move,43,0,0
qwen2.5:14b,0.2,16,24,26.7,(21;18),move,44,0,0
qwen2.5:14b,0.2,16,25,22.78,(22;19),move,42,0,0
qwen2.5:14b,0.2,16,26,35.59,(22;19),forage,41,0,0
qwen2.5:14b,0.2,16,27,31.68,(21;18),move,41,0,0
qwen2.5:14b,0.2,16,28,27.76,(21;18),move,42,0,0
qwen2.5:14b,0.2,16,29,23.81,(22;17),move,45,0,0
qwen2.5:14b,0.2,16,30,19.79,(22;17),move,52,0,0
qwen2.5:14b,0.2,16,31,15.85,(23;17),move,44,0,0
qwen2.5:14b,0.2,16,32,11.91,(24;18),move,44,0,0
qwen2.5:14b,0.2,16,33,26.24,(24;18),forage,41,0,0
qwen2.5:14b,0.2,16,34,22.29,(24;18),move,45,0,0
qwen2.5:14b,0.2,16,35,18.4,(24;17),move,39,0,0
qwen2.5:14b,0.2,16,36,14.48,(25;17),move,42,0,0
qwen2.5:14b,0.2,16,37,10.55,(25;16),move,43,0,0
qwen2.5:14b,0.2,16,38,6.62,(26;16),move,43,0,0
qwen2.5:14b,0.2,16,39,2.7,(26;15),move,42,0,0
qwen2.5:14b,0.2,16,40,-1.33,(26;16),move,53,0,0
qwen2.5:14b,0.2,17,1,96.4,(16;16),rest,60,0,0
qwen2.5:14b,0.2,17,2,92.8,(16;16),rest,60,0,0
qwen2.5:14b,0.2,17,3,89.2,(16;16),rest,60,0,0
qwen2.5:14b,0.2,17,4,85.6,(16;16),rest,60,0,0
qwen2.5:14b,0.2,17,5,82.0,(16;16),rest,60,0,0
qwen2.5:14b,0.2,17,6,78.4,(16;16),rest,60,0,0
qwen2.5:14b,0.2,17,7,74.8,(16;16),rest,60,0,0
qwen2.5:14b,0.2,17,8,71.2,(16;16),rest,60,0,0
qwen2.5:14b,0.2,17,9,67.6,(16;16),rest,60,0,0
qwen2.5:14b,0.2,17,10,64.0,(16;16),rest,60,0,0
qwen2.5:14b,0.2,17,11,60.4,(16;16),rest,60,0,0
qwen2.5:14b,0.2,17,12,56.8,(16;16),rest,60,0,0
qwen2.5:14b,0.2,17,13,53.2,(16;16),rest,60,0,0
qwen2.5:14b,0.2,17,14,49.6,(16;16),rest,60,0,0
qwen2.5:14b,0.2,17,15,46.0,(16;16),rest,60,0,0
qwen2.5:14b,0.2,17,16,42.4,(16;16),rest,60,0,0
qwen2.5:14b,0.2,17,17,38.8,(16;16),rest,60,0,0
qwen2.5:14b,0.2,17,18,35.2,(16;16),rest,60,0,0
qwen2.5:14b,0.2,17,19,31.6,(16;16),rest,60,0,0
qwen2.5:14b,0.2,17,20,28.0,(16;16),rest,60,0,0
qwen2.5:14b,0.2,17,21,24.4,(16;16),rest,60,0,0
qwen2.5:14b,0.2,17,22,20.8,(16;16),rest,60,0,0
qwen2.5:14b,0.2,17,23,17.2,(16;16),rest,60,0,0
qwen2.5:14b,0.2,17,24,13.6,(16;16),rest,60,0,0
qwen2.5:14b,0.2,17,25,10.0,(16;16),rest,60,0,0
qwen2.5:14b,0.2,17,26,6.0,(16;15),move,50,0,0
qwen2.5:14b,0.2,17,27,2.05,(16;14),move,45,0,0
qwen2.5:14b,0.2,17,27,-0.48,(16;14),rest,53,0,0
qwen2.5:14b,0.2,18,1,95.92,(17;16),move,58,0,0
qwen2.5:14b,0.2,18,2,92.32,(17;16),rest,60,0,0
qwen2.5:14b,0.2,18,3,88.32,(18;16),move,50,0,0
qwen2.5:14b,0.2,18,4,84.3,(18;15),move,52,0,0
qwen2.5:14b,0.2,18,5,80.24,(17;15),move,56,0,0
qwen2.5:14b,0.2,18,6,76.2,(16;15),move,54,0,0
qwen2.5:14b,0.2,18,7,72.6,(16;15),rest,60,0,0
qwen2.5:14b,0.2,18,8,68.51,(15;15),move,59,0,0
qwen2.5:14b,0.2,18,9,64.47,(14;15),move,54,0,0
qwen2.5:14b,0.2,18,10,60.43,(13;15),move,54,0,0
qwen2.5:14b,0.2,18,11,56.39,(12;15),move,54,0,0
qwen2.5:14b,0.2,18,12,52.37,(11;16),move,52,0,0
qwen2.5:14b,0.2,18,13,48.33,(10;17),move,54,0,0
qwen2.5:14b,0.2,18,14,44.31,(9;17),move,52,0,0
qwen2.5:14b,0.2,18,15,60.27,(9;17),forage,38,0,0
qwen2.5:14b,0.2,18,16,56.34,(8;18),move,43,0,0
qwen2.5:14b,0.2,18,17,52.41,(8;19),move,43,0,0
qwen2.5:14b,0.2,18,18,73.93,(8;19),forage,35,0,0
qwen2.5:14b,0.2,18,19,70.0,(9;20),move,43,0,0
qwen2.5:14b,0.2,18,20,66.12,(10;20),move,38,0,0
qwen2.5:14b,0.2,18,21,83.23,(10;20),forage,35,0,0
qwen2.5:14b,0.2,18,22,79.28,(9;20),move,45,0,0
qwen2.5:14b,0.2,18,23,75.32,(8;20),move,46,0,0
qwen2.5:14b,0.2,18,24,71.33,(7;20),move,49,0,0
qwen2.5:14b,0.2,18,25,67.34,(6;20),move,49,0,0
qwen2.5:14b,0.2,18,26,63.35,(5;20),move,49,0,0
qwen2.5:14b,0.2,18,27,59.36,(4;20),move,49,0,0
qwen2.5:14b,0.2,18,28,55.31,(4;21),move,55,0,0
qwen2.5:14b,0.2,18,29,51.26,(5;21),move,55,0,0
qwen2.5:14b,0.2,18,30,47.66,(5;21),rest,60,0,0
qwen2.5:14b,0.2,18,31,43.67,(6;21),move,49,0,0
qwen2.5:14b,0.2,18,32,39.62,(6;22),move,55,0,0
qwen2.5:14b,0.2,18,33,26.17,(6;22),attempt_vault,45,0,0
qwen2.5:14b,0.2,18,34,22.19,(6;23),move,48,0,0
qwen2.5:14b,0.2,18,35,18.14,(7;23),move,55,0,0
qwen2.5:14b,0.2,18,36,14.11,(8;23),move,53,0,0
qwen2.5:14b,0.2,18,37,10.15,(8;24),move,46,0,0
qwen2.5:14b,0.2,18,38,6.19,(8;25),move,46,0,0
qwen2.5:14b,0.2,18,39,2.23,(8;26),move,46,0,0
qwen2.5:14b,0.2,18,39,-0.13,(8;26),rest,36,0,0
qwen2.5:14b,0.2,19,1,95.97,(16;15),move,53,0,0
qwen2.5:14b,0.2,19,2,91.94,(15;15),move,53,0,0
qwen2.5:14b,0.2,19,3,87.95,(15;14),move,49,0,0
qwen2.5:14b,0.2,19,4,83.96,(14;14),move,49,0,0
qwen2.5:14b,0.2,19,5,79.97,(14;13),move,49,0,0
qwen2.5:14b,0.2,19,6,75.98,(13;13),move,49,0,0
qwen2.5:14b,0.2,19,7,72.08,(13;12),move,40,0,0
qwen2.5:14b,0.2,19,8,68.18,(14;12),move,40,0,0
qwen2.5:14b,0.2,19,9,64.19,(14;11),move,49,0,0
qwen2.5:14b,0.2,19,10,60.29,(15;11),move,40,0,0
qwen2.5:14b,0.2,19,11,56.39,(14;11),move,40,0,0
qwen2.5:14b,0.2,19,12,52.39,(14;12),move,50,0,0
qwen2.5:14b,0.2,19,13,48.33,(15;12),move,56,0,0
qwen2.5:14b,0.2,19,14,44.4,(15;13),move,43,0,0
qwen2.5:14b,0.2,19,15,40.47,(15;14),move,43,0,0
qwen2.5:14b,0.2,19,16,36.47,(15;13),move,50,0,0
gemini-3.1-flash-lite,0.2,1,1,95.8,(17;16),move,70,0,0
gemini-3.1-flash-lite,0.2,1,2,100.0,(17;16),forage,35,0,0
gemini-3.1-flash-lite,0.2,1,3,95.91,(18;16),move,59,0,0
gemini-3.1-flash-lite,0.2,1,4,91.93,(19;15),move,48,0,0
gemini-3.1-flash-lite,0.2,1,5,87.93,(20;15),move,50,0,0
gemini-3.1-flash-lite,0.2,1,6,83.93,(21;15),move,50,0,0
gemini-3.1-flash-lite,0.2,1,7,100.0,(21;15),forage,35,0,0
gemini-3.1-flash-lite,0.2,1,8,95.96,(21;14),move,54,0,0
gemini-3.1-flash-lite,0.2,1,9,91.91,(21;13),move,55,0,0
gemini-3.1-flash-lite,0.2,1,10,87.95,(21;12),move,46,0,0
gemini-3.1-flash-lite,0.2,1,11,83.93,(22;12),move,52,0,0
gemini-3.1-flash-lite,0.2,1,12,79.85,(23;12),move,58,0,0
gemini-3.1-flash-lite,0.2,1,13,75.78,(23;13),move,57,0,0
gemini-3.1-flash-lite,0.2,1,14,71.73,(23;14),move,55,0,0
gemini-3.1-flash-lite,0.2,1,15,67.68,(23;15),move,55,0,0
gemini-3.1-flash-lite,0.2,1,16,63.63,(23;16),move,55,0,0
gemini-3.1-flash-lite,0.2,1,17,59.6,(23;17),move,53,0,0
gemini-3.1-flash-lite,0.2,1,18,55.6,(23;18),move,50,0,0
gemini-3.1-flash-lite,0.2,1,19,51.6,(23;19),move,50,0,0
gemini-3.1-flash-lite,0.2,1,20,71.23,(23;19),forage,35,0,0
gemini-3.1-flash-lite,0.2,1,21,67.18,(23;18),move,55,0,0
gemini-3.1-flash-lite,0.2,1,22,63.13,(23;17),move,55,0,0
gemini-3.1-flash-lite,0.2,1,23,59.08,(23;16),move,55,0,0
gemini-3.1-flash-lite,0.2,1,24,55.03,(23;15),move,55,0,0
gemini-3.1-flash-lite,0.2,1,25,50.97,(23;14),move,56,0,0
gemini-3.1-flash-lite,0.2,1,26,46.93,(23;13),move,54,0,0
gemini-3.1-flash-lite,0.2,1,27,42.86,(23;12),move,57,0,0
gemini-3.1-flash-lite,0.2,1,28,38.84,(23;11),move,52,0,0
gemini-3.1-flash-lite,0.2,1,29,34.9,(23;10),move,44,0,0
gemini-3.1-flash-lite,0.2,1,30,30.87,(23;9),move,53,0,0
gemini-3.1-flash-lite,0.2,1,31,26.81,(23;8),move,56,0,0
gemini-3.1-flash-lite,0.2,1,32,22.77,(23;7),move,54,0,0
gemini-3.1-flash-lite,0.2,1,33,40.99,(23;7),forage,41,0,0
gemini-3.1-flash-lite,0.2,1,34,36.79,(23;6),move,70,0,0
gemini-3.1-flash-lite,0.2,1,35,32.71,(23;5),move,58,0,0
gemini-3.1-flash-lite,0.2,1,36,53.89,(23;5),forage,40,0,0
gemini-3.1-flash-lite,0.2,1,37,49.66,(24;6),move,73,0,0
gemini-3.1-flash-lite,0.2,1,38,45.67,(25;6),move,49,0,0
gemini-3.1-flash-lite,0.2,1,39,32.29,(25;6),attempt_vault,38,0,0
gemini-3.1-flash-lite,0.2,1,40,28.18,(26;6),move,61,0,0
gemini-3.1-flash-lite,0.2,1,41,24.07,(27;6),move,61,0,0
gemini-3.1-flash-lite,0.2,1,42,20.03,(28;6),move,54,0,0
gemini-3.1-flash-lite,0.2,1,43,33.75,(28;6),forage,40,0,0
gemini-3.1-flash-lite,0.2,1,44,29.73,(27;6),move,52,0,0
gemini-3.1-flash-lite,0.2,1,45,25.75,(26;6),move,48,0,0
gemini-3.1-flash-lite,0.2,1,46,21.76,(25;6),move,49,0,0
gemini-3.1-flash-lite,0.2,1,47,8.27,(25;6),attempt_vault,49,0,0
gemini-3.1-flash-lite,0.2,1,48,4.17,(26;5),move,60,0,0
gemini-3.1-flash-lite,0.2,1,49,0.12,(27;4),move,55,0,0
gemini-3.1-flash-lite,0.2,1,49,-2.39,(27;4),rest,51,0,0
gemini-3.1-flash-lite,0.2,2,1,95.79,(17;16),move,71,0,0
gemini-3.1-flash-lite,0.2,2,2,91.77,(18;16),move,52,0,0
gemini-3.1-flash-lite,0.2,2,3,87.84,(19;16),move,43,0,0
gemini-3.1-flash-lite,0.2,2,4,83.94,(20;16),move,40,0,0
gemini-3.1-flash-lite,0.2,2,5,80.02,(21;16),move,42,0,0
gemini-3.1-flash-lite,0.2,2,6,75.92,(22;16),move,60,0,0
gemini-3.1-flash-lite,0.2,2,7,71.82,(23;16),move,60,0,0
gemini-3.1-flash-lite,0.2,2,8,67.72,(24;16),move,60,0,0
gemini-3.1-flash-lite,0.2,2,9,63.63,(25;16),move,59,0,0
gemini-3.1-flash-lite,0.2,2,10,59.61,(26;16),move,52,0,0
gemini-3.1-flash-lite,0.2,2,11,55.65,(27;16),move,46,0,0
gemini-3.1-flash-lite,0.2,2,12,51.63,(28;16),move,52,0,0
gemini-3.1-flash-lite,0.2,2,13,47.4,(28;15),move,73,0,0
gemini-3.1-flash-lite,0.2,2,14,43.3,(28;14),move,60,0,0
gemini-3.1-flash-lite,0.2,2,15,39.2,(28;13),move,60,0,0
gemini-3.1-flash-lite,0.2,2,16,35.25,(28;12),move,45,0,0
gemini-3.1-flash-lite,0.2,2,17,31.22,(28;11),move,53,0,0
gemini-3.1-flash-lite,0.2,2,18,27.19,(28;10),move,53,0,0
gemini-3.1-flash-lite,0.2,2,19,23.16,(28;9),move,53,0,0
gemini-3.1-flash-lite,0.2,2,20,19.13,(29;8),move,53,0,0
gemini-3.1-flash-lite,0.2,2,21,15.24,(30;7),move,39,0,0
gemini-3.1-flash-lite,0.2,2,22,11.29,(31;6),move,45,0,0
gemini-3.1-flash-lite,0.2,2,23,29.96,(31;6),forage,39,0,0
gemini-3.1-flash-lite,0.2,2,24,25.95,(30;6),move,51,0,0
gemini-3.1-flash-lite,0.2,2,25,21.96,(29;5),move,49,0,0
gemini-3.1-flash-lite,0.2,2,26,18.01,(28;4),move,45,0,0
gemini-3.1-flash-lite,0.2,2,27,13.99,(27;3),move,52,0,0
gemini-3.1-flash-lite,0.2,2,28,29.26,(27;3),forage,44,0,0
gemini-3.1-flash-lite,0.2,2,29,25.22,(26;4),move,54,0,0
gemini-3.1-flash-lite,0.2,2,30,21.24,(25;5),move,48,0,0
gemini-3.1-flash-lite,0.2,2,31,17.24,(25;6),move,50,0,0
gemini-3.1-flash-lite,0.2,2,32,100.0,(25;6),attempt_vault,36,0,0
gemini-3.1-flash-lite,0.2,2,33,95.98,(26;6),move,52,0,0
gemini-3.1-flash-lite,0.2,2,34,91.98,(27;6),move,50,0,0
gemini-3.1-flash-lite,0.2,2,35,88.06,(28;6),move,42,0,0
gemini-3.1-flash-lite,0.2,2,36,84.12,(29;6),move,44,0,0
gemini-3.1-flash-lite,0.2,2,37,80.13,(29;5),move,49,0,0
gemini-3.1-flash-lite,0.2,2,38,76.12,(28;4),move,51,0,0
gemini-3.1-flash-lite,0.2,2,39,72.11,(28;3),move,51,0,0
gemini-3.1-flash-lite,0.2,2,40,68.11,(28;2),move,50,0,0
gemini-3.1-flash-lite,0.2,2,41,64.06,(27;2),move,55,0,0
gemini-3.1-flash-lite,0.2,2,42,60.07,(26;2),move,49,0,0
gemini-3.1-flash-lite,0.2,2,43,56.08,(26;3),move,49,0,0
gemini-3.1-flash-lite,0.2,2,44,52.13,(26;4),move,45,0,0
gemini-3.1-flash-lite,0.2,2,45,48.15,(25;5),move,48,0,0
gemini-3.1-flash-lite,0.2,2,46,44.05,(24;5),move,60,0,0
gemini-3.1-flash-lite,0.2,2,47,40.01,(23;5),move,54,0,0
gemini-3.1-flash-lite,0.2,2,48,35.95,(22;5),move,56,0,0
gemini-3.1-flash-lite,0.2,2,49,31.89,(21;5),move,56,0,0
gemini-3.1-flash-lite,0.2,2,50,27.83,(20;5),move,56,0,0
gemini-3.1-flash-lite,0.2,2,51,23.84,(20;6),move,49,0,0
gemini-3.1-flash-lite,0.2,2,52,19.8,(21;7),move,54,0,0
gemini-3.1-flash-lite,0.2,2,53,15.79,(22;8),move,51,0,0
gemini-3.1-flash-lite,0.2,2,54,11.65,(23;8),move,64,0,0
gemini-3.1-flash-lite,0.2,2,55,7.58,(24;8),move,57,0,0
gemini-3.1-flash-lite,0.2,2,56,3.46,(25;8),move,62,0,0
gemini-3.1-flash-lite,0.2,2,57,-0.69,(25;9),move,65,0,0
gemini-3.1-flash-lite,0.2,3,1,95.86,(17;16),move,64,0,0
gemini-3.1-flash-lite,0.2,3,2,91.84,(18;16),move,52,0,0
gemini-3.1-flash-lite,0.2,3,3,87.77,(19;15),move,57,0,0
gemini-3.1-flash-lite,0.2,3,4,83.81,(20;15),move,46,0,0
gemini-3.1-flash-lite,0.2,3,5,79.86,(21;15),move,45,0,0
gemini-3.1-flash-lite,0.2,3,6,98.26,(21;15),forage,35,0,0
gemini-3.1-flash-lite,0.2,3,7,94.18,(22;15),move,58,0,0
gemini-3.1-flash-lite,0.2,3,8,100.0,(22;15),forage,41,0,0
gemini-3.1-flash-lite,0.2,3,9,95.99,(22;14),move,51,0,0
gemini-3.1-flash-lite,0.2,3,10,91.94,(22;13),move,55,0,0
gemini-3.1-flash-lite,0.2,3,11,87.98,(22;12),move,46,0,0
gemini-3.1-flash-lite,0.2,3,12,84.02,(22;11),move,46,0,0
gemini-3.1-flash-lite,0.2,3,13,80.06,(22;10),move,46,0,0
gemini-3.1-flash-lite,0.2,3,14,76.15,(22;9),move,41,0,0
gemini-3.1-flash-lite,0.2,3,15,72.12,(23;8),move,53,0,0
gemini-3.1-flash-lite,0.2,3,16,68.14,(24;7),move,48,0,0
gemini-3.1-flash-lite,0.2,3,17,64.14,(25;6),move,50,0,0
gemini-3.1-flash-lite,0.2,3,18,50.77,(25;6),attempt_vault,37,0,0
gemini-3.1-flash-lite,0.2,3,19,100.0,(25;6),attempt_vault,48,0,0
gemini-3.1-flash-lite,0.2,3,20,96.02,(26;6),move,48,0,0
gemini-3.1-flash-lite,0.2,3,21,92.04,(27;6),move,48,0,0
gemini-3.1-flash-lite,0.2,3,22,88.06,(28;5),move,48,0,0
gemini-3.1-flash-lite,0.2,3,23,84.08,(29;4),move,48,0,0
gemini-3.1-flash-lite,0.2,3,24,80.14,(30;3),move,44,0,0
gemini-3.1-flash-lite,0.2,3,25,92.74,(30;3),forage,36,0,0
gemini-3.1-flash-lite,0.2,3,26,88.75,(29;3),move,49,0,0
gemini-3.1-flash-lite,0.2,3,27,84.79,(28;3),move,46,0,0
gemini-3.1-flash-lite,0.2,3,28,80.85,(27;3),move,44,0,0
gemini-3.1-flash-lite,0.2,3,29,76.91,(26;3),move,44,0,0
gemini-3.1-flash-lite,0.2,3,30,73.01,(25;3),move,40,0,0
gemini-3.1-flash-lite,0.2,3,31,69.07,(24;3),move,44,0,0
gemini-3.1-flash-lite,0.2,3,32,65.22,(24;3),move,35,0,0
gemini-3.1-flash-lite,0.2,3,33,61.24,(24;4),move,48,0,0
gemini-3.1-flash-lite,0.2,3,34,57.26,(24;5),move,48,0,0
gemini-3.1-flash-lite,0.2,3,35,53.28,(23;6),move,48,0,0
gemini-3.1-flash-lite,0.2,3,36,49.37,(23;6),move,41,0,0
gemini-3.1-flash-lite,0.2,3,37,45.39,(23;7),move,48,0,0
gemini-3.1-flash-lite,0.2,3,38,41.48,(22;7),move,41,0,0
gemini-3.1-flash-lite,0.2,3,39,37.49,(22;7),move,49,0,0
gemini-3.1-flash-lite,0.2,3,40,33.46,(23;7),move,53,0,0
gemini-3.1-flash-lite,0.2,3,41,29.45,(23;6),move,51,0,0
gemini-3.1-flash-lite,0.2,3,42,25.49,(23;5),move,46,0,0
gemini-3.1-flash-lite,0.2,3,43,21.58,(23;4),move,41,0,0
gemini-3.1-flash-lite,0.2,3,44,17.67,(23;4),move,41,0,0
gemini-3.1-flash-lite,0.2,3,45,13.69,(24;4),move,48,0,0
gemini-3.1-flash-lite,0.2,3,46,9.71,(25;4),move,48,0,0
gemini-3.1-flash-lite,0.2,3,47,5.7,(26;4),move,51,0,0
gemini-3.1-flash-lite,0.2,3,48,1.74,(27;4),move,46,0,0
gemini-3.1-flash-lite,0.2,3,48,-0.74,(27;4),rest,48,0,0
gemini-3.1-flash-lite,0.2,4,1,95.92,(15;17),move,58,0,0
gemini-3.1-flash-lite,0.2,4,2,91.94,(14;18),move,48,0,0
gemini-3.1-flash-lite,0.2,4,3,88.02,(13;18),move,42,0,0
gemini-3.1-flash-lite,0.2,4,4,100.0,(13;18),forage,36,0,0
gemini-3.1-flash-lite,0.2,4,5,95.93,(12;19),move,57,0,0
gemini-3.1-flash-lite,0.2,4,6,100.0,(12;19),forage,35,0,0
gemini-3.1-flash-lite,0.2,4,7,95.95,(13;19),move,55,0,0
gemini-3.1-flash-lite,0.2,4,8,91.91,(14;19),move,54,0,0
gemini-3.1-flash-lite,0.2,4,9,87.92,(15;20),move,49,0,0
gemini-3.1-flash-lite,0.2,4,10,83.94,(16;20),move,48,0,0
gemini-3.1-flash-lite,0.2,4,11,79.96,(17;20),move,48,0,0
gemini-3.1-flash-lite,0.2,4,12,100.0,(17;20),forage,33,0,0
gemini-3.1-flash-lite,0.2,4,13,95.98,(17;19),move,52,0,0
gemini-3.1-flash-lite,0.2,4,14,91.94,(17;18),move,54,0,0
gemini-3.1-flash-lite,0.2,4,15,87.91,(17;17),move,53,0,0
gemini-3.1-flash-lite,0.2,4,16,83.88,(17;16),move,53,0,0
gemini-3.1-flash-lite,0.2,4,17,79.85,(17;15),move,53,0,0
gemini-3.1-flash-lite,0.2,4,18,75.87,(17;14),move,48,0,0
gemini-3.1-flash-lite,0.2,4,19,71.87,(17;13),move,50,0,0
gemini-3.1-flash-lite,0.2,4,20,67.87,(17;12),move,50,0,0
gemini-3.1-flash-lite,0.2,4,21,63.89,(16;12),move,48,0,0
gemini-3.1-flash-lite,0.2,4,22,59.85,(15;12),move,54,0,0
gemini-3.1-flash-lite,0.2,4,23,55.85,(14;12),move,50,0,0
gemini-3.1-flash-lite,0.2,4,24,51.87,(13;13),move,48,0,0
gemini-3.1-flash-lite,0.2,4,25,47.94,(12;13),move,43,0,0
gemini-3.1-flash-lite,0.2,4,26,43.99,(11;13),move,45,0,0
gemini-3.1-flash-lite,0.2,4,27,40.01,(10;13),move,48,0,0
gemini-3.1-flash-lite,0.2,4,28,54.84,(10;13),forage,35,0,0
gemini-3.1-flash-lite,0.2,4,29,50.69,(11;14),move,65,0,0
gemini-3.1-flash-lite,0.2,4,30,64.55,(11;14),forage,35,0,0
gemini-3.1-flash-lite,0.2,4,31,60.51,(11;14),move,54,0,0
gemini-3.1-flash-lite,0.2,4,32,56.53,(11;13),move,48,0,0
gemini-3.1-flash-lite,0.2,4,33,52.52,(11;13),move,51,0,0
gemini-3.1-flash-lite,0.2,4,34,48.54,(12;13),move,48,0,0
gemini-3.1-flash-lite,0.2,4,35,44.59,(13;13),move,45,0,0
gemini-3.1-flash-lite,0.2,4,36,40.63,(14;13),move,46,0,0
gemini-3.1-flash-lite,0.2,4,37,36.71,(15;13),move,42,0,0
gemini-3.1-flash-lite,0.2,4,38,32.73,(16;13),move,48,0,0
gemini-3.1-flash-lite,0.2,4,39,28.75,(17;13),move,48,0,0
gemini-3.1-flash-lite,0.2,4,40,24.77,(18;13),move,48,0,0
gemini-3.1-flash-lite,0.2,4,41,20.79,(19;13),move,48,0,0
gemini-3.1-flash-lite,0.2,4,42,16.81,(20;13),move,48,0,0
gemini-3.1-flash-lite,0.2,4,43,12.83,(21;13),move,48,0,0
gemini-3.1-flash-lite,0.2,4,44,8.79,(22;13),move,54,0,0
gemini-3.1-flash-lite,0.2,4,45,4.62,(22;14),move,67,0,0
gemini-3.1-flash-lite,0.2,4,46,0.55,(22;15),move,57,0,0
gemini-3.1-flash-lite,0.2,4,46,-2.04,(22;15),rest,59,0,0
gemini-3.1-flash-lite,0.2,5,1,95.75,(17;16),move,75,0,0
gemini-3.1-flash-lite,0.2,5,2,91.79,(18;16),move,46,0,0
gemini-3.1-flash-lite,0.2,5,3,87.88,(19;16),move,41,0,0
gemini-3.1-flash-lite,0.2,5,4,83.96,(20;16),move,42,0,0
gemini-3.1-flash-lite,0.2,5,5,79.83,(21;16),move,63,0,0
gemini-3.1-flash-lite,0.2,5,6,75.84,(22;16),move,49,0,0
gemini-3.1-flash-lite,0.2,5,7,71.75,(23;16),move,59,0,0
gemini-3.1-flash-lite,0.2,5,8,67.74,(24;16),move,51,0,0
gemini-3.1-flash-lite,0.2,5,9,63.67,(25;16),move,57,0,0
gemini-3.1-flash-lite,0.2,5,10,59.66,(26;16),move,51,0,0
gemini-3.1-flash-lite,0.2,5,11,55.65,(27;16),move,51,0,0
gemini-3.1-flash-lite,0.2,5,12,51.65,(28;16),move,50,0,0
gemini-3.1-flash-lite,0.2,5,13,47.62,(28;15),move,53,0,0
gemini-3.1-flash-lite,0.2,5,14,43.53,(28;14),move,59,0,0
gemini-3.1-flash-lite,0.2,5,15,39.51,(28;13),move,52,0,0
gemini-3.1-flash-lite,0.2,5,16,35.5,(28;12),move,51,0,0
gemini-3.1-flash-lite,0.2,5,17,31.44,(28;11),move,56,0,0
gemini-3.1-flash-lite,0.2,5,18,27.41,(28;10),move,53,0,0
gemini-3.1-flash-lite,0.2,5,19,23.43,(28;9),move,48,0,0
gemini-3.1-flash-lite,0.2,5,20,19.39,(27;8),move,54,0,0
gemini-3.1-flash-lite,0.2,5,21,15.38,(26;7),move,51,0,0
gemini-3.1-flash-lite,0.2,5,22,11.37,(25;6),move,51,0,0
gemini-3.1-flash-lite,0.2,5,23,82.38,(25;6),attempt_vault,45,0,0
gemini-3.1-flash-lite,0.2,5,24,78.25,(26;5),move,63,0,0
gemini-3.1-flash-lite,0.2,5,25,74.24,(25;4),move,51,0,0
gemini-3.1-flash-lite,0.2,5,26,70.24,(25;3),move,50,0,0
gemini-3.1-flash-lite,0.2,5,27,66.22,(25;2),move,52,0,0
gemini-3.1-flash-lite,0.2,5,28,78.53,(25;2),forage,35,0,0
gemini-3.1-flash-lite,0.2,5,29,74.47,(26;3),move,56,0,0
gemini-3.1-flash-lite,0.2,5,30,70.52,(27;4),move,45,0,0
gemini-3.1-flash-lite,0.2,5,31,66.5,(28;4),move,52,0,0
gemini-3.1-flash-lite,0.2,5,32,78.3,(28;4),forage,36,0,0
gemini-3.1-flash-lite,0.2,5,33,74.29,(29;4),move,51,0,0
gemini-3.1-flash-lite,0.2,5,34,70.25,(28;4),move,54,0,0
gemini-3.1-flash-lite,0.2,5,35,66.19,(27;5),move,56,0,0
gemini-3.1-flash-lite,0.2,5,36,62.2,(27;6),move,49,0,0
gemini-3.1-flash-lite,0.2,5,37,58.15,(27;7),move,55,0,0
gemini-3.1-flash-lite,0.2,5,38,54.21,(27;8),move,44,0,0
gemini-3.1-flash-lite,0.2,5,39,51.21,(27;8),rest,0,0,0
gemini-3.1-flash-lite,0.2,5,40,47.27,(27;9),move,44,0,0
gemini-3.1-flash-lite,0.2,5,41,43.36,(27;10),move,41,0,0
gemini-3.1-flash-lite,0.2,5,42,39.45,(27;10),move,41,0,0
gemini-3.1-flash-lite,0.2,5,43,35.44,(28;10),move,51,0,0
gemini-3.1-flash-lite,0.2,5,44,31.41,(29;10),move,53,0,0
gemini-3.1-flash-lite,0.2,5,45,27.39,(29;11),move,52,0,0
gemini-3.1-flash-lite,0.2,5,46,23.29,(28;11),move,60,0,0
gemini-3.1-flash-lite,0.2,5,47,19.18,(28;10),move,61,0,0
gemini-3.1-flash-lite,0.2,5,48,15.11,(28;9),move,57,0,0
gemini-3.1-flash-lite,0.2,5,49,10.98,(27;8),move,63,0,0
gemini-3.1-flash-lite,0.2,5,50,6.76,(27;7),move,72,0,0
gemini-3.1-flash-lite,0.2,5,51,2.67,(27;6),move,59,0,0
gemini-3.1-flash-lite,0.2,5,52,-1.46,(27;5),move,63,0,0
gemini-3.1-flash-lite,0.2,6,1,95.75,(17;16),move,75,0,0
gemini-3.1-flash-lite,0.2,6,2,91.73,(18;16),move,52,0,0
gemini-3.1-flash-lite,0.2,6,3,87.75,(19;16),move,48,0,0
gemini-3.1-flash-lite,0.2,6,4,83.77,(20;16),move,48,0,0
gemini-3.1-flash-lite,0.2,6,5,79.66,(21;16),move,61,0,0
gemini-3.1-flash-lite,0.2,6,6,75.65,(22;16),move,51,0,0
gemini-3.1-flash-lite,0.2,6,7,71.65,(23;16),move,50,0,0
gemini-3.1-flash-lite,0.2,6,8,67.64,(24;16),move,51,0,0
gemini-3.1-flash-lite,0.2,6,9,63.63,(25;16),move,51,0,0
gemini-3.1-flash-lite,0.2,6,10,59.64,(26;16),move,49,0,0
gemini-3.1-flash-lite,0.2,6,11,55.65,(27;16),move,49,0,0
gemini-3.1-flash-lite,0.2,6,12,51.66,(28;16),move,49,0,0
gemini-3.1-flash-lite,0.2,6,13,47.66,(28;17),move,50,0,0
gemini-3.1-flash-lite,0.2,6,14,43.62,(27;18),move,54,0,0
gemini-3.1-flash-lite,0.2,6,15,39.64,(26;19),move,48,0,0
gemini-3.1-flash-lite,0.2,6,16,35.66,(26;20),move,48,0,0
gemini-3.1-flash-lite,0.2,6,17,54.83,(26;20),forage,33,0,0
gemini-3.1-flash-lite,0.2,6,18,50.73,(27;21),move,60,0,0
gemini-3.1-flash-lite,0.2,6,19,46.75,(27;22),move,48,0,0
gemini-3.1-flash-lite,0.2,6,20,42.73,(27;23),move,52,0,0
gemini-3.1-flash-lite,0.2,6,21,62.04,(27;23),forage,40,0,0
gemini-3.1-flash-lite,0.2,6,22,58.0,(26;24),move,54,0,0
gemini-3.1-flash-lite,0.2,6,23,54.02,(25;25),move,48,0,0
gemini-3.1-flash-lite,0.2,6,24,40.66,(25;25),attempt_vault,36,0,0
gemini-3.1-flash-lite,0.2,6,25,36.49,(24;24),move,67,0,0
gemini-3.1-flash-lite,0.2,6,26,49.07,(24;24),forage,41,0,0
gemini-3.1-flash-lite,0.2,6,27,45.07,(25;25),move,50,0,0
gemini-3.1-flash-lite,0.2,6,28,31.7,(25;25),attempt_vault,37,0,0
gemini-3.1-flash-lite,0.2,6,29,27.7,(25;24),move,50,0,0
gemini-3.1-flash-lite,0.2,6,30,23.75,(25;23),move,45,0,0
gemini-3.1-flash-lite,0.2,6,31,19.77,(25;22),move,48,0,0
gemini-3.1-flash-lite,0.2,6,32,15.78,(25;21),move,49,0,0
gemini-3.1-flash-lite,0.2,6,33,11.72,(25;20),move,56,0,0
gemini-3.1-flash-lite,0.2,6,34,7.73,(25;19),move,49,0,0
gemini-3.1-flash-lite,0.2,6,35,3.7,(25;18),move,53,0,0
gemini-3.1-flash-lite,0.2,6,36,-0.34,(25;17),move,54,0,0
gemini-3.1-flash-lite,0.2,7,1,95.79,(17;16),move,71,0,0
gemini-3.1-flash-lite,0.2,7,2,91.76,(18;16),move,53,0,0
gemini-3.1-flash-lite,0.2,7,3,87.78,(19;16),move,48,0,0
gemini-3.1-flash-lite,0.2,7,4,83.83,(20;16),move,45,0,0
gemini-3.1-flash-lite,0.2,7,5,79.7,(20;17),move,63,0,0
gemini-3.1-flash-lite,0.2,7,6,75.7,(20;18),move,50,0,0
gemini-3.1-flash-lite,0.2,7,7,71.72,(20;19),move,48,0,0
gemini-3.1-flash-lite,0.2,7,8,67.74,(20;20),move,48,0,0
gemini-3.1-flash-lite,0.2,7,9,63.83,(20;21),move,41,0,0
gemini-3.1-flash-lite,0.2,7,10,59.85,(20;22),move,48,0,0
gemini-3.1-flash-lite,0.2,7,11,55.93,(20;23),move,42,0,0
gemini-3.1-flash-lite,0.2,7,12,52.03,(20;24),move,40,0,0
gemini-3.1-flash-lite,0.2,7,13,48.11,(20;25),move,42,0,0
gemini-3.1-flash-lite,0.2,7,14,44.19,(20;26),move,42,0,0
gemini-3.1-flash-lite,0.2,7,15,40.27,(20;27),move,42,0,0
gemini-3.1-flash-lite,0.2,7,16,36.35,(20;28),move,42,0,0
gemini-3.1-flash-lite,0.2,7,17,32.39,(21;28),move,46,0,0
gemini-3.1-flash-lite,0.2,7,18,28.49,(22;28),move,40,0,0
gemini-3.1-flash-lite,0.2,7,19,24.46,(23;27),move,53,0,0
gemini-3.1-flash-lite,0.2,7,20,20.5,(24;26),move,46,0,0
gemini-3.1-flash-lite,0.2,7,21,16.51,(25;25),move,49,0,0
gemini-3.1-flash-lite,0.2,7,22,3.07,(25;25),attempt_vault,44,0,0
gemini-3.1-flash-lite,0.2,7,23,-10.5,(25;25),attempt_vault,57,0,0
gemini-3.1-flash-lite,0.2,8,1,95.91,(16;15),move,59,0,0
gemini-3.1-flash-lite,0.2,8,2,91.88,(16;14),move,53,0,0
gemini-3.1-flash-lite,0.2,8,3,87.93,(16;13),move,45,0,0
gemini-3.1-flash-lite,0.2,8,4,83.98,(16;12),move,45,0,0
gemini-3.1-flash-lite,0.2,8,5,80.07,(16;12),move,41,0,0
gemini-3.1-flash-lite,0.2,8,6,76.08,(17;12),move,49,0,0
gemini-3.1-flash-lite,0.2,8,7,72.09,(17;12),move,49,0,0
gemini-3.1-flash-lite,0.2,8,8,68.09,(17;13),move,50,0,0
gemini-3.1-flash-lite,0.2,8,9,64.1,(18;14),move,49,0,0
gemini-3.1-flash-lite,0.2,8,10,60.14,(18;15),move,46,0,0
gemini-3.1-flash-lite,0.2,8,11,56.23,(18;16),move,41,0,0
gemini-3.1-flash-lite,0.2,8,12,52.29,(19;16),move,44,0,0
gemini-3.1-flash-lite,0.2,8,13,48.38,(20;16),move,41,0,0
gemini-3.1-flash-lite,0.2,8,14,44.38,(21;16),move,50,0,0
gemini-3.1-flash-lite,0.2,8,15,40.38,(22;16),move,50,0,0
gemini-3.1-flash-lite,0.2,8,16,36.35,(23;16),move,53,0,0
gemini-3.1-flash-lite,0.2,8,17,32.3,(24;16),move,55,0,0
gemini-3.1-flash-lite,0.2,8,18,28.29,(25;16),move,51,0,0
gemini-3.1-flash-lite,0.2,8,19,24.3,(26;16),move,49,0,0
gemini-3.1-flash-lite,0.2,8,20,20.27,(27;16),move,53,0,0
gemini-3.1-flash-lite,0.2,8,21,16.25,(28;16),move,52,0,0
gemini-3.1-flash-lite,0.2,8,22,12.2,(29;15),move,55,0,0
gemini-3.1-flash-lite,0.2,8,23,7.98,(29;14),move,72,0,0
gemini-3.1-flash-lite,0.2,8,24,3.85,(29;13),move,63,0,0
gemini-3.1-flash-lite,0.2,8,25,-0.16,(29;12),move,51,0,0
gemini-3.1-flash-lite,0.2,9,1,95.79,(17;16),move,71,0,0
gemini-3.1-flash-lite,0.2,9,2,91.7,(18;16),move,59,0,0
gemini-3.1-flash-lite,0.2,9,3,87.77,(19;16),move,43,0,0
gemini-3.1-flash-lite,0.2,9,4,83.79,(20;16),move,48,0,0
gemini-3.1-flash-lite,0.2,9,5,79.67,(21;16),move,62,0,0
gemini-3.1-flash-lite,0.2,9,6,75.66,(22;16),move,51,0,0
gemini-3.1-flash-lite,0.2,9,7,71.62,(22;17),move,54,0,0
gemini-3.1-flash-lite,0.2,9,8,67.54,(22;18),move,58,0,0
gemini-3.1-flash-lite,0.2,9,9,63.45,(22;19),move,59,0,0
gemini-3.1-flash-lite,0.2,9,10,59.46,(22;20),move,49,0,0
gemini-3.1-flash-lite,0.2,9,11,55.39,(22;20),move,57,0,0
gemini-3.1-flash-lite,0.2,9,12,51.19,(23;20),move,70,0,0
gemini-3.1-flash-lite,0.2,9,13,47.15,(23;20),move,54,0,0
gemini-3.1-flash-lite,0.2,9,14,43.16,(23;20),move,49,0,0
gemini-3.1-flash-lite,0.2,9,15,39.08,(24;20),move,58,0,0
gemini-3.1-flash-lite,0.2,9,16,35.02,(25;20),move,56,0,0
gemini-3.1-flash-lite,0.2,9,17,30.88,(25;21),move,64,0,0
gemini-3.1-flash-lite,0.2,9,18,26.79,(25;22),move,59,0,0
gemini-3.1-flash-lite,0.2,9,19,22.69,(25;23),move,60,0,0
gemini-3.1-flash-lite,0.2,9,20,18.77,(25;24),move,42,0,0
gemini-3.1-flash-lite,0.2,9,21,14.77,(25;25),move,50,0,0
gemini-3.1-flash-lite,0.2,9,22,89.94,(25;25),attempt_vault,46,0,0
gemini-3.1-flash-lite,0.2,9,23,85.94,(25;24),move,50,0,0
gemini-3.1-flash-lite,0.2,9,24,81.98,(25;23),move,46,0,0
gemini-3.1-flash-lite,0.2,9,25,78.0,(25;22),move,48,0,0
gemini-3.1-flash-lite,0.2,9,26,74.01,(25;21),move,49,0,0
gemini-3.1-flash-lite,0.2,9,27,69.88,(25;20),move,63,0,0
gemini-3.1-flash-lite,0.2,9,28,65.78,(25;19),move,60,0,0
gemini-3.1-flash-lite,0.2,9,29,61.77,(25;18),move,51,0,0
gemini-3.1-flash-lite,0.2,9,30,57.81,(25;17),move,46,0,0
gemini-3.1-flash-lite,0.2,9,31,53.78,(25;16),move,53,0,0
gemini-3.1-flash-lite,0.2,9,32,49.84,(25;15),move,44,0,0
gemini-3.1-flash-lite,0.2,9,33,45.85,(25;14),move,49,0,0
gemini-3.1-flash-lite,0.2,9,34,41.9,(25;13),move,45,0,0
gemini-3.1-flash-lite,0.2,9,35,37.98,(25;12),move,42,0,0
gemini-3.1-flash-lite,0.2,9,36,34.06,(25;11),move,42,0,0
gemini-3.1-flash-lite,0.2,9,37,30.13,(25;10),move,43,0,0
gemini-3.1-flash-lite,0.2,9,38,26.06,(26;9),move,57,0,0
gemini-3.1-flash-lite,0.2,9,39,22.08,(26;8),move,48,0,0
gemini-3.1-flash-lite,0.2,9,40,18.12,(26;7),move,46,0,0
gemini-3.1-flash-lite,0.2,9,41,33.92,(26;7),forage,41,0,0
gemini-3.1-flash-lite,0.2,9,42,29.88,(25;6),move,54,0,0
gemini-3.1-flash-lite,0.2,9,43,16.48,(25;6),attempt_vault,40,0,0
gemini-3.1-flash-lite,0.2,9,44,12.45,(24;5),move,53,0,0
gemini-3.1-flash-lite,0.2,9,45,8.44,(24;4),move,51,0,0
gemini-3.1-flash-lite,0.2,9,46,24.53,(24;4),forage,41,0,0
gemini-3.1-flash-lite,0.2,9,47,20.54,(25;5),move,49,0,0
gemini-3.1-flash-lite,0.2,9,48,16.54,(25;6),move,50,0,0
gemini-3.1-flash-lite,0.2,9,49,87.25,(25;6),attempt_vault,37,0,0
gemini-3.1-flash-lite,0.2,9,50,83.23,(25;5),move,52,0,0
gemini-3.1-flash-lite,0.2,9,51,79.21,(25;4),move,52,0,0
gemini-3.1-flash-lite,0.2,9,52,75.12,(26;4),move,59,0,0
gemini-3.1-flash-lite,0.2,9,53,71.13,(27;5),move,49,0,0
gemini-3.1-flash-lite,0.2,9,54,67.14,(28;5),move,49,0,0
gemini-3.1-flash-lite,0.2,9,55,63.16,(29;5),move,48,0,0
gemini-3.1-flash-lite,0.2,9,56,75.93,(29;5),forage,33,0,0
gemini-3.1-flash-lite,0.2,9,57,71.93,(28;5),move,50,0,0
gemini-3.1-flash-lite,0.2,9,58,67.92,(27;5),move,51,0,0
gemini-3.1-flash-lite,0.2,9,59,63.84,(26;5),move,58,0,0
gemini-3.1-flash-lite,0.2,9,60,59.85,(25;6),move,49,0,0
gemini-3.1-flash-lite,0.2,9,61,55.76,(25;7),move,59,0,0
gemini-3.1-flash-lite,0.2,9,62,51.82,(25;8),move,44,0,0
gemini-3.1-flash-lite,0.2,9,63,47.9,(25;9),move,42,0,0
gemini-3.1-flash-lite,0.2,9,64,43.98,(25;10),move,42,0,0
gemini-3.1-flash-lite,0.2,9,65,39.92,(25;11),move,56,0,0
gemini-3.1-flash-lite,0.2,9,66,35.9,(25;12),move,52,0,0
gemini-3.1-flash-lite,0.2,9,67,31.94,(25;13),move,46,0,0
gemini-3.1-flash-lite,0.2,9,68,27.95,(25;14),move,49,0,0
gemini-3.1-flash-lite,0.2,9,69,23.9,(25;15),move,55,0,0
gemini-3.1-flash-lite,0.2,9,70,19.92,(25;16),move,48,0,0
gemini-3.1-flash-lite,0.2,9,71,15.94,(25;17),move,48,0,0
gemini-3.1-flash-lite,0.2,9,72,11.93,(25;18),move,51,0,0
gemini-3.1-flash-lite,0.2,9,73,7.94,(25;19),move,49,0,0
gemini-3.1-flash-lite,0.2,9,74,3.92,(25;20),move,52,0,0
gemini-3.1-flash-lite,0.2,9,75,-0.14,(25;21),move,56,0,0
gemini-3.1-flash-lite,0.2,10,1,95.92,(15;17),move,58,0,0
gemini-3.1-flash-lite,0.2,10,2,91.84,(14;17),move,58,0,0
gemini-3.1-flash-lite,0.2,10,3,87.89,(13;17),move,45,0,0
gemini-3.1-flash-lite,0.2,10,4,100.0,(13;17),forage,35,0,0
gemini-3.1-flash-lite,0.2,10,5,95.91,(14;17),move,59,0,0
gemini-3.1-flash-lite,0.2,10,6,91.92,(15;18),move,49,0,0
gemini-3.1-flash-lite,0.2,10,7,87.91,(16;19),move,51,0,0
gemini-3.1-flash-lite,0.2,10,8,83.95,(17;20),move,46,0,0
gemini-3.1-flash-lite,0.2,10,9,100.0,(17;20),forage,38,0,0
gemini-3.1-flash-lite,0.2,10,10,95.9,(18;21),move,60,0,0
gemini-3.1-flash-lite,0.2,10,11,91.94,(19;22),move,46,0,0
gemini-3.1-flash-lite,0.2,10,12,87.99,(20;23),move,45,0,0
gemini-3.1-flash-lite,0.2,10,13,100.0,(20;23),forage,37,0,0
gemini-3.1-flash-lite,0.2,10,14,95.9,(21;24),move,60,0,0
gemini-3.1-flash-lite,0.2,10,15,91.92,(22;25),move,48,0,0
gemini-3.1-flash-lite,0.2,10,16,100.0,(22;25),forage,40,0,0
gemini-3.1-flash-lite,0.2,10,17,95.99,(23;25),move,51,0,0
gemini-3.1-flash-lite,0.2,10,18,92.01,(24;25),move,48,0,0
gemini-3.1-flash-lite,0.2,10,19,88.01,(25;25),move,50,0,0
gemini-3.1-flash-lite,0.2,10,20,74.65,(25;25),attempt_vault,36,0,0
gemini-3.1-flash-lite,0.2,10,21,61.2,(25;25),attempt_vault,45,0,0
gemini-3.1-flash-lite,0.2,10,22,47.75,(25;25),attempt_vault,45,0,0
gemini-3.1-flash-lite,0.2,10,23,43.72,(25;24),move,53,0,0
gemini-3.1-flash-lite,0.2,10,24,39.59,(25;23),move,63,0,0
gemini-3.1-flash-lite,0.2,10,25,35.63,(25;22),move,46,0,0
gemini-3.1-flash-lite,0.2,10,26,31.63,(25;21),move,50,0,0
gemini-3.1-flash-lite,0.2,10,27,27.52,(25;20),move,61,0,0
gemini-3.1-flash-lite,0.2,10,28,23.46,(25;19),move,56,0,0
gemini-3.1-flash-lite,0.2,10,29,19.45,(25;18),move,51,0,0
gemini-3.1-flash-lite,0.2,10,30,15.42,(25;17),move,53,0,0
gemini-3.1-flash-lite,0.2,10,31,11.34,(25;16),move,58,0,0
gemini-3.1-flash-lite,0.2,10,32,7.29,(25;15),move,55,0,0
gemini-3.1-flash-lite,0.2,10,33,3.17,(25;14),move,62,0,0
gemini-3.1-flash-lite,0.2,10,34,-0.96,(25;13),move,63,0,0
gemini-3.1-flash-lite,0.2,11,1,95.8,(17;16),move,70,0,0
gemini-3.1-flash-lite,0.2,11,2,91.69,(18;16),move,61,0,0
gemini-3.1-flash-lite,0.2,11,3,87.71,(19;16),move,48,0,0
gemini-3.1-flash-lite,0.2,11,4,83.73,(20;16),move,48,0,0
gemini-3.1-flash-lite,0.2,11,5,79.62,(21;16),move,61,0,0
gemini-3.1-flash-lite,0.2,11,6,75.64,(22;16),move,48,0,0
gemini-3.1-flash-lite,0.2,11,7,71.58,(23;17),move,56,0,0
gemini-3.1-flash-lite,0.2,11,8,67.54,(24;18),move,54,0,0
gemini-3.1-flash-lite,0.2,11,9,63.48,(25;17),move,56,0,0
gemini-3.1-flash-lite,0.2,11,10,59.5,(26;16),move,48,0,0
gemini-3.1-flash-lite,0.2,11,11,55.47,(26;15),move,53,0,0
gemini-3.1-flash-lite,0.2,11,12,51.49,(26;14),move,48,0,0
gemini-3.1-flash-lite,0.2,11,13,47.44,(25;13),move,55,0,0
gemini-3.1-flash-lite,0.2,11,14,43.42,(24;12),move,52,0,0
gemini-3.1-flash-lite,0.2,11,15,39.34,(24;11),move,58,0,0
gemini-3.1-flash-lite,0.2,11,16,35.39,(24;10),move,45,0,0
gemini-3.1-flash-lite,0.2,11,17,32.39,(24;10),rest,0,0,0
gemini-3.1-flash-lite,0.2,11,18,28.35,(24;9),move,54,0,0
gemini-3.1-flash-lite,0.2,11,19,24.32,(25;8),move,53,0,0
gemini-3.1-flash-lite,0.2,11,20,20.38,(25;7),move,44,0,0
gemini-3.1-flash-lite,0.2,11,21,16.44,(25;6),move,44,0,0
gemini-3.1-flash-lite,0.2,11,22,2.99,(25;6),attempt_vault,45,0,0
gemini-3.1-flash-lite,0.2,11,23,-0.69,(25;6),rest,68,0,0
gemini-3.1-flash-lite,0.2,12,1,95.81,(17;16),move,69,0,0
gemini-3.1-flash-lite,0.2,12,2,91.81,(18;16),move,50,0,0
gemini-3.1-flash-lite,0.2,12,3,87.8,(19;16),move,51,0,0
gemini-3.1-flash-lite,0.2,12,4,83.88,(20;16),move,42,0,0
gemini-3.1-flash-lite,0.2,12,5,79.76,(21;16),move,62,0,0
gemini-3.1-flash-lite,0.2,12,6,75.75,(22;16),move,51,0,0
gemini-3.1-flash-lite,0.2,12,7,71.73,(23;16),move,52,0,0
gemini-3.1-flash-lite,0.2,12,8,67.69,(24;16),move,54,0,0
gemini-3.1-flash-lite,0.2,12,9,63.67,(25;16),move,52,0,0
gemini-3.1-flash-lite,0.2,12,10,59.69,(26;16),move,48,0,0
gemini-3.1-flash-lite,0.2,12,11,55.67,(27;16),move,52,0,0
gemini-3.1-flash-lite,0.2,12,12,51.71,(28;16),move,46,0,0
gemini-3.1-flash-lite,0.2,12,13,47.68,(28;15),move,53,0,0
gemini-3.1-flash-lite,0.2,12,14,43.66,(29;14),move,52,0,0
gemini-3.1-flash-lite,0.2,12,15,39.63,(30;13),move,53,0,0
gemini-3.1-flash-lite,0.2,12,16,35.65,(30;12),move,48,0,0
gemini-3.1-flash-lite,0.2,12,17,55.57,(30;12),forage,35,0,0
gemini-3.1-flash-lite,0.2,12,18,51.55,(30;13),move,52,0,0
gemini-3.1-flash-lite,0.2,12,19,47.52,(29;13),move,53,0,0
gemini-3.1-flash-lite,0.2,12,20,43.56,(28;13),move,46,0,0
gemini-3.1-flash-lite,0.2,12,21,39.54,(27;13),move,52,0,0
gemini-3.1-flash-lite,0.2,12,22,35.56,(26;13),move,48,0,0
gemini-3.1-flash-lite,0.2,12,23,31.48,(25;13),move,58,0,0
gemini-3.1-flash-lite,0.2,12,24,27.55,(24;13),move,43,0,0
gemini-3.1-flash-lite,0.2,12,25,23.59,(23;13),move,46,0,0
gemini-3.1-flash-lite,0.2,12,26,19.56,(22;13),move,53,0,0
gemini-3.1-flash-lite,0.2,12,27,15.57,(21;13),move,49,0,0
gemini-3.1-flash-lite,0.2,12,28,11.61,(20;13),move,46,0,0
gemini-3.1-flash-lite,0.2,12,29,7.6,(19;13),move,51,0,0
gemini-3.1-flash-lite,0.2,12,30,3.53,(18;13),move,57,0,0
gemini-3.1-flash-lite,0.2,12,31,-0.56,(17;13),move,59,0,0
gemini-3.1-flash-lite,0.2,13,1,95.78,(17;16),move,72,0,0
gemini-3.1-flash-lite,0.2,13,2,91.77,(18;16),move,51,0,0
gemini-3.1-flash-lite,0.2,13,3,87.78,(19;16),move,49,0,0
gemini-3.1-flash-lite,0.2,13,4,83.86,(20;16),move,42,0,0
gemini-3.1-flash-lite,0.2,13,5,79.77,(20;17),move,59,0,0
gemini-3.1-flash-lite,0.2,13,6,75.76,(20;18),move,51,0,0
gemini-3.1-flash-lite,0.2,13,7,71.78,(20;19),move,48,0,0
gemini-3.1-flash-lite,0.2,13,8,67.85,(20;20),move,43,0,0
gemini-3.1-flash-lite,0.2,13,9,63.87,(19;20),move,48,0,0
gemini-3.1-flash-lite,0.2,13,10,59.88,(19;20),move,49,0,0
gemini-3.1-flash-lite,0.2,13,11,55.88,(19;19),move,50,0,0
gemini-3.1-flash-lite,0.2,13,12,51.95,(19;18),move,43,0,0
gemini-3.1-flash-lite,0.2,13,13,48.03,(19;17),move,42,0,0
gemini-3.1-flash-lite,0.2,13,14,44.13,(19;16),move,40,0,0
gemini-3.1-flash-lite,0.2,13,15,40.22,(19;15),move,41,0,0
gemini-3.1-flash-lite,0.2,13,16,36.31,(19;14),move,41,0,0
gemini-3.1-flash-lite,0.2,13,17,32.4,(19;13),move,41,0,0
gemini-3.1-flash-lite,0.2,13,18,28.49,(19;12),move,41,0,0
gemini-3.1-flash-lite,0.2,13,19,24.58,(19;11),move,41,0,0
gemini-3.1-flash-lite,0.2,13,20,20.67,(19;11),move,41,0,0
gemini-3.1-flash-lite,0.2,13,21,16.64,(19;11),move,53,0,0
gemini-3.1-flash-lite,0.2,13,22,12.62,(18;11),move,52,0,0
gemini-3.1-flash-lite,0.2,13,23,8.6,(18;11),move,52,0,0
gemini-3.1-flash-lite,0.2,13,24,4.62,(18;11),move,48,0,0
gemini-3.1-flash-lite,0.2,13,25,0.56,(17;12),move,56,0,0
gemini-3.1-flash-lite,0.2,13,25,-1.99,(17;12),rest,55,0,0
gemini-3.1-flash-lite,0.2,14,1,95.81,(17;16),move,69,0,0
gemini-3.1-flash-lite,0.2,14,2,91.85,(18;16),move,46,0,0
gemini-3.1-flash-lite,0.2,14,3,87.92,(19;16),move,43,0,0
gemini-3.1-flash-lite,0.2,14,4,84.01,(20;16),move,41,0,0
gemini-3.1-flash-lite,0.2,14,5,79.9,(21;17),move,61,0,0
gemini-3.1-flash-lite,0.2,14,6,75.87,(21;18),move,53,0,0
gemini-3.1-flash-lite,0.2,14,7,71.84,(22;19),move,53,0,0
gemini-3.1-flash-lite,0.2,14,8,67.83,(23;19),move,51,0,0
gemini-3.1-flash-lite,0.2,14,9,63.81,(23;20),move,52,0,0
gemini-3.1-flash-lite,0.2,14,10,59.82,(23;20),move,49,0,0
gemini-3.1-flash-lite,0.2,14,11,55.82,(22;20),move,50,0,0
gemini-3.1-flash-lite,0.2,14,12,51.8,(21;20),move,52,0,0
gemini-3.1-flash-lite,0.2,14,13,47.81,(21;19),move,49,0,0
gemini-3.1-flash-lite,0.2,14,14,43.9,(21;18),move,41,0,0
gemini-3.1-flash-lite,0.2,14,15,39.92,(21;17),move,48,0,0
gemini-3.1-flash-lite,0.2,14,16,35.91,(21;16),move,51,0,0
gemini-3.1-flash-lite,0.2,14,17,31.88,(21;15),move,53,0,0
gemini-3.1-flash-lite,0.2,14,18,27.97,(21;14),move,41,0,0
gemini-3.1-flash-lite,0.2,14,19,24.07,(21;13),move,40,0,0
gemini-3.1-flash-lite,0.2,14,20,20.05,(20;12),move,52,0,0
gemini-3.1-flash-lite,0.2,14,21,16.06,(19;11),move,49,0,0
gemini-3.1-flash-lite,0.2,14,22,12.07,(18;10),move,49,0,0
gemini-3.1-flash-lite,0.2,14,23,32.15,(18;10),forage,39,0,0
gemini-3.1-flash-lite,0.2,14,24,28.17,(18;11),move,48,0,0
gemini-3.1-flash-lite,0.2,14,25,24.14,(18;11),move,53,0,0
gemini-3.1-flash-lite,0.2,14,26,20.19,(19;11),move,45,0,0
gemini-3.1-flash-lite,0.2,14,27,16.15,(19;11),move,54,0,0
gemini-3.1-flash-lite,0.2,14,28,12.14,(19;11),move,51,0,0
gemini-3.1-flash-lite,0.2,14,29,8.13,(19;12),move,51,0,0
gemini-3.1-flash-lite,0.2,14,30,4.17,(19;13),move,46,0,0
gemini-3.1-flash-lite,0.2,14,31,0.07,(19;14),move,60,0,0
gemini-3.1-flash-lite,0.2,14,31,-2.44,(19;14),rest,51,0,0
gemini-3.1-flash-lite,0.2,15,1,95.93,(17;16),move,57,0,0
gemini-3.1-flash-lite,0.2,15,2,91.9,(18;16),move,53,0,0
gemini-3.1-flash-lite,0.2,15,3,87.99,(19;16),move,41,0,0
gemini-3.1-flash-lite,0.2,15,4,83.95,(20;16),move,54,0,0
gemini-3.1-flash-lite,0.2,15,5,79.83,(21;16),move,62,0,0
gemini-3.1-flash-lite,0.2,15,6,75.83,(22;16),move,50,0,0
gemini-3.1-flash-lite,0.2,15,7,71.77,(23;16),move,56,0,0
gemini-3.1-flash-lite,0.2,15,8,67.74,(24;16),move,53,0,0
gemini-3.1-flash-lite,0.2,15,9,63.7,(25;16),move,54,0,0
gemini-3.1-flash-lite,0.2,15,10,59.75,(26;16),move,45,0,0
gemini-3.1-flash-lite,0.2,15,11,55.77,(27;16),move,48,0,0
gemini-3.1-flash-lite,0.2,15,12,51.69,(28;16),move,58,0,0
gemini-3.1-flash-lite,0.2,15,13,47.71,(28;15),move,48,0,0
gemini-3.1-flash-lite,0.2,15,14,43.75,(28;14),move,46,0,0
gemini-3.1-flash-lite,0.2,15,15,39.79,(28;13),move,46,0,0
gemini-3.1-flash-lite,0.2,15,16,35.89,(28;12),move,40,0,0
gemini-3.1-flash-lite,0.2,15,17,31.91,(28;11),move,48,0,0
gemini-3.1-flash-lite,0.2,15,18,28.0,(28;10),move,41,0,0
gemini-3.1-flash-lite,0.2,15,19,24.07,(28;9),move,43,0,0
gemini-3.1-flash-lite,0.2,15,20,20.04,(27;8),move,53,0,0
gemini-3.1-flash-lite,0.2,15,21,16.09,(26;7),move,45,0,0
gemini-3.1-flash-lite,0.2,15,22,12.18,(25;6),move,41,0,0
gemini-3.1-flash-lite,0.2,15,23,-1.27,(25;6),attempt_vault,45,0,0
gemini-3.1-flash-lite,0.2,16,1,95.87,(17;16),move,63,0,0
gemini-3.1-flash-lite,0.2,16,2,91.86,(18;16),move,51,0,0
gemini-3.1-flash-lite,0.2,16,3,87.85,(19;16),move,51,0,0
gemini-3.1-flash-lite,0.2,16,4,83.84,(20;16),move,51,0,0
gemini-3.1-flash-lite,0.2,16,5,79.82,(21;16),move,52,0,0
gemini-3.1-flash-lite,0.2,16,6,75.79,(22;16),move,53,0,0
gemini-3.1-flash-lite,0.2,16,7,71.76,(23;16),move,53,0,0
gemini-3.1-flash-lite,0.2,16,8,67.73,(24;16),move,53,0,0
gemini-3.1-flash-lite,0.2,16,9,63.77,(25;16),move,46,0,0
gemini-3.1-flash-lite,0.2,16,10,59.78,(26;16),move,49,0,0
gemini-3.1-flash-lite,0.2,16,11,55.74,(27;16),move,54,0,0
gemini-3.1-flash-lite,0.2,16,12,51.73,(28;16),move,51,0,0
gemini-3.1-flash-lite,0.2,16,13,47.68,(29;16),move,55,0,0
gemini-3.1-flash-lite,0.2,16,14,43.68,(29;17),move,50,0,0
gemini-3.1-flash-lite,0.2,16,15,39.65,(29;18),move,53,0,0
gemini-3.1-flash-lite,0.2,16,16,35.7,(29;19),move,45,0,0
gemini-3.1-flash-lite,0.2,16,17,31.75,(29;19),move,45,0,0
gemini-3.1-flash-lite,0.2,16,18,27.71,(28;19),move,54,0,0
gemini-3.1-flash-lite,0.2,16,19,23.77,(27;19),move,44,0,0
gemini-3.1-flash-lite,0.2,16,20,19.87,(26;19),move,40,0,0
gemini-3.1-flash-lite,0.2,16,21,15.97,(25;19),move,40,0,0
gemini-3.1-flash-lite,0.2,16,22,11.99,(24;19),move,48,0,0
gemini-3.1-flash-lite,0.2,16,23,8.01,(23;19),move,48,0,0
gemini-3.1-flash-lite,0.2,16,24,4.03,(22;19),move,48,0,0
gemini-3.1-flash-lite,0.2,16,25,0.05,(21;19),move,48,0,0
gemini-3.1-flash-lite,0.2,16,25,-2.45,(21;19),rest,50,0,0
gemini-3.1-flash-lite,0.2,17,1,95.8,(17;16),move,70,0,0
gemini-3.1-flash-lite,0.2,17,2,91.82,(18;16),move,48,0,0
gemini-3.1-flash-lite,0.2,17,3,87.89,(19;16),move,43,0,0
gemini-3.1-flash-lite,0.2,17,4,83.98,(20;16),move,41,0,0
gemini-3.1-flash-lite,0.2,17,5,79.87,(21;16),move,61,0,0
gemini-3.1-flash-lite,0.2,17,6,75.78,(22;16),move,59,0,0
gemini-3.1-flash-lite,0.2,17,7,71.73,(23;16),move,55,0,0
gemini-3.1-flash-lite,0.2,17,8,67.69,(24;16),move,54,0,0
gemini-3.1-flash-lite,0.2,17,9,63.67,(25;16),move,52,0,0
gemini-3.1-flash-lite,0.2,17,10,59.64,(26;16),move,53,0,0
gemini-3.1-flash-lite,0.2,17,11,55.55,(27;16),move,59,0,0
gemini-3.1-flash-lite,0.2,17,12,51.53,(28;16),move,52,0,0
gemini-3.1-flash-lite,0.2,17,13,47.51,(29;16),move,52,0,0
gemini-3.1-flash-lite,0.2,17,14,43.45,(29;15),move,56,0,0
gemini-3.1-flash-lite,0.2,17,15,39.44,(29;14),move,51,0,0
gemini-3.1-flash-lite,0.2,17,16,35.52,(29;13),move,42,0,0
gemini-3.1-flash-lite,0.2,17,17,31.58,(29;12),move,44,0,0
gemini-3.1-flash-lite,0.2,17,18,27.65,(29;11),move,43,0,0
gemini-3.1-flash-lite,0.2,17,19,23.73,(29;10),move,42,0,0
gemini-3.1-flash-lite,0.2,17,20,19.81,(29;9),move,42,0,0
gemini-3.1-flash-lite,0.2,17,21,15.89,(29;8),move,42,0,0
gemini-3.1-flash-lite,0.2,17,22,11.97,(29;7),move,42,0,0
gemini-3.1-flash-lite,0.2,17,23,7.93,(28;7),move,54,0,0
gemini-3.1-flash-lite,0.2,17,24,3.86,(27;6),move,57,0,0
gemini-3.1-flash-lite,0.2,17,25,-0.16,(26;6),move,52,0,0
gemini-3.1-flash-lite,0.2,18,1,95.82,(17;16),move,68,0,0
gemini-3.1-flash-lite,0.2,18,2,91.75,(18;16),move,57,0,0
gemini-3.1-flash-lite,0.2,18,3,87.75,(19;16),move,50,0,0
gemini-3.1-flash-lite,0.2,18,4,83.68,(20;16),move,57,0,0
gemini-3.1-flash-lite,0.2,18,5,79.57,(21;16),move,61,0,0
gemini-3.1-flash-lite,0.2,18,6,75.51,(22;16),move,56,0,0
gemini-3.1-flash-lite,0.2,18,7,71.45,(23;16),move,56,0,0
gemini-3.1-flash-lite,0.2,18,8,67.34,(24;16),move,61,0,0
gemini-3.1-flash-lite,0.2,18,9,63.25,(25;16),move,59,0,0
gemini-3.1-flash-lite,0.2,18,10,59.32,(26;16),move,43,0,0
gemini-3.1-flash-lite,0.2,18,11,55.32,(27;16),move,50,0,0
gemini-3.1-flash-lite,0.2,18,12,51.31,(28;16),move,51,0,0
gemini-3.1-flash-lite,0.2,18,13,47.29,(28;15),move,52,0,0
gemini-3.1-flash-lite,0.2,18,14,43.17,(28;14),move,62,0,0
gemini-3.1-flash-lite,0.2,18,15,39.11,(28;13),move,56,0,0
gemini-3.1-flash-lite,0.2,18,16,35.09,(27;13),move,52,0,0
gemini-3.1-flash-lite,0.2,18,17,31.11,(26;13),move,48,0,0
gemini-3.1-flash-lite,0.2,18,18,27.2,(25;13),move,41,0,0
gemini-3.1-flash-lite,0.2,18,19,23.29,(24;13),move,41,0,0
gemini-3.1-flash-lite,0.2,18,20,19.36,(23;13),move,43,0,0
gemini-3.1-flash-lite,0.2,18,21,15.31,(22;13),move,55,0,0
gemini-3.1-flash-lite,0.2,18,22,11.12,(22;12),move,69,0,0
gemini-3.1-flash-lite,0.2,18,23,6.98,(22;11),move,64,0,0
gemini-3.1-flash-lite,0.2,18,24,2.88,(22;10),move,60,0,0
gemini-3.1-flash-lite,0.2,18,25,-1.23,(22;9),move,61,0,0
gemini-3.1-flash-lite,0.2,19,1,95.87,(17;16),move,63,0,0
gemini-3.1-flash-lite,0.2,19,2,91.81,(17;15),move,56,0,0
gemini-3.1-flash-lite,0.2,19,3,87.82,(17;14),move,49,0,0
gemini-3.1-flash-lite,0.2,19,4,100.0,(17;14),forage,35,0,0
gemini-3.1-flash-lite,0.2,19,5,95.91,(18;14),move,59,0,0
gemini-3.1-flash-lite,0.2,19,6,91.83,(19;14),move,58,0,0
gemini-3.1-flash-lite,0.2,19,7,87.83,(20;14),move,50,0,0
gemini-3.1-flash-lite,0.2,19,8,83.75,(21;14),move,58,0,0
gemini-3.1-flash-lite,0.2,19,9,79.63,(22;14),move,62,0,0
gemini-3.1-flash-lite,0.2,19,10,75.54,(22;15),move,59,0,0
gemini-3.1-flash-lite,0.2,19,11,71.5,(22;16),move,54,0,0
gemini-3.1-flash-lite,0.2,19,12,67.49,(22;17),move,51,0,0
gemini-3.1-flash-lite,0.2,19,13,63.45,(22;18),move,54,0,0
gemini-3.1-flash-lite,0.2,19,14,59.44,(22;19),move,51,0,0
gemini-3.1-flash-lite,0.2,19,15,55.44,(22;20),move,50,0,0
gemini-3.1-flash-lite,0.2,19,16,51.38,(22;20),move,56,0,0
gemini-3.1-flash-lite,0.2,19,17,47.38,(23;20),move,50,0,0
gemini-3.1-flash-lite,0.2,19,18,43.23,(24;21),move,65,0,0
gemini-3.1-flash-lite,0.2,19,19,39.23,(24;22),move,50,0,0
gemini-3.1-flash-lite,0.2,19,20,35.17,(25;23),move,56,0,0
gemini-3.1-flash-lite,0.2,19,21,31.18,(25;24),move,49,0,0
gemini-3.1-flash-lite,0.2,19,22,27.15,(25;25),move,53,0,0
gemini-3.1-flash-lite,0.2,19,23,13.77,(25;25),attempt_vault,38,0,0
gemini-3.1-flash-lite,0.2,19,24,9.62,(24;26),move,65,0,0
gemini-3.1-flash-lite,0.2,19,25,5.56,(24;27),move,56,0,0
gemini-3.1-flash-lite,0.2,19,26,22.16,(24;27),forage,42,0,0
gemini-3.1-flash-lite,0.2,19,27,18.07,(25;28),move,59,0,0
gemini-3.1-flash-lite,0.2,19,28,13.94,(26;29),move,63,0,0
gemini-3.1-flash-lite,0.2,19,29,25.86,(26;29),forage,41,0,0
gemini-3.1-flash-lite,0.2,19,30,21.81,(26;29),move,55,0,0
gemini-3.1-flash-lite,0.2,19,31,17.77,(25;29),move,54,0,0
gemini-3.1-flash-lite,0.2,19,32,13.79,(24;30),move,48,0,0
gemini-3.1-flash-lite,0.2,19,33,9.8,(23;31),move,49,0,0
gemini-3.1-flash-lite,0.2,19,34,5.81,(22;31),move,49,0,0
gemini-3.1-flash-lite,0.2,19,35,24.3,(22;31),forage,40,0,0
gemini-3.1-flash-lite,0.2,19,36,20.25,(21;30),move,55,0,0
gemini-3.1-flash-lite,0.2,19,37,16.25,(20;29),move,50,0,0
gemini-3.1-flash-lite,0.2,19,38,31.33,(20;29),forage,41,0,0
gemini-3.1-flash-lite,0.2,19,39,27.35,(20;28),move,48,0,0
gemini-3.1-flash-lite,0.2,19,40,23.36,(20;27),move,49,0,0
gemini-3.1-flash-lite,0.2,19,41,19.38,(20;26),move,48,0,0
gemini-3.1-flash-lite,0.2,19,42,32.19,(20;26),forage,35,0,0
gemini-3.1-flash-lite,0.2,19,43,28.17,(20;26),move,52,0,0
gemini-3.1-flash-lite,0.2,19,44,24.18,(20;27),move,49,0,0
gemini-3.1-flash-lite,0.2,19,45,20.23,(19;27),move,45,0,0
gemini-3.1-flash-lite,0.2,19,46,16.25,(19;26),move,48,0,0
gemini-3.1-flash-lite,0.2,19,47,12.27,(19;25),move,48,0,0
gemini-3.1-flash-lite,0.2,19,48,8.29,(20;25),move,48,0,0
gemini-3.1-flash-lite,0.2,19,49,4.26,(21;25),move,53,0,0
gemini-3.1-flash-lite,0.2,19,50,0.34,(22;25),move,42,0,0
gemini-3.1-flash-lite,0.2,19,50,-2.45,(22;25),rest,79,0,0
gemini-3.1-flash-lite,0.2,20,1,95.78,(17;16),move,72,0,0
gemini-3.1-flash-lite,0.2,20,2,91.76,(18;16),move,52,0,0
gemini-3.1-flash-lite,0.2,20,3,87.75,(19;16),move,51,0,0
gemini-3.1-flash-lite,0.2,20,4,83.84,(20;16),move,41,0,0
gemini-3.1-flash-lite,0.2,20,5,79.72,(21;16),move,62,0,0
gemini-3.1-flash-lite,0.2,20,6,75.71,(22;16),move,51,0,0
gemini-3.1-flash-lite,0.2,20,7,71.7,(23;16),move,51,0,0
gemini-3.1-flash-lite,0.2,20,8,67.72,(24;16),move,48,0,0
gemini-3.1-flash-lite,0.2,20,9,63.79,(25;16),move,43,0,0
gemini-3.1-flash-lite,0.2,20,10,59.86,(26;16),move,43,0,0
gemini-3.1-flash-lite,0.2,20,11,55.81,(27;16),move,55,0,0
gemini-3.1-flash-lite,0.2,20,12,51.82,(28;16),move,49,0,0
gemini-3.1-flash-lite,0.2,20,13,47.81,(29;16),move,51,0,0
gemini-3.1-flash-lite,0.2,20,14,43.83,(29;17),move,48,0,0
gemini-3.1-flash-lite,0.2,20,15,39.94,(29;18),move,39,0,0
gemini-3.1-flash-lite,0.2,20,16,36.02,(29;19),move,42,0,0
gemini-3.1-flash-lite,0.2,20,17,32.1,(29;19),move,42,0,0
gemini-3.1-flash-lite,0.2,20,18,28.12,(28;19),move,48,0,0
gemini-3.1-flash-lite,0.2,20,19,24.23,(27;19),move,39,0,0
gemini-3.1-flash-lite,0.2,20,20,20.33,(26;19),move,40,0,0
gemini-3.1-flash-lite,0.2,20,21,16.42,(25;19),move,41,0,0
gemini-3.1-flash-lite,0.2,20,22,12.52,(24;19),move,40,0,0
gemini-3.1-flash-lite,0.2,20,23,8.61,(23;19),move,41,0,0
gemini-3.1-flash-lite,0.2,20,24,4.57,(22;19),move,54,0,0
gemini-3.1-flash-lite,0.2,20,25,0.55,(21;19),move,52,0,0
gemini-3.1-flash-lite,0.2,20,25,-2.05,(21;19),rest,60,0,0
gemini-3.1-flash-lite,0.2,21,1,95.8,(17;16),move,70,0,0
gemini-3.1-flash-lite,0.2,21,2,91.76,(18;16),move,54,0,0
gemini-3.1-flash-lite,0.2,21,3,87.85,(19;16),move,41,0,0
gemini-3.1-flash-lite,0.2,21,4,83.85,(20;16),move,50,0,0
gemini-3.1-flash-lite,0.2,21,5,79.92,(21;16),move,43,0,0
gemini-3.1-flash-lite,0.2,21,6,76.01,(22;16),move,41,0,0
gemini-3.1-flash-lite,0.2,21,7,71.91,(22;17),move,60,0,0
gemini-3.1-flash-lite,0.2,21,8,67.92,(22;18),move,49,0,0
gemini-3.1-flash-lite,0.2,21,9,63.93,(23;18),move,49,0,0
gemini-3.1-flash-lite,0.2,21,10,59.97,(24;18),move,46,0,0
gemini-3.1-flash-lite,0.2,21,11,55.92,(25;18),move,55,0,0
gemini-3.1-flash-lite,0.2,21,12,51.88,(26;18),move,54,0,0
gemini-3.1-flash-lite,0.2,21,13,47.84,(26;17),move,54,0,0
gemini-3.1-flash-lite,0.2,21,14,43.86,(26;16),move,48,0,0
gemini-3.1-flash-lite,0.2,21,15,39.88,(26;15),move,48,0,0
gemini-3.1-flash-lite,0.2,21,16,35.9,(26;14),move,48,0,0
gemini-3.1-flash-lite,0.2,21,17,31.87,(26;13),move,53,0,0
gemini-3.1-flash-lite,0.2,21,18,27.86,(26;12),move,51,0,0
gemini-3.1-flash-lite,0.2,21,19,23.85,(26;11),move,51,0,0
gemini-3.1-flash-lite,0.2,21,20,19.84,(26;10),move,51,0,0
gemini-3.1-flash-lite,0.2,21,21,15.7,(26;9),move,64,0,0
gemini-3.1-flash-lite,0.2,21,22,11.62,(25;8),move,58,0,0
gemini-3.1-flash-lite,0.2,21,23,7.5,(24;7),move,62,0,0
gemini-3.1-flash-lite,0.2,21,24,3.46,(23;7),move,54,0,0
gemini-3.1-flash-lite,0.2,21,25,-0.57,(22;7),move,53,0,0
gemini-3.1-flash-lite,0.2,22,1,95.81,(17;16),move,69,0,0
gemini-3.1-flash-lite,0.2,22,2,91.83,(18;16),move,48,0,0
gemini-3.1-flash-lite,0.2,22,3,87.92,(19;16),move,41,0,0
gemini-3.1-flash-lite,0.2,22,4,84.02,(20;16),move,40,0,0
gemini-3.1-flash-lite,0.2,22,5,79.93,(20;17),move,59,0,0
gemini-3.1-flash-lite,0.2,22,6,75.9,(20;18),move,53,0,0
gemini-3.1-flash-lite,0.2,22,7,71.86,(20;19),move,54,0,0
gemini-3.1-flash-lite,0.2,22,8,67.92,(20;20),move,44,0,0
gemini-3.1-flash-lite,0.2,22,9,63.93,(20;21),move,49,0,0
gemini-3.1-flash-lite,0.2,22,10,77.6,(20;21),forage,35,0,0
gemini-3.1-flash-lite,0.2,22,11,73.55,(20;20),move,55,0,0
gemini-3.1-flash-lite,0.2,22,12,69.53,(20;19),move,52,0,0
gemini-3.1-flash-lite,0.2,22,13,65.52,(20;18),move,51,0,0
gemini-3.1-flash-lite,0.2,22,14,61.54,(20;17),move,48,0,0
gemini-3.1-flash-lite,0.2,22,15,57.63,(20;16),move,41,0,0
gemini-3.1-flash-lite,0.2,22,16,53.72,(20;15),move,41,0,0
gemini-3.1-flash-lite,0.2,22,17,49.65,(20;14),move,57,0,0
gemini-3.1-flash-lite,0.2,22,18,45.63,(20;13),move,52,0,0
gemini-3.1-flash-lite,0.2,22,19,41.62,(20;12),move,51,0,0
gemini-3.1-flash-lite,0.2,22,20,59.29,(20;12),forage,35,0,0
gemini-3.1-flash-lite,0.2,22,21,55.13,(19;11),move,66,0,0
gemini-3.1-flash-lite,0.2,22,22,51.12,(18;10),move,51,0,0
gemini-3.1-flash-lite,0.2,22,23,47.13,(17;9),move,49,0,0
gemini-3.1-flash-lite,0.2,22,24,65.85,(17;9),forage,41,0,0
gemini-3.1-flash-lite,0.2,22,25,61.61,(17;9),move,74,0,0
gemini-3.1-flash-lite,0.2,22,26,57.35,(17;8),move,76,0,0
gemini-3.1-flash-lite,0.2,22,27,53.34,(17;8),move,51,0,0
gemini-3.1-flash-lite,0.2,22,28,49.34,(17;8),move,50,0,0
gemini-3.1-flash-lite,0.2,22,29,45.29,(16;8),move,55,0,0
gemini-3.1-flash-lite,0.2,22,30,41.3,(16;7),move,49,0,0
gemini-3.1-flash-lite,0.2,22,31,37.26,(16;7),move,54,0,0
gemini-3.1-flash-lite,0.2,22,32,33.22,(16;7),move,54,0,0
gemini-3.1-flash-lite,0.2,22,33,29.17,(16;7),move,55,0,0
gemini-3.1-flash-lite,0.2,22,34,25.17,(16;8),move,50,0,0
gemini-3.1-flash-lite,0.2,22,35,21.1,(16;8),move,57,0,0
gemini-3.1-flash-lite,0.2,22,36,17.03,(17;8),move,57,0,0
gemini-3.1-flash-lite,0.2,22,37,13.03,(17;8),move,50,0,0
gemini-3.1-flash-lite,0.2,22,38,8.9,(17;8),move,63,0,0
gemini-3.1-flash-lite,0.2,22,39,4.87,(17;8),move,53,0,0
gemini-3.1-flash-lite,0.2,22,40,0.89,(17;9),move,48,0,0
gemini-3.1-flash-lite,0.2,22,40,-1.65,(17;9),rest,54,0,0
gemini-3.1-flash-lite,0.2,23,1,95.78,(17;16),move,72,0,0
gemini-3.1-flash-lite,0.2,23,2,91.75,(18;16),move,53,0,0
gemini-3.1-flash-lite,0.2,23,3,87.82,(19;16),move,43,0,0
gemini-3.1-flash-lite,0.2,23,4,83.89,(20;16),move,43,0,0
gemini-3.1-flash-lite,0.2,23,5,79.98,(21;16),move,41,0,0
gemini-3.1-flash-lite,0.2,23,6,76.08,(22;16),move,40,0,0
gemini-3.1-flash-lite,0.2,23,7,71.99,(23;16),move,59,0,0
gemini-3.1-flash-lite,0.2,23,8,67.95,(24;16),move,54,0,0
gemini-3.1-flash-lite,0.2,23,9,64.05,(25;16),move,40,0,0
gemini-3.1-flash-lite,0.2,23,10,60.15,(26;16),move,40,0,0
gemini-3.1-flash-lite,0.2,23,11,56.24,(27;16),move,41,0,0
gemini-3.1-flash-lite,0.2,23,12,52.33,(28;16),move,41,0,0
gemini-3.1-flash-lite,0.2,23,13,48.35,(28;17),move,48,0,0
gemini-3.1-flash-lite,0.2,23,14,44.37,(28;18),move,48,0,0
gemini-3.1-flash-lite,0.2,23,15,40.44,(28;19),move,43,0,0
gemini-3.1-flash-lite,0.2,23,16,36.53,(28;20),move,41,0,0
gemini-3.1-flash-lite,0.2,23,17,32.59,(28;21),move,44,0,0
gemini-3.1-flash-lite,0.2,23,18,28.57,(28;22),move,52,0,0
gemini-3.1-flash-lite,0.2,23,19,24.59,(27;23),move,48,0,0
gemini-3.1-flash-lite,0.2,23,20,20.57,(26;24),move,52,0,0
gemini-3.1-flash-lite,0.2,23,21,16.56,(25;25),move,51,0,0
gemini-3.1-flash-lite,0.2,23,22,3.07,(25;25),attempt_vault,49,0,0
gemini-3.1-flash-lite,0.2,23,23,-0.73,(25;25),rest,80,0,0
gemini-3.1-flash-lite,0.2,24,1,95.79,(17;16),move,71,0,0
gemini-3.1-flash-lite,0.2,24,2,91.74,(18;16),move,55,0,0
gemini-3.1-flash-lite,0.2,24,3,87.81,(19;16),move,43,0,0
gemini-3.1-flash-lite,0.2,24,4,83.85,(20;16),move,46,0,0
gemini-3.1-flash-lite,0.2,24,5,79.74,(21;16),move,61,0,0
gemini-3.1-flash-lite,0.2,24,6,75.64,(22;16),move,60,0,0
gemini-3.1-flash-lite,0.2,24,7,71.62,(23;16),move,52,0,0
gemini-3.1-flash-lite,0.2,24,8,67.62,(24;16),move,50,0,0
gemini-3.1-flash-lite,0.2,24,9,63.57,(25;16),move,55,0,0
gemini-3.1-flash-lite,0.2,24,10,59.62,(26;16),move,45,0,0
gemini-3.1-flash-lite,0.2,24,11,55.64,(27;16),move,48,0,0
gemini-3.1-flash-lite,0.2,24,12,51.65,(28;16),move,49,0,0
gemini-3.1-flash-lite,0.2,24,13,47.55,(28;15),move,60,0,0
gemini-3.1-flash-lite,0.2,24,14,43.64,(28;14),move,41,0,0
gemini-3.1-flash-lite,0.2,24,15,39.58,(28;13),move,56,0,0
gemini-3.1-flash-lite,0.2,24,16,35.65,(28;12),move,43,0,0
gemini-3.1-flash-lite,0.2,24,17,31.7,(28;11),move,45,0,0
gemini-3.1-flash-lite,0.2,24,18,45.83,(28;11),forage,35,0,0
gemini-3.1-flash-lite,0.2,24,19,41.76,(29;11),move,57,0,0
gemini-3.1-flash-lite,0.2,24,20,37.74,(30;11),move,52,0,0
gemini-3.1-flash-lite,0.2,24,21,49.5,(30;11),forage,35,0,0
gemini-3.1-flash-lite,0.2,24,22,45.51,(29;11),move,49,0,0
gemini-3.1-flash-lite,0.2,24,23,41.47,(28;11),move,54,0,0
gemini-3.1-flash-lite,0.2,24,24,37.39,(28;10),move,58,0,0
gemini-3.1-flash-lite,0.2,24,25,33.41,(28;9),move,48,0,0
gemini-3.1-flash-lite,0.2,24,26,29.37,(27;8),move,54,0,0
gemini-3.1-flash-lite,0.2,24,27,25.2,(26;9),move,67,0,0
gemini-3.1-flash-lite,0.2,24,28,21.13,(25;10),move,57,0,0
gemini-3.1-flash-lite,0.2,24,29,17.09,(24;10),move,54,0,0
gemini-3.1-flash-lite,0.2,24,30,34.28,(24;10),forage,39,0,0
gemini-3.1-flash-lite,0.2,24,31,30.17,(23;9),move,61,0,0
gemini-3.1-flash-lite,0.2,24,32,26.07,(22;8),move,60,0,0
gemini-3.1-flash-lite,0.2,24,33,21.99,(22;7),move,58,0,0
gemini-3.1-flash-lite,0.2,24,34,34.02,(22;7),forage,42,0,0
gemini-3.1-flash-lite,0.2,24,35,29.9,(23;6),move,62,0,0
gemini-3.1-flash-lite,0.2,24,36,25.88,(24;6),move,52,0,0
gemini-3.1-flash-lite,0.2,24,37,21.86,(25;6),move,52,0,0
gemini-3.1-flash-lite,0.2,24,38,8.49,(25;6),attempt_vault,37,0,0
gemini-3.1-flash-lite,0.2,24,39,4.35,(24;6),move,64,0,0
gemini-3.1-flash-lite,0.2,24,40,0.23,(23;6),move,62,0,0
gemini-3.1-flash-lite,0.2,24,40,-2.37,(23;6),rest,60,0,0
gemini-3.1-flash-lite,0.2,25,1,95.95,(17;15),move,55,0,0
gemini-3.1-flash-lite,0.2,25,2,91.94,(18;14),move,51,0,0
gemini-3.1-flash-lite,0.2,25,3,87.93,(19;13),move,51,0,0
gemini-3.1-flash-lite,0.2,25,4,100.0,(19;13),forage,36,0,0
gemini-3.1-flash-lite,0.2,25,5,95.91,(19;14),move,59,0,0
gemini-3.1-flash-lite,0.2,25,6,91.86,(19;15),move,55,0,0
gemini-3.1-flash-lite,0.2,25,7,87.88,(19;16),move,48,0,0
gemini-3.1-flash-lite,0.2,25,8,83.86,(20;16),move,52,0,0
gemini-3.1-flash-lite,0.2,25,9,79.86,(21;16),move,50,0,0
gemini-3.1-flash-lite,0.2,25,10,75.82,(22;16),move,54,0,0
gemini-3.1-flash-lite,0.2,25,11,71.82,(23;16),move,50,0,0
gemini-3.1-flash-lite,0.2,25,12,67.82,(24;16),move,50,0,0
gemini-3.1-flash-lite,0.2,25,13,63.78,(25;16),move,54,0,0
gemini-3.1-flash-lite,0.2,25,14,59.79,(26;16),move,49,0,0
gemini-3.1-flash-lite,0.2,25,15,55.83,(27;16),move,46,0,0
gemini-3.1-flash-lite,0.2,25,16,51.82,(28;16),move,51,0,0
gemini-3.1-flash-lite,0.2,25,17,47.7,(29;16),move,62,0,0
gemini-3.1-flash-lite,0.2,25,18,43.68,(30;16),move,52,0,0
gemini-3.1-flash-lite,0.2,25,19,39.65,(31;16),move,53,0,0
gemini-3.1-flash-lite,0.2,25,20,35.59,(31;15),move,56,0,0
gemini-3.1-flash-lite,0.2,25,21,31.56,(31;14),move,53,0,0
gemini-3.1-flash-lite,0.2,25,22,27.62,(31;13),move,44,0,0
gemini-3.1-flash-lite,0.2,25,23,23.61,(31;12),move,51,0,0
gemini-3.1-flash-lite,0.2,25,24,19.66,(31;11),move,45,0,0
gemini-3.1-flash-lite,0.2,25,25,15.44,(30;10),move,72,0,0
gemini-3.1-flash-lite,0.2,25,26,11.43,(29;10),move,51,0,0
gemini-3.1-flash-lite,0.2,25,27,7.3,(28;10),move,63,0,0
gemini-3.1-flash-lite,0.2,25,28,3.13,(27;10),move,67,0,0
gemini-3.1-flash-lite,0.2,25,29,-0.99,(26;10),move,62,0,0
gemini-3.1-flash-lite,0.2,26,1,95.78,(17;16),move,72,0,0
gemini-3.1-flash-lite,0.2,26,2,91.76,(18;16),move,52,0,0
gemini-3.1-flash-lite,0.2,26,3,87.85,(19;16),move,41,0,0
gemini-3.1-flash-lite,0.2,26,4,83.87,(20;16),move,48,0,0
gemini-3.1-flash-lite,0.2,26,5,79.77,(21;16),move,60,0,0
gemini-3.1-flash-lite,0.2,26,6,75.76,(22;16),move,51,0,0
gemini-3.1-flash-lite,0.2,26,7,71.7,(22;17),move,56,0,0
gemini-3.1-flash-lite,0.2,26,8,67.69,(22;18),move,51,0,0
gemini-3.1-flash-lite,0.2,26,9,63.64,(22;19),move,55,0,0
gemini-3.1-flash-lite,0.2,26,10,59.62,(22;20),move,52,0,0
gemini-3.1-flash-lite,0.2,26,11,55.66,(22;20),move,46,0,0
gemini-3.1-flash-lite,0.2,26,12,51.65,(23;20),move,51,0,0
gemini-3.1-flash-lite,0.2,26,13,47.71,(24;20),move,44,0,0
gemini-3.1-flash-lite,0.2,26,14,43.77,(25;20),move,44,0,0
gemini-3.1-flash-lite,0.2,26,15,39.87,(26;20),move,40,0,0
gemini-3.1-flash-lite,0.2,26,16,35.89,(26;19),move,48,0,0
gemini-3.1-flash-lite,0.2,26,17,31.98,(26;18),move,41,0,0
gemini-3.1-flash-lite,0.2,26,18,28.05,(26;17),move,43,0,0
gemini-3.1-flash-lite,0.2,26,19,24.14,(26;16),move,41,0,0
gemini-3.1-flash-lite,0.2,26,20,20.23,(26;15),move,41,0,0
gemini-3.1-flash-lite,0.2,26,21,16.32,(26;14),move,41,0,0
gemini-3.1-flash-lite,0.2,26,22,12.41,(26;13),move,41,0,0
gemini-3.1-flash-lite,0.2,26,23,8.5,(26;12),move,41,0,0
gemini-3.1-flash-lite,0.2,26,24,4.4,(26;11),move,60,0,0
gemini-3.1-flash-lite,0.2,26,25,0.31,(26;10),move,59,0,0
gemini-3.1-flash-lite,0.2,26,25,-2.29,(26;10),rest,60,0,0
gemini-3.1-flash-lite,0.2,27,1,95.92,(17;16),move,58,0,0
gemini-3.1-flash-lite,0.2,27,2,91.91,(18;16),move,51,0,0
gemini-3.1-flash-lite,0.2,27,3,87.9,(19;16),move,51,0,0
gemini-3.1-flash-lite,0.2,27,4,83.98,(20;16),move,42,0,0
gemini-3.1-flash-lite,0.2,27,5,79.96,(21;16),move,52,0,0
gemini-3.1-flash-lite,0.2,27,6,76.06,(22;16),move,40,0,0
gemini-3.1-flash-lite,0.2,27,7,72.03,(23;16),move,53,0,0
gemini-3.1-flash-lite,0.2,27,8,68.08,(24;16),move,45,0,0
gemini-3.1-flash-lite,0.2,27,9,64.14,(25;16),move,44,0,0
gemini-3.1-flash-lite,0.2,27,10,60.26,(26;16),move,38,0,0
gemini-3.1-flash-lite,0.2,27,11,56.3,(27;16),move,46,0,0
gemini-3.1-flash-lite,0.2,27,12,52.31,(28;16),move,49,0,0
gemini-3.1-flash-lite,0.2,27,13,48.32,(28;17),move,49,0,0
gemini-3.1-flash-lite,0.2,27,14,44.42,(28;18),move,40,0,0
gemini-3.1-flash-lite,0.2,27,15,40.5,(28;19),move,42,0,0
gemini-3.1-flash-lite,0.2,27,16,36.59,(28;20),move,41,0,0
gemini-3.1-flash-lite,0.2,27,17,32.69,(28;21),move,40,0,0
gemini-3.1-flash-lite,0.2,27,18,28.77,(28;22),move,42,0,0
gemini-3.1-flash-lite,0.2,27,19,24.71,(27;23),move,56,0,0
gemini-3.1-flash-lite,0.2,27,20,20.76,(26;24),move,45,0,0
gemini-3.1-flash-lite,0.2,27,21,16.81,(25;25),move,45,0,0
gemini-3.1-flash-lite,0.2,27,22,3.38,(25;25),attempt_vault,43,0,0
gemini-3.1-flash-lite,0.2,27,23,-10.14,(25;25),attempt_vault,52,0,0
gemini-3.1-flash-lite,0.2,28,1,95.81,(17;16),move,69,0,0
gemini-3.1-flash-lite,0.2,28,2,91.71,(16;17),move,60,0,0
gemini-3.1-flash-lite,0.2,28,3,87.72,(16;18),move,49,0,0
gemini-3.1-flash-lite,0.2,28,4,100.0,(16;18),forage,35,0,0
gemini-3.1-flash-lite,0.2,28,5,95.83,(17;18),move,67,0,0
gemini-3.1-flash-lite,0.2,28,6,91.69,(18;18),move,64,0,0
gemini-3.1-flash-lite,0.2,28,7,87.66,(19;18),move,53,0,0
gemini-3.1-flash-lite,0.2,28,8,83.64,(20;18),move,52,0,0
gemini-3.1-flash-lite,0.2,28,9,79.55,(21;18),move,59,0,0
gemini-3.1-flash-lite,0.2,28,10,75.59,(22;18),move,46,0,0
gemini-3.1-flash-lite,0.2,28,11,71.51,(22;17),move,58,0,0
gemini-3.1-flash-lite,0.2,28,12,67.37,(22;16),move,64,0,0
gemini-3.1-flash-lite,0.2,28,13,63.41,(22;15),move,46,0,0
gemini-3.1-flash-lite,0.2,28,14,59.43,(22;14),move,48,0,0
gemini-3.1-flash-lite,0.2,28,15,55.39,(22;13),move,54,0,0
gemini-3.1-flash-lite,0.2,28,16,51.31,(22;12),move,58,0,0
gemini-3.1-flash-lite,0.2,28,17,47.35,(22;11),move,46,0,0
gemini-3.1-flash-lite,0.2,28,18,43.42,(22;10),move,43,0,0
gemini-3.1-flash-lite,0.2,28,19,39.47,(22;9),move,45,0,0
gemini-3.1-flash-lite,0.2,28,20,35.45,(21;8),move,52,0,0
gemini-3.1-flash-lite,0.2,28,21,31.56,(20;7),move,39,0,0
gemini-3.1-flash-lite,0.2,28,22,27.62,(20;6),move,44,0,0
gemini-3.1-flash-lite,0.2,28,23,43.15,(20;6),forage,35,0,0
gemini-3.1-flash-lite,0.2,28,24,39.17,(19;6),move,48,0,0
gemini-3.1-flash-lite,0.2,28,25,53.06,(19;6),forage,35,0,0
gemini-3.1-flash-lite,0.2,28,26,49.08,(20;6),move,48,0,0
gemini-3.1-flash-lite,0.2,28,27,45.07,(21;6),move,51,0,0
gemini-3.1-flash-lite,0.2,28,28,41.03,(21;6),move,54,0,0
gemini-3.1-flash-lite,0.2,28,29,37.01,(21;5),move,52,0,0
gemini-3.1-flash-lite,0.2,28,30,33.08,(21;4),move,43,0,0
gemini-3.1-flash-lite,0.2,28,31,29.04,(20;3),move,54,0,0
gemini-3.1-flash-lite,0.2,28,32,25.03,(19;2),move,51,0,0
gemini-3.1-flash-lite,0.2,28,33,21.08,(19;1),move,45,0,0
gemini-3.1-flash-lite,0.2,28,34,42.23,(19;1),forage,35,0,0
gemini-3.1-flash-lite,0.2,28,35,38.16,(19;2),move,57,0,0
gemini-3.1-flash-lite,0.2,28,36,34.13,(19;3),move,53,0,0
gemini-3.1-flash-lite,0.2,28,37,30.2,(19;4),move,43,0,0
gemini-3.1-flash-lite,0.2,28,38,26.27,(19;5),move,43,0,0
gemini-3.1-flash-lite,0.2,28,39,22.37,(19;6),move,40,0,0
gemini-3.1-flash-lite,0.2,28,40,18.45,(19;6),move,42,0,0
gemini-3.1-flash-lite,0.2,28,41,14.47,(20;6),move,48,0,0
gemini-3.1-flash-lite,0.2,28,42,10.56,(21;6),move,41,0,0
gemini-3.1-flash-lite,0.2,28,43,6.48,(21;6),move,58,0,0
gemini-3.1-flash-lite,0.2,28,44,2.48,(21;5),move,50,0,0
gemini-3.1-flash-lite,0.2,28,44,-0.11,(21;5),rest,59,0,0
gemini-3.1-flash-lite,0.2,29,1,95.81,(17;16),move,69,0,0
gemini-3.1-flash-lite,0.2,29,2,91.77,(18;16),move,54,0,0
gemini-3.1-flash-lite,0.2,29,3,87.84,(19;16),move,43,0,0
gemini-3.1-flash-lite,0.2,29,4,83.95,(20;16),move,39,0,0
gemini-3.1-flash-lite,0.2,29,5,79.84,(21;16),move,61,0,0
gemini-3.1-flash-lite,0.2,29,6,75.8,(22;16),move,54,0,0
gemini-3.1-flash-lite,0.2,29,7,71.8,(23;16),move,50,0,0
gemini-3.1-flash-lite,0.2,29,8,67.82,(24;16),move,48,0,0
gemini-3.1-flash-lite,0.2,29,9,63.86,(25;16),move,46,0,0
gemini-3.1-flash-lite,0.2,29,10,59.86,(26;16),move,50,0,0
gemini-3.1-flash-lite,0.2,29,11,55.9,(27;16),move,46,0,0
gemini-3.1-flash-lite,0.2,29,12,51.94,(28;16),move,46,0,0
gemini-3.1-flash-lite,0.2,29,13,47.9,(28;15),move,54,0,0
gemini-3.1-flash-lite,0.2,29,14,43.83,(28;14),move,57,0,0
gemini-3.1-flash-lite,0.2,29,15,39.78,(29;13),move,55,0,0
gemini-3.1-flash-lite,0.2,29,16,35.56,(30;12),move,72,0,0
gemini-3.1-flash-lite,0.2,29,17,31.55,(31;11),move,51,0,0
gemini-3.1-flash-lite,0.2,29,18,44.6,(31;11),forage,36,0,0
gemini-3.1-flash-lite,0.2,29,19,40.51,(30;11),move,59,0,0
gemini-3.1-flash-lite,0.2,29,20,36.45,(29;11),move,56,0,0
gemini-3.1-flash-lite,0.2,29,21,32.45,(28;11),move,50,0,0
gemini-3.1-flash-lite,0.2,29,22,28.37,(28;11),move,58,0,0
gemini-3.1-flash-lite,0.2,29,23,24.32,(28;10),move,55,0,0
gemini-3.1-flash-lite,0.2,29,24,20.33,(28;9),move,49,0,0
gemini-3.1-flash-lite,0.2,29,25,16.29,(27;8),move,54,0,0
gemini-3.1-flash-lite,0.2,29,26,12.29,(26;7),move,50,0,0
gemini-3.1-flash-lite,0.2,29,27,8.29,(25;6),move,50,0,0
gemini-3.1-flash-lite,0.2,29,28,-5.16,(25;6),attempt_vault,45,0,0
gemini-3.1-flash-lite,0.2,30,1,95.87,(16;15),move,63,0,0
gemini-3.1-flash-lite,0.2,30,2,91.83,(16;14),move,54,0,0
gemini-3.1-flash-lite,0.2,30,3,87.82,(16;13),move,51,0,0
gemini-3.1-flash-lite,0.2,30,4,83.86,(16;12),move,46,0,0
gemini-3.1-flash-lite,0.2,30,5,79.92,(17;12),move,44,0,0
gemini-3.1-flash-lite,0.2,30,6,75.99,(17;12),move,43,0,0
gemini-3.1-flash-lite,0.2,30,7,71.97,(17;13),move,52,0,0
gemini-3.1-flash-lite,0.2,30,8,67.99,(17;14),move,48,0,0
gemini-3.1-flash-lite,0.2,30,9,64.0,(17;15),move,49,0,0
gemini-3.1-flash-lite,0.2,30,10,60.0,(17;16),move,50,0,0
gemini-3.1-flash-lite,0.2,30,11,55.99,(18;16),move,51,0,0
gemini-3.1-flash-lite,0.2,30,12,51.93,(19;16),move,56,0,0
gemini-3.1-flash-lite,0.2,30,13,47.87,(20;16),move,56,0,0
gemini-3.1-flash-lite,0.2,30,14,43.86,(21;16),move,51,0,0
gemini-3.1-flash-lite,0.2,30,15,39.81,(22;16),move,55,0,0
gemini-3.1-flash-lite,0.2,30,16,35.82,(23;16),move,49,0,0
gemini-3.1-flash-lite,0.2,30,17,31.77,(24;16),move,55,0,0
gemini-3.1-flash-lite,0.2,30,18,27.78,(25;16),move,49,0,0
gemini-3.1-flash-lite,0.2,30,19,23.75,(26;16),move,53,0,0
gemini-3.1-flash-lite,0.2,30,20,19.74,(27;16),move,51,0,0
gemini-3.1-flash-lite,0.2,30,21,15.76,(28;16),move,48,0,0
gemini-3.1-flash-lite,0.2,30,22,11.75,(28;15),move,51,0,0
gemini-3.1-flash-lite,0.2,30,23,7.72,(28;14),move,53,0,0
gemini-3.1-flash-lite,0.2,30,24,3.71,(28;13),move,51,0,0
gemini-3.1-flash-lite,0.2,30,25,-0.27,(28;12),move,48,0,0
gemini-3.1-flash-lite,0.2,31,1,95.79,(17;16),move,71,0,0
gemini-3.1-flash-lite,0.2,31,2,91.76,(18;16),move,53,0,0
gemini-3.1-flash-lite,0.2,31,3,87.73,(19;16),move,53,0,0
gemini-3.1-flash-lite,0.2,31,4,83.7,(20;16),move,53,0,0
gemini-3.1-flash-lite,0.2,31,5,79.61,(21;16),move,59,0,0
gemini-3.1-flash-lite,0.2,31,6,75.59,(22;16),move,52,0,0
gemini-3.1-flash-lite,0.2,31,7,71.51,(22;17),move,58,0,0
gemini-3.1-flash-lite,0.2,31,8,67.46,(22;18),move,55,0,0
gemini-3.1-flash-lite,0.2,31,9,63.39,(22;19),move,57,0,0
gemini-3.1-flash-lite,0.2,31,10,59.32,(21;20),move,57,0,0
gemini-3.1-flash-lite,0.2,31,11,55.33,(20;21),move,49,0,0
gemini-3.1-flash-lite,0.2,31,12,51.24,(19;22),move,59,0,0
gemini-3.1-flash-lite,0.2,31,13,64.88,(19;22),forage,42,0,0
gemini-3.1-flash-lite,0.2,31,14,60.79,(19;23),move,59,0,0
gemini-3.1-flash-lite,0.2,31,15,75.96,(19;23),forage,35,0,0
gemini-3.1-flash-lite,0.2,31,16,71.88,(18;24),move,58,0,0
gemini-3.1-flash-lite,0.2,31,17,67.71,(18;25),move,67,0,0
gemini-3.1-flash-lite,0.2,31,18,63.6,(18;26),move,61,0,0
gemini-3.1-flash-lite,0.2,31,19,81.67,(18;26),forage,35,0,0
gemini-3.1-flash-lite,0.2,31,20,77.48,(17;25),move,69,0,0
gemini-3.1-flash-lite,0.2,31,21,73.38,(16;25),move,60,0,0
gemini-3.1-flash-lite,0.2,31,22,93.17,(16;25),forage,35,0,0
gemini-3.1-flash-lite,0.2,31,23,89.04,(15;26),move,63,0,0
gemini-3.1-flash-lite,0.2,31,24,84.94,(14;26),move,60,0,0
gemini-3.1-flash-lite,0.2,31,25,96.76,(14;26),forage,35,0,0
gemini-3.1-flash-lite,0.2,31,26,92.75,(14;25),move,51,0,0
gemini-3.1-flash-lite,0.2,31,27,88.73,(14;24),move,52,0,0
gemini-3.1-flash-lite,0.2,31,28,84.83,(14;24),move,40,0,0
gemini-3.1-flash-lite,0.2,31,29,80.85,(14;24),move,48,0,0
gemini-3.1-flash-lite,0.2,31,30,76.86,(14;24),move,49,0,0
gemini-3.1-flash-lite,0.2,31,31,72.84,(14;25),move,52,0,0
gemini-3.1-flash-lite,0.2,31,32,68.81,(14;25),move,53,0,0
gemini-3.1-flash-lite,0.2,31,33,64.81,(14;25),move,50,0,0
gemini-3.1-flash-lite,0.2,31,34,60.75,(15;26),move,56,0,0
gemini-3.1-flash-lite,0.2,31,35,56.71,(15;26),move,54,0,0
gemini-3.1-flash-lite,0.2,31,36,52.76,(15;27),move,45,0,0
gemini-3.1-flash-lite,0.2,31,37,48.78,(15;27),move,48,0,0
gemini-3.1-flash-lite,0.2,31,38,44.68,(15;27),move,60,0,0
gemini-3.1-flash-lite,0.2,31,39,40.61,(15;27),move,57,0,0
gemini-3.1-flash-lite,0.2,31,40,36.52,(15;26),move,59,0,0
gemini-3.1-flash-lite,0.2,31,41,32.45,(15;26),move,57,0,0
gemini-3.1-flash-lite,0.2,31,42,28.4,(16;25),move,55,0,0
gemini-3.1-flash-lite,0.2,31,43,24.41,(17;25),move,49,0,0
gemini-3.1-flash-lite,0.2,31,44,20.41,(18;25),move,50,0,0
gemini-3.1-flash-lite,0.2,31,45,38.84,(18;25),forage,35,0,0
gemini-3.1-flash-lite,0.2,31,46,34.76,(19;25),move,58,0,0
gemini-3.1-flash-lite,0.2,31,47,30.77,(20;25),move,49,0,0
gemini-3.1-flash-lite,0.2,31,48,26.79,(21;25),move,48,0,0
gemini-3.1-flash-lite,0.2,31,49,41.87,(21;25),forage,35,0,0
gemini-3.1-flash-lite,0.2,31,50,37.92,(21;24),move,45,0,0
gemini-3.1-flash-lite,0.2,31,51,33.9,(21;23),move,52,0,0
gemini-3.1-flash-lite,0.2,31,52,29.98,(21;22),move,42,0,0
gemini-3.1-flash-lite,0.2,31,53,26.04,(22;22),move,44,0,0
gemini-3.1-flash-lite,0.2,31,54,21.94,(23;23),move,60,0,0
gemini-3.1-flash-lite,0.2,31,55,17.7,(24;23),move,74,0,0
gemini-3.1-flash-lite,0.2,31,56,13.71,(25;23),move,49,0,0
gemini-3.1-flash-lite,0.2,31,57,9.75,(26;23),move,46,0,0
gemini-3.1-flash-lite,0.2,31,58,23.41,(26;23),forage,39,0,0
gemini-3.1-flash-lite,0.2,31,59,19.41,(25;24),move,50,0,0
gemini-3.1-flash-lite,0.2,31,60,15.41,(25;25),move,50,0,0
gemini-3.1-flash-lite,0.2,31,61,1.99,(25;25),attempt_vault,42,0,0
gemini-3.1-flash-lite,0.2,31,61,-0.67,(25;25),rest,66,0,0
gemini-3.1-flash-lite,0.2,32,1,95.95,(17;16),move,55,0,0
gemini-3.1-flash-lite,0.2,32,2,91.96,(18;16),move,49,0,0
gemini-3.1-flash-lite,0.2,32,3,87.97,(19;16),move,49,0,0
gemini-3.1-flash-lite,0.2,32,4,84.05,(20;16),move,42,0,0
gemini-3.1-flash-lite,0.2,32,5,79.96,(20;17),move,59,0,0
gemini-3.1-flash-lite,0.2,32,6,75.98,(20;18),move,48,0,0
gemini-3.1-flash-lite,0.2,32,7,72.05,(21;18),move,43,0,0
gemini-3.1-flash-lite,0.2,32,8,68.06,(22;18),move,49,0,0
gemini-3.1-flash-lite,0.2,32,9,63.98,(22;19),move,58,0,0
gemini-3.1-flash-lite,0.2,32,10,60.0,(22;20),move,48,0,0
gemini-3.1-flash-lite,0.2,32,11,56.09,(22;20),move,41,0,0
gemini-3.1-flash-lite,0.2,32,12,52.07,(21;20),move,52,0,0
gemini-3.1-flash-lite,0.2,32,13,48.08,(20;20),move,49,0,0
gemini-3.1-flash-lite,0.2,32,14,44.09,(19;20),move,49,0,0
gemini-3.1-flash-lite,0.2,32,15,40.09,(19;20),move,50,0,0
gemini-3.1-flash-lite,0.2,32,16,36.05,(19;19),move,54,0,0
gemini-3.1-flash-lite,0.2,32,17,32.0,(19;18),move,55,0,0
gemini-3.1-flash-lite,0.2,32,18,27.97,(19;17),move,53,0,0
gemini-3.1-flash-lite,0.2,32,19,23.97,(19;16),move,50,0,0
gemini-3.1-flash-lite,0.2,32,20,19.99,(19;15),move,48,0,0
gemini-3.1-flash-lite,0.2,32,21,15.99,(19;14),move,50,0,0
gemini-3.1-flash-lite,0.2,32,22,12.0,(19;13),move,49,0,0
gemini-3.1-flash-lite,0.2,32,23,8.02,(19;12),move,48,0,0
gemini-3.1-flash-lite,0.2,32,24,3.92,(19;12),move,60,0,0
gemini-3.1-flash-lite,0.2,32,25,-0.09,(20;12),move,51,0,0
gemini-3.1-flash-lite,0.2,33,1,95.79,(17;16),move,71,0,0
gemini-3.1-flash-lite,0.2,33,2,91.78,(18;16),move,51,0,0
gemini-3.1-flash-lite,0.2,33,3,87.86,(19;16),move,42,0,0
gemini-3.1-flash-lite,0.2,33,4,83.93,(20;16),move,43,0,0
gemini-3.1-flash-lite,0.2,33,5,79.81,(21;16),move,62,0,0
gemini-3.1-flash-lite,0.2,33,6,75.89,(22;16),move,42,0,0
gemini-3.1-flash-lite,0.2,33,7,71.85,(22;17),move,54,0,0
gemini-3.1-flash-lite,0.2,33,8,67.82,(22;18),move,53,0,0
gemini-3.1-flash-lite,0.2,33,9,63.75,(23;18),move,57,0,0
gemini-3.1-flash-lite,0.2,33,10,59.74,(24;18),move,51,0,0
gemini-3.1-flash-lite,0.2,33,11,55.74,(25;18),move,50,0,0
gemini-3.1-flash-lite,0.2,33,12,51.73,(26;18),move,51,0,0
gemini-3.1-flash-lite,0.2,33,13,47.62,(27;18),move,61,0,0
gemini-3.1-flash-lite,0.2,33,14,43.57,(27;19),move,55,0,0
gemini-3.1-flash-lite,0.2,33,15,39.56,(27;20),move,51,0,0
gemini-3.1-flash-lite,0.2,33,16,35.54,(27;21),move,52,0,0
gemini-3.1-flash-lite,0.2,33,17,31.51,(27;22),move,53,0,0
gemini-3.1-flash-lite,0.2,33,18,27.47,(26;23),move,54,0,0
gemini-3.1-flash-lite,0.2,33,19,23.46,(25;24),move,51,0,0
gemini-3.1-flash-lite,0.2,33,20,19.48,(25;25),move,48,0,0
gemini-3.1-flash-lite,0.2,33,21,6.04,(25;25),attempt_vault,44,0,0
gemini-3.1-flash-lite,0.2,33,22,1.86,(25;24),move,68,0,0
gemini-3.1-flash-lite,0.2,33,22,-0.81,(25;24),rest,67,0,0
gemini-3.1-flash-lite,0.2,34,1,95.91,(17;16),move,59,0,0
gemini-3.1-flash-lite,0.2,34,2,91.89,(18;16),move,52,0,0
gemini-3.1-flash-lite,0.2,34,3,87.91,(19;16),move,48,0,0
gemini-3.1-flash-lite,0.2,34,4,83.93,(20;16),move,48,0,0
gemini-3.1-flash-lite,0.2,34,5,79.89,(21;16),move,54,0,0
gemini-3.1-flash-lite,0.2,34,6,75.83,(22;16),move,56,0,0
gemini-3.1-flash-lite,0.2,34,7,71.91,(23;16),move,42,0,0
gemini-3.1-flash-lite,0.2,34,8,68.0,(24;16),move,41,0,0
gemini-3.1-flash-lite,0.2,34,9,64.09,(25;16),move,41,0,0
gemini-3.1-flash-lite,0.2,34,10,60.18,(26;16),move,41,0,0
gemini-3.1-flash-lite,0.2,34,11,56.27,(27;16),move,41,0,0
gemini-3.1-flash-lite,0.2,34,12,52.36,(28;16),move,41,0,0
gemini-3.1-flash-lite,0.2,34,13,48.4,(28;17),move,46,0,0
gemini-3.1-flash-lite,0.2,34,14,44.44,(28;18),move,46,0,0
gemini-3.1-flash-lite,0.2,34,15,40.48,(28;19),move,46,0,0
gemini-3.1-flash-lite,0.2,34,16,36.5,(28;20),move,48,0,0
gemini-3.1-flash-lite,0.2,34,17,32.52,(28;21),move,48,0,0
gemini-3.1-flash-lite,0.2,34,18,28.54,(28;22),move,48,0,0
gemini-3.1-flash-lite,0.2,34,19,24.48,(27;23),move,56,0,0
gemini-3.1-flash-lite,0.2,34,20,20.5,(26;24),move,48,0,0
gemini-3.1-flash-lite,0.2,34,21,16.57,(25;25),move,43,0,0
gemini-3.1-flash-lite,0.2,34,22,3.19,(25;25),attempt_vault,38,0,0
gemini-3.1-flash-lite,0.2,34,23,-10.67,(25;25),attempt_vault,86,0,0
gemini-3.1-flash-lite,0.2,35,1,96.02,(15;15),move,48,0,0
gemini-3.1-flash-lite,0.2,35,2,92.01,(14;15),move,51,0,0
gemini-3.1-flash-lite,0.2,35,3,88.0,(13;15),move,51,0,0
gemini-3.1-flash-lite,0.2,35,4,100.0,(13;15),forage,35,0,0
gemini-3.1-flash-lite,0.2,35,5,96.02,(14;15),move,48,0,0
gemini-3.1-flash-lite,0.2,35,6,92.03,(15;15),move,49,0,0
gemini-3.1-flash-lite,0.2,35,7,88.11,(16;15),move,42,0,0
gemini-3.1-flash-lite,0.2,35,8,84.2,(17;15),move,41,0,0
gemini-3.1-flash-lite,0.2,35,9,80.3,(18;15),move,40,0,0
gemini-3.1-flash-lite,0.2,35,10,76.4,(19;15),move,40,0,0
gemini-3.1-flash-lite,0.2,35,11,72.5,(20;15),move,40,0,0
gemini-3.1-flash-lite,0.2,35,12,68.6,(21;15),move,40,0,0
gemini-3.1-flash-lite,0.2,35,13,64.7,(22;15),move,40,0,0
gemini-3.1-flash-lite,0.2,35,14,60.8,(23;15),move,40,0,0
gemini-3.1-flash-lite,0.2,35,15,56.9,(24;15),move,40,0,0
gemini-3.1-flash-lite,0.2,35,16,53.0,(25;15),move,40,0,0
gemini-3.1-flash-lite,0.2,35,17,49.1,(26;15),move,40,0,0
gemini-3.1-flash-lite,0.2,35,18,45.2,(27;15),move,40,0,0
gemini-3.1-flash-lite,0.2,35,19,41.3,(28;15),move,40,0,0
gemini-3.1-flash-lite,0.2,35,20,37.34,(28;16),move,46,0,0
gemini-3.1-flash-lite,0.2,35,21,33.41,(28;17),move,43,0,0
gemini-3.1-flash-lite,0.2,35,22,29.48,(28;18),move,43,0,0
gemini-3.1-flash-lite,0.2,35,23,25.55,(28;19),move,43,0,0
gemini-3.1-flash-lite,0.2,35,24,21.61,(28;20),move,44,0,0
gemini-3.1-flash-lite,0.2,35,25,17.67,(28;21),move,44,0,0
gemini-3.1-flash-lite,0.2,35,26,13.72,(28;22),move,45,0,0
gemini-3.1-flash-lite,0.2,35,27,9.67,(27;23),move,55,0,0
gemini-3.1-flash-lite,0.2,35,28,5.68,(26;24),move,49,0,0
gemini-3.1-flash-lite,0.2,35,29,1.6,(25;25),move,58,0,0
gemini-3.1-flash-lite,0.2,35,29,-1.12,(25;25),rest,72,0,0
gemini-3.1-flash-lite,0.2,36,1,95.78,(17;16),move,72,0,0
gemini-3.1-flash-lite,0.2,36,2,91.75,(18;16),move,53,0,0
gemini-3.1-flash-lite,0.2,36,3,87.85,(19;16),move,40,0,0
gemini-3.1-flash-lite,0.2,36,4,83.81,(20;16),move,54,0,0
gemini-3.1-flash-lite,0.2,36,5,79.72,(21;16),move,59,0,0
gemini-3.1-flash-lite,0.2,36,6,75.81,(22;16),move,41,0,0
gemini-3.1-flash-lite,0.2,36,7,71.74,(23;16),move,57,0,0
gemini-3.1-flash-lite,0.2,36,8,67.73,(24;16),move,51,0,0
gemini-3.1-flash-lite,0.2,36,9,63.68,(25;16),move,55,0,0
gemini-3.1-flash-lite,0.2,36,10,59.67,(26;16),move,51,0,0
gemini-3.1-flash-lite,0.2,36,11,55.58,(27;16),move,59,0,0
gemini-3.1-flash-lite,0.2,36,12,51.57,(28;16),move,51,0,0
gemini-3.1-flash-lite,0.2,36,13,47.51,(28;15),move,56,0,0
gemini-3.1-flash-lite,0.2,36,14,43.46,(28;14),move,55,0,0
gemini-3.1-flash-lite,0.2,36,15,39.42,(28;13),move,54,0,0
gemini-3.1-flash-lite,0.2,36,16,35.47,(28;12),move,45,0,0
gemini-3.1-flash-lite,0.2,36,17,31.53,(28;11),move,44,0,0
gemini-3.1-flash-lite,0.2,36,18,27.5,(28;10),move,53,0,0
gemini-3.1-flash-lite,0.2,36,19,23.46,(28;9),move,54,0,0
gemini-3.1-flash-lite,0.2,36,20,19.55,(28;8),move,41,0,0
gemini-3.1-flash-lite,0.2,36,21,15.61,(28;7),move,44,0,0
gemini-3.1-flash-lite,0.2,36,22,29.12,(28;7),forage,40,0,0
gemini-3.1-flash-lite,0.2,36,23,25.01,(27;6),move,61,0,0
gemini-3.1-flash-lite,0.2,36,24,21.1,(26;6),move,41,0,0
gemini-3.1-flash-lite,0.2,36,25,17.14,(25;6),move,46,0,0
gemini-3.1-flash-lite,0.2,36,26,3.77,(25;6),attempt_vault,37,0,0
gemini-3.1-flash-lite,0.2,36,27,-0.34,(26;5),move,61,0,0
gemini-3.1-flash-lite,0.2,37,1,95.79,(17;16),move,71,0,0
gemini-3.1-flash-lite,0.2,37,2,91.75,(18;16),move,54,0,0
gemini-3.1-flash-lite,0.2,37,3,87.85,(19;16),move,40,0,0
gemini-3.1-flash-lite,0.2,37,4,83.93,(20;16),move,42,0,0
gemini-3.1-flash-lite,0.2,37,5,79.81,(20;17),move,62,0,0
gemini-3.1-flash-lite,0.2,37,6,75.87,(20;18),move,44,0,0
gemini-3.1-flash-lite,0.2,37,7,71.93,(20;19),move,44,0,0
gemini-3.1-flash-lite,0.2,37,8,67.99,(20;20),move,44,0,0
gemini-3.1-flash-lite,0.2,37,9,64.0,(21;20),move,49,0,0
gemini-3.1-flash-lite,0.2,37,10,60.1,(22;20),move,40,0,0
gemini-3.1-flash-lite,0.2,37,11,56.06,(22;19),move,54,0,0
gemini-3.1-flash-lite,0.2,37,12,52.05,(21;19),move,51,0,0
gemini-3.1-flash-lite,0.2,37,13,48.06,(20;19),move,49,0,0
gemini-3.1-flash-lite,0.2,37,14,44.13,(19;19),move,43,0,0
gemini-3.1-flash-lite,0.2,37,15,40.23,(18;19),move,40,0,0
gemini-3.1-flash-lite,0.2,37,16,36.33,(17;19),move,40,0,0
gemini-3.1-flash-lite,0.2,37,17,32.43,(16;19),move,40,0,0
gemini-3.1-flash-lite,0.2,37,18,28.53,(15;19),move,40,0,0
gemini-3.1-flash-lite,0.2,37,19,24.63,(14;19),move,40,0,0
gemini-3.1-flash-lite,0.2,37,20,20.73,(13;19),move,40,0,0
gemini-3.1-flash-lite,0.2,37,21,16.79,(12;19),move,44,0,0
gemini-3.1-flash-lite,0.2,37,22,12.83,(11;19),move,46,0,0
gemini-3.1-flash-lite,0.2,37,23,8.85,(10;19),move,48,0,0
gemini-3.1-flash-lite,0.2,37,24,21.86,(10;19),forage,35,0,0
gemini-3.1-flash-lite,0.2,37,25,17.83,(11;19),move,53,0,0
gemini-3.1-flash-lite,0.2,37,26,13.84,(12;19),move,49,0,0
gemini-3.1-flash-lite,0.2,37,27,9.92,(13;19),move,42,0,0
gemini-3.1-flash-lite,0.2,37,28,5.85,(14;19),move,57,0,0
gemini-3.1-flash-lite,0.2,37,29,1.87,(15;19),move,48,0,0
gemini-3.1-flash-lite,0.2,37,29,-0.61,(15;19),rest,48,0,0
gemini-3.1-flash-lite,0.2,38,1,95.72,(17;16),move,78,0,0
gemini-3.1-flash-lite,0.2,38,2,91.69,(18;16),move,53,0,0
gemini-3.1-flash-lite,0.2,38,3,87.71,(19;16),move,48,0,0
gemini-3.1-flash-lite,0.2,38,4,83.79,(20;16),move,42,0,0
gemini-3.1-flash-lite,0.2,38,5,79.66,(21;16),move,63,0,0
gemini-3.1-flash-lite,0.2,38,6,75.65,(22;16),move,51,0,0
gemini-3.1-flash-lite,0.2,38,7,71.64,(23;16),move,51,0,0
gemini-3.1-flash-lite,0.2,38,8,67.6,(24;16),move,54,0,0
gemini-3.1-flash-lite,0.2,38,9,63.65,(25;16),move,45,0,0
gemini-3.1-flash-lite,0.2,38,10,59.7,(26;16),move,45,0,0
gemini-3.1-flash-lite,0.2,38,11,55.82,(27;16),move,38,0,0
gemini-3.1-flash-lite,0.2,38,12,51.78,(27;17),move,54,0,0
gemini-3.1-flash-lite,0.2,38,13,47.73,(27;18),move,55,0,0
gemini-3.1-flash-lite,0.2,38,14,43.65,(28;19),move,58,0,0
gemini-3.1-flash-lite,0.2,38,15,39.7,(28;20),move,45,0,0
gemini-3.1-flash-lite,0.2,38,16,57.93,(28;20),forage,37,0,0
gemini-3.1-flash-lite,0.2,38,17,53.92,(28;21),move,51,0,0
gemini-3.1-flash-lite,0.2,38,18,49.91,(28;22),move,51,0,0
gemini-3.1-flash-lite,0.2,38,19,45.88,(27;23),move,53,0,0
gemini-3.1-flash-lite,0.2,38,20,41.88,(26;24),move,50,0,0
gemini-3.1-flash-lite,0.2,38,21,37.78,(25;25),move,60,0,0
gemini-3.1-flash-lite,0.2,38,22,100.0,(25;25),attempt_vault,37,0,0
gemini-3.1-flash-lite,0.2,38,23,96.52,(25;25),rest,48,0,0
gemini-3.1-flash-lite,0.2,38,24,92.5,(25;24),move,52,0,0
gemini-3.1-flash-lite,0.2,38,25,88.44,(25;23),move,56,0,0
gemini-3.1-flash-lite,0.2,38,26,84.42,(25;22),move,52,0,0
gemini-3.1-flash-lite,0.2,38,27,80.42,(25;21),move,50,0,0
gemini-3.1-flash-lite,0.2,38,28,76.4,(25;20),move,52,0,0
gemini-3.1-flash-lite,0.2,38,29,72.4,(25;19),move,50,0,0
gemini-3.1-flash-lite,0.2,38,30,68.34,(25;18),move,56,0,0
gemini-3.1-flash-lite,0.2,38,31,64.39,(25;17),move,45,0,0
gemini-3.1-flash-lite,0.2,38,32,60.4,(25;16),move,49,0,0
gemini-3.1-flash-lite,0.2,38,33,56.45,(25;15),move,45,0,0
gemini-3.1-flash-lite,0.2,38,34,52.55,(25;14),move,40,0,0
gemini-3.1-flash-lite,0.2,38,35,48.65,(25;13),move,40,0,0
gemini-3.1-flash-lite,0.2,38,36,44.75,(25;12),move,40,0,0
gemini-3.1-flash-lite,0.2,38,37,40.85,(25;11),move,40,0,0
gemini-3.1-flash-lite,0.2,38,38,36.95,(25;10),move,40,0,0
gemini-3.1-flash-lite,0.2,38,39,33.05,(25;9),move,40,0,0
gemini-3.1-flash-lite,0.2,38,40,28.98,(25;8),move,57,0,0
gemini-3.1-flash-lite,0.2,38,41,24.97,(25;7),move,51,0,0
gemini-3.1-flash-lite,0.2,38,42,20.97,(25;6),move,50,0,0
gemini-3.1-flash-lite,0.2,38,43,7.53,(25;6),attempt_vault,44,0,0
gemini-3.1-flash-lite,0.2,38,44,3.39,(26;5),move,64,0,0
gemini-3.1-flash-lite,0.2,38,45,-0.68,(26;4),move,57,0,0
gemini-3.1-flash-lite,0.2,39,1,95.79,(17;16),move,71,0,0
gemini-3.1-flash-lite,0.2,39,2,91.77,(18;16),move,52,0,0
gemini-3.1-flash-lite,0.2,39,3,87.77,(19;16),move,50,0,0
gemini-3.1-flash-lite,0.2,39,4,83.77,(20;16),move,50,0,0
gemini-3.1-flash-lite,0.2,39,5,79.66,(21;16),move,61,0,0
gemini-3.1-flash-lite,0.2,39,6,75.65,(22;16),move,51,0,0
gemini-3.1-flash-lite,0.2,39,7,71.64,(23;16),move,51,0,0
gemini-3.1-flash-lite,0.2,39,8,67.63,(24;16),move,51,0,0
gemini-3.1-flash-lite,0.2,39,9,63.63,(25;16),move,50,0,0
gemini-3.1-flash-lite,0.2,39,10,59.67,(26;16),move,46,0,0
gemini-3.1-flash-lite,0.2,39,11,55.57,(27;16),move,60,0,0
gemini-3.1-flash-lite,0.2,39,12,51.52,(28;16),move,55,0,0
gemini-3.1-flash-lite,0.2,39,13,47.49,(29;15),move,53,0,0
gemini-3.1-flash-lite,0.2,39,14,43.48,(29;14),move,51,0,0
gemini-3.1-flash-lite,0.2,39,15,39.45,(29;13),move,53,0,0
gemini-3.1-flash-lite,0.2,39,16,35.38,(30;12),move,57,0,0
gemini-3.1-flash-lite,0.2,39,17,31.43,(30;11),move,45,0,0
gemini-3.1-flash-lite,0.2,39,18,27.4,(30;10),move,53,0,0
gemini-3.1-flash-lite,0.2,39,19,45.76,(30;10),forage,35,0,0
gemini-3.1-flash-lite,0.2,39,20,41.73,(30;9),move,53,0,0
gemini-3.1-flash-lite,0.2,39,21,37.75,(30;8),move,48,0,0
gemini-3.1-flash-lite,0.2,39,22,52.67,(30;8),forage,35,0,0
gemini-3.1-flash-lite,0.2,39,23,48.62,(30;9),move,55,0,0
gemini-3.1-flash-lite,0.2,39,24,44.58,(29;9),move,54,0,0
gemini-3.1-flash-lite,0.2,39,25,40.64,(28;9),move,44,0,0
gemini-3.1-flash-lite,0.2,39,26,36.62,(27;8),move,52,0,0
gemini-3.1-flash-lite,0.2,39,27,32.62,(26;7),move,50,0,0
gemini-3.1-flash-lite,0.2,39,28,28.54,(25;6),move,58,0,0
gemini-3.1-flash-lite,0.2,39,29,15.17,(25;6),attempt_vault,37,0,0
gemini-3.1-flash-lite,0.2,39,30,10.98,(26;5),move,69,0,0
gemini-3.1-flash-lite,0.2,39,31,6.9,(26;4),move,58,0,0
gemini-3.1-flash-lite,0.2,39,32,24.11,(26;4),forage,40,0,0
gemini-3.1-flash-lite,0.2,39,33,19.99,(25;5),move,62,0,0
gemini-3.1-flash-lite,0.2,39,34,16.0,(25;6),move,49,0,0
gemini-3.1-flash-lite,0.2,39,35,2.41,(25;6),attempt_vault,59,0,0
gemini-3.1-flash-lite,0.2,39,35,-0.23,(25;6),rest,64,0,0
gemini-3.1-flash-lite,0.2,40,1,95.81,(17;16),move,69,0,0
gemini-3.1-flash-lite,0.2,40,2,91.75,(18;16),move,56,0,0
gemini-3.1-flash-lite,0.2,40,3,87.82,(19;16),move,43,0,0
gemini-3.1-flash-lite,0.2,40,4,83.78,(20;17),move,54,0,0
gemini-3.1-flash-lite,0.2,40,5,79.54,(20;18),move,74,0,0
gemini-3.1-flash-lite,0.2,40,6,75.35,(20;19),move,69,0,0
gemini-3.1-flash-lite,0.2,40,7,71.13,(20;20),move,72,0,0
gemini-3.1-flash-lite,0.2,40,8,85.64,(20;20),forage,35,0,0
gemini-3.1-flash-lite,0.2,40,9,81.36,(21;19),move,78,0,0
gemini-3.1-flash-lite,0.2,40,10,77.18,(22;19),move,68,0,0
gemini-3.1-flash-lite,0.2,40,11,90.54,(22;19),forage,35,0,0
gemini-3.1-flash-lite,0.2,40,12,86.5,(23;19),move,54,0,0
gemini-3.1-flash-lite,0.2,40,13,82.46,(24;19),move,54,0,0
gemini-3.1-flash-lite,0.2,40,14,78.36,(24;18),move,60,0,0
gemini-3.1-flash-lite,0.2,40,15,74.32,(24;17),move,54,0,0
gemini-3.1-flash-lite,0.2,40,16,70.33,(24;16),move,49,0,0
gemini-3.1-flash-lite,0.2,40,17,66.31,(24;15),move,52,0,0
gemini-3.1-flash-lite,0.2,40,18,62.3,(24;14),move,51,0,0
gemini-3.1-flash-lite,0.2,40,19,58.36,(24;13),move,44,0,0
gemini-3.1-flash-lite,0.2,40,20,54.41,(24;12),move,45,0,0
gemini-3.1-flash-lite,0.2,40,21,50.39,(24;11),move,52,0,0
gemini-3.1-flash-lite,0.2,40,22,46.48,(24;10),move,41,0,0
gemini-3.1-flash-lite,0.2,40,23,42.56,(24;9),move,42,0,0
gemini-3.1-flash-lite,0.2,40,24,38.51,(25;8),move,55,0,0
gemini-3.1-flash-lite,0.2,40,25,34.51,(25;7),move,50,0,0
gemini-3.1-flash-lite,0.2,40,26,30.52,(25;6),move,49,0,0
gemini-3.1-flash-lite,0.2,40,27,17.15,(25;6),attempt_vault,37,0,0
gemini-3.1-flash-lite,0.2,40,28,13.11,(26;7),move,54,0,0
gemini-3.1-flash-lite,0.2,40,29,9.02,(27;8),move,59,0,0
gemini-3.1-flash-lite,0.2,40,30,5.02,(28;8),move,50,0,0
gemini-3.1-flash-lite,0.2,40,31,17.99,(28;8),forage,42,0,0
gemini-3.1-flash-lite,0.2,40,32,13.81,(27;7),move,68,0,0
gemini-3.1-flash-lite,0.2,40,33,9.81,(26;6),move,50,0,0
gemini-3.1-flash-lite,0.2,40,34,5.83,(25;6),move,48,0,0
gemini-3.1-flash-lite,0.2,40,35,93.21,(25;6),attempt_vault,45,0,0
gemini-3.1-flash-lite,0.2,40,36,89.19,(26;6),move,52,0,0
gemini-3.1-flash-lite,0.2,40,37,85.21,(26;7),move,48,0,0
gemini-3.1-flash-lite,0.2,40,38,81.18,(26;8),move,53,0,0
gemini-3.1-flash-lite,0.2,40,39,77.2,(26;9),move,48,0,0
gemini-3.1-flash-lite,0.2,40,40,73.22,(26;10),move,48,0,0
gemini-3.1-flash-lite,0.2,40,41,69.06,(26;11),move,66,0,0
gemini-3.1-flash-lite,0.2,40,42,65.07,(27;12),move,49,0,0
gemini-3.1-flash-lite,0.2,40,43,61.08,(28;13),move,49,0,0
gemini-3.1-flash-lite,0.2,40,44,57.1,(29;14),move,48,0,0
gemini-3.1-flash-lite,0.2,40,45,72.47,(29;14),forage,35,0,0
gemini-3.1-flash-lite,0.2,40,46,68.49,(29;13),move,48,0,0
gemini-3.1-flash-lite,0.2,40,47,64.48,(29;12),move,51,0,0
gemini-3.1-flash-lite,0.2,40,48,60.43,(29;11),move,55,0,0
gemini-3.1-flash-lite,0.2,40,49,56.53,(29;10),move,40,0,0
gemini-3.1-flash-lite,0.2,40,50,52.6,(29;9),move,43,0,0
gemini-3.1-flash-lite,0.2,40,51,48.7,(29;8),move,40,0,0
gemini-3.1-flash-lite,0.2,40,52,44.8,(29;7),move,40,0,0
gemini-3.1-flash-lite,0.2,40,53,40.9,(29;6),move,40,0,0
gemini-3.1-flash-lite,0.2,40,54,37.0,(29;5),move,40,0,0
gemini-3.1-flash-lite,0.2,40,55,32.98,(28;4),move,52,0,0
gemini-3.1-flash-lite,0.2,40,56,28.92,(27;3),move,56,0,0
gemini-3.1-flash-lite,0.2,40,57,24.91,(27;2),move,51,0,0
gemini-3.1-flash-lite,0.2,40,58,41.21,(27;2),forage,35,0,0
gemini-3.1-flash-lite,0.2,40,59,37.07,(28;2),move,64,0,0
gemini-3.1-flash-lite,0.2,40,60,33.12,(29;2),move,45,0,0
gemini-3.1-flash-lite,0.2,40,61,29.17,(30;2),move,45,0,0
gemini-3.1-flash-lite,0.2,40,62,42.0,(30;2),forage,35,0,0
gemini-3.1-flash-lite,0.2,40,63,37.89,(30;1),move,61,0,0
gemini-3.1-flash-lite,0.2,40,64,55.51,(30;1),forage,35,0,0
gemini-3.1-flash-lite,0.2,40,65,51.55,(29;0),move,46,0,0
gemini-3.1-flash-lite,0.2,40,66,47.62,(28;0),move,43,0,0
gemini-3.1-flash-lite,0.2,40,67,43.69,(27;0),move,43,0,0
gemini-3.1-flash-lite,0.2,40,68,64.42,(27;0),forage,33,0,0
gemini-3.1-flash-lite,0.2,40,69,60.37,(27;1),move,55,0,0
gemini-3.1-flash-lite,0.2,40,70,56.39,(27;2),move,48,0,0
gemini-3.1-flash-lite,0.2,40,71,52.49,(27;3),move,40,0,0
gemini-3.1-flash-lite,0.2,40,72,48.44,(27;4),move,55,0,0
gemini-3.1-flash-lite,0.2,40,73,44.36,(28;5),move,58,0,0
gemini-3.1-flash-lite,0.2,40,74,40.26,(28;6),move,60,0,0
gemini-3.1-flash-lite,0.2,40,75,36.18,(28;7),move,58,0,0
gemini-3.1-flash-lite,0.2,40,76,32.18,(28;8),move,50,0,0
gemini-3.1-flash-lite,0.2,40,77,28.17,(28;9),move,51,0,0
gemini-3.1-flash-lite,0.2,40,78,24.03,(28;10),move,64,0,0
gemini-3.1-flash-lite,0.2,40,79,19.96,(28;11),move,57,0,0
gemini-3.1-flash-lite,0.2,40,80,15.87,(28;12),move,59,0,0
gemini-3.1-flash-lite,0.2,40,81,11.8,(28;13),move,57,0,0
gemini-3.1-flash-lite,0.2,40,82,7.75,(28;14),move,55,0,0
gemini-3.1-flash-lite,0.2,40,83,3.67,(28;15),move,58,0,0
gemini-3.1-flash-lite,0.2,40,84,-0.56,(28;16),move,73,0,0
gemini-3.1-flash-lite,0.2,41,1,96.0,(15;15),move,50,0,0
gemini-3.1-flash-lite,0.2,41,2,92.04,(14;14),move,46,0,0
gemini-3.1-flash-lite,0.2,41,3,88.06,(13;14),move,48,0,0
gemini-3.1-flash-lite,0.2,41,4,100.0,(13;14),forage,43,0,0
gemini-3.1-flash-lite,0.2,41,5,95.94,(13;13),move,56,0,0
gemini-3.1-flash-lite,0.2,41,6,91.96,(13;12),move,48,0,0
gemini-3.1-flash-lite,0.2,41,7,88.01,(13;11),move,45,0,0
gemini-3.1-flash-lite,0.2,41,8,100.0,(13;11),forage,36,0,0
gemini-3.1-flash-lite,0.2,41,9,95.97,(14;11),move,53,0,0
gemini-3.1-flash-lite,0.2,41,10,91.93,(15;11),move,54,0,0
gemini-3.1-flash-lite,0.2,41,11,88.03,(15;11),move,40,0,0
gemini-3.1-flash-lite,0.2,41,12,84.01,(15;12),move,52,0,0
gemini-3.1-flash-lite,0.2,41,13,80.09,(15;13),move,42,0,0
gemini-3.1-flash-lite,0.2,41,14,76.01,(14;14),move,58,0,0
gemini-3.1-flash-lite,0.2,41,15,72.07,(14;15),move,44,0,0
gemini-3.1-flash-lite,0.2,41,16,68.12,(14;16),move,45,0,0
gemini-3.1-flash-lite,0.2,41,17,64.14,(14;17),move,48,0,0
gemini-3.1-flash-lite,0.2,41,18,60.16,(14;18),move,48,0,0
gemini-3.1-flash-lite,0.2,41,19,56.21,(14;19),move,45,0,0
gemini-3.1-flash-lite,0.2,41,20,52.23,(14;20),move,48,0,0
gemini-3.1-flash-lite,0.2,41,21,48.3,(15;20),move,43,0,0
gemini-3.1-flash-lite,0.2,41,22,44.37,(16;20),move,43,0,0
gemini-3.1-flash-lite,0.2,41,23,40.42,(17;20),move,45,0,0
gemini-3.1-flash-lite,0.2,41,24,36.49,(17;19),move,43,0,0
gemini-3.1-flash-lite,0.2,41,25,32.53,(18;18),move,46,0,0
gemini-3.1-flash-lite,0.2,41,26,28.57,(19;17),move,46,0,0
gemini-3.1-flash-lite,0.2,41,27,24.63,(20;17),move,44,0,0
gemini-3.1-flash-lite,0.2,41,28,20.69,(21;17),move,44,0,0
gemini-3.1-flash-lite,0.2,41,29,16.75,(22;17),move,44,0,0
gemini-3.1-flash-lite,0.2,41,30,12.74,(23;17),move,51,0,0
gemini-3.1-flash-lite,0.2,41,31,8.64,(24;18),move,60,0,0
gemini-3.1-flash-lite,0.2,41,32,4.64,(24;19),move,50,0,0
gemini-3.1-flash-lite,0.2,41,33,0.63,(24;20),move,51,0,0
gemini-3.1-flash-lite,0.2,41,33,-1.83,(24;20),rest,46,0,0
gemini-3.1-flash-lite,0.2,42,1,95.76,(15;16),move,74,0,0
gemini-3.1-flash-lite,0.2,42,2,91.66,(14;16),move,60,0,0
gemini-3.1-flash-lite,0.2,42,3,87.57,(13;16),move,59,0,0
gemini-3.1-flash-lite,0.2,42,4,83.61,(12;16),move,46,0,0
gemini-3.1-flash-lite,0.2,42,5,79.57,(11;15),move,54,0,0
gemini-3.1-flash-lite,0.2,42,6,75.58,(10;15),move,49,0,0
gemini-3.1-flash-lite,0.2,42,7,71.55,(9;15),move,53,0,0
gemini-3.1-flash-lite,0.2,42,8,85.43,(9;15),forage,35,0,0
gemini-3.1-flash-lite,0.2,42,9,81.27,(8;14),move,66,0,0
gemini-3.1-flash-lite,0.2,42,10,77.25,(7;14),move,52,0,0
gemini-3.1-flash-lite,0.2,42,11,92.16,(7;14),forage,35,0,0
gemini-3.1-flash-lite,0.2,42,12,88.16,(7;13),move,50,0,0
gemini-3.1-flash-lite,0.2,42,13,100.0,(7;13),forage,35,0,0
gemini-3.1-flash-lite,0.2,42,14,95.93,(7;12),move,57,0,0
gemini-3.1-flash-lite,0.2,42,15,91.95,(7;11),move,48,0,0
gemini-3.1-flash-lite,0.2,42,16,88.02,(7;10),move,43,0,0
gemini-3.1-flash-lite,0.2,42,17,100.0,(7;10),forage,35,0,0
gemini-3.1-flash-lite,0.2,42,18,95.93,(6;9),move,57,0,0
gemini-3.1-flash-lite,0.2,42,19,91.95,(6;8),move,48,0,0
gemini-3.1-flash-lite,0.2,42,20,87.97,(6;7),move,48,0,0
gemini-3.1-flash-lite,0.2,42,21,83.99,(6;6),move,48,0,0
gemini-3.1-flash-lite,0.2,42,22,100.0,(6;6),attempt_vault,38,0,0
gemini-3.1-flash-lite,0.2,42,23,95.93,(5;6),move,57,0,0
gemini-3.1-flash-lite,0.2,42,24,91.95,(4;6),move,48,0,0
gemini-3.1-flash-lite,0.2,42,25,100.0,(4;6),forage,35,0,0
gemini-3.1-flash-lite,0.2,42,26,95.92,(3;6),move,58,0,0
gemini-3.1-flash-lite,0.2,42,27,100.0,(3;6),forage,41,0,0
gemini-3.1-flash-lite,0.2,42,28,95.91,(3;7),move,59,0,0
gemini-3.1-flash-lite,0.2,42,29,100.0,(3;7),forage,41,0,0
gemini-3.1-flash-lite,0.2,42,30,95.91,(3;8),move,59,0,0
gemini-3.1-flash-lite,0.2,42,31,100.0,(3;8),forage,41,0,0
gemini-3.1-flash-lite,0.2,42,32,95.91,(4;8),move,59,0,0
gemini-3.1-flash-lite,0.2,42,33,91.82,(5;8),move,59,0,0
gemini-3.1-flash-lite,0.2,42,34,100.0,(5;8),forage,41,0,0
gemini-3.1-flash-lite,0.2,42,35,95.84,(6;7),move,66,0,0
gemini-3.1-flash-lite,0.2,42,36,91.77,(7;6),move,57,0,0
gemini-3.1-flash-lite,0.2,42,37,87.7,(8;5),move,57,0,0
gemini-3.1-flash-lite,0.2,42,38,100.0,(8;5),forage,41,0,0
gemini-3.1-flash-lite,0.2,42,39,95.97,(9;5),move,53,0,0
gemini-3.1-flash-lite,0.2,42,40,100.0,(9;5),forage,48,0,0
gemini-3.1-flash-lite,0.2,42,41,95.97,(10;6),move,53,0,0
gemini-3.1-flash-lite,0.2,42,42,91.9,(11;7),move,57,0,0
gemini-3.1-flash-lite,0.2,42,43,100.0,(11;7),forage,44,0,0
gemini-3.1-flash-lite,0.2,42,44,95.97,(11;6),move,53,0,0
gemini-3.1-flash-lite,0.2,42,45,91.95,(11;5),move,52,0,0
gemini-3.1-flash-lite,0.2,42,46,87.95,(10;4),move,50,0,0
gemini-3.1-flash-lite,0.2,42,47,83.95,(9;3),move,50,0,0
gemini-3.1-flash-lite,0.2,42,48,79.93,(8;2),move,52,0,0
gemini-3.1-flash-lite,0.2,42,49,95.86,(8;2),forage,36,0,0
gemini-3.1-flash-lite,0.2,42,50,91.74,(7;2),move,62,0,0
gemini-3.1-flash-lite,0.2,42,51,87.79,(6;2),move,45,0,0
gemini-3.1-flash-lite,0.2,42,52,83.84,(5;2),move,45,0,0
gemini-3.1-flash-lite,0.2,42,53,100.0,(5;2),forage,33,0,0
gemini-3.1-flash-lite,0.2,42,54,95.95,(6;1),move,55,0,0
gemini-3.1-flash-lite,0.2,42,55,91.97,(7;0),move,48,0,0
gemini-3.1-flash-lite,0.2,42,56,100.0,(7;0),forage,33,0,0
gemini-3.1-flash-lite,0.2,42,57,95.96,(8;0),move,54,0,0
gemini-3.1-flash-lite,0.2,42,58,91.96,(8;0),move,50,0,0
gemini-3.1-flash-lite,0.2,42,59,87.98,(8;0),move,48,0,0
gemini-3.1-flash-lite,0.2,42,60,83.99,(7;0),move,49,0,0
gemini-3.1-flash-lite,0.2,42,61,79.96,(6;1),move,53,0,0
gemini-3.1-flash-lite,0.2,42,62,76.03,(6;2),move,43,0,0
gemini-3.1-flash-lite,0.2,42,63,72.11,(6;2),move,42,0,0
gemini-3.1-flash-lite,0.2,42,64,68.13,(7;2),move,48,0,0
gemini-3.1-flash-lite,0.2,42,65,64.21,(8;2),move,42,0,0
gemini-3.1-flash-lite,0.2,42,66,60.28,(9;2),move,43,0,0
gemini-3.1-flash-lite,0.2,42,67,56.34,(9;3),move,44,0,0
gemini-3.1-flash-lite,0.2,42,68,52.22,(9;4),move,62,0,0
gemini-3.1-flash-lite,0.2,42,69,48.3,(9;5),move,42,0,0
gemini-3.1-flash-lite,0.2,42,70,44.31,(9;6),move,49,0,0
gemini-3.1-flash-lite,0.2,42,71,40.26,(9;7),move,55,0,0
gemini-3.1-flash-lite,0.2,42,72,36.21,(9;8),move,55,0,0
gemini-3.1-flash-lite,0.2,42,73,32.19,(10;9),move,52,0,0
gemini-3.1-flash-lite,0.2,42,74,28.14,(10;9),move,55,0,0
gemini-3.1-flash-lite,0.2,42,75,24.08,(10;10),move,56,0,0
gemini-3.1-flash-lite,0.2,42,76,20.08,(10;10),move,50,0,0
gemini-3.1-flash-lite,0.2,42,77,16.08,(9;10),move,50,0,0
gemini-3.1-flash-lite,0.2,42,78,12.0,(9;10),move,58,0,0
gemini-3.1-flash-lite,0.2,42,79,7.94,(9;11),move,56,0,0
gemini-3.1-flash-lite,0.2,42,80,3.78,(8;11),move,66,0,0
gemini-3.1-flash-lite,0.2,42,81,-0.31,(7;11),move,59,0,0
gemini-3.1-flash-lite,0.2,43,1,95.71,(17;15),move,79,0,0
gemini-3.1-flash-lite,0.2,43,2,91.7,(17;14),move,51,0,0
gemini-3.1-flash-lite,0.2,43,3,100.0,(17;14),forage,36,0,0
gemini-3.1-flash-lite,0.2,43,4,95.94,(17;15),move,56,0,0
gemini-3.1-flash-lite,0.2,43,5,91.87,(17;16),move,57,0,0
gemini-3.1-flash-lite,0.2,43,6,87.86,(18;16),move,51,0,0
gemini-3.1-flash-lite,0.2,43,7,83.9,(19;16),move,46,0,0
gemini-3.1-flash-lite,0.2,43,8,79.92,(20;16),move,48,0,0
gemini-3.1-flash-lite,0.2,43,9,75.82,(21;16),move,60,0,0
gemini-3.1-flash-lite,0.2,43,10,71.8,(22;16),move,52,0,0
gemini-3.1-flash-lite,0.2,43,11,67.72,(23;16),move,58,0,0
gemini-3.1-flash-lite,0.2,43,12,63.69,(24;16),move,53,0,0
gemini-3.1-flash-lite,0.2,43,13,59.64,(25;16),move,55,0,0
gemini-3.1-flash-lite,0.2,43,14,55.62,(26;16),move,52,0,0
gemini-3.1-flash-lite,0.2,43,15,51.63,(27;16),move,49,0,0
gemini-3.1-flash-lite,0.2,43,16,47.65,(28;16),move,48,0,0
gemini-3.1-flash-lite,0.2,43,17,43.67,(28;15),move,48,0,0
gemini-3.1-flash-lite,0.2,43,18,39.65,(27;14),move,52,0,0
gemini-3.1-flash-lite,0.2,43,19,35.71,(27;13),move,44,0,0
gemini-3.1-flash-lite,0.2,43,20,31.73,(27;12),move,48,0,0
gemini-3.1-flash-lite,0.2,43,21,51.18,(27;12),forage,35,0,0
gemini-3.1-flash-lite,0.2,43,22,47.12,(27;13),move,56,0,0
gemini-3.1-flash-lite,0.2,43,23,43.11,(27;14),move,51,0,0
gemini-3.1-flash-lite,0.2,43,24,39.2,(27;15),move,41,0,0
gemini-3.1-flash-lite,0.2,43,25,35.12,(26;15),move,58,0,0
gemini-3.1-flash-lite,0.2,43,26,31.11,(25;15),move,51,0,0
gemini-3.1-flash-lite,0.2,43,27,27.09,(24;14),move,52,0,0
gemini-3.1-flash-lite,0.2,43,28,23.13,(23;13),move,46,0,0
gemini-3.1-flash-lite,0.2,43,29,19.12,(22;12),move,51,0,0
gemini-3.1-flash-lite,0.2,43,30,32.26,(22;12),forage,38,0,0
gemini-3.1-flash-lite,0.2,43,31,28.21,(23;12),move,55,0,0
gemini-3.1-flash-lite,0.2,43,32,24.18,(24;12),move,53,0,0
gemini-3.1-flash-lite,0.2,43,33,20.11,(25;12),move,57,0,0
gemini-3.1-flash-lite,0.2,43,34,16.13,(26;12),move,48,0,0
gemini-3.1-flash-lite,0.2,43,35,12.07,(27;12),move,56,0,0
gemini-3.1-flash-lite,0.2,43,36,7.91,(27;13),move,66,0,0
gemini-3.1-flash-lite,0.2,43,37,3.75,(27;14),move,66,0,0
gemini-3.1-flash-lite,0.2,43,38,-0.38,(27;15),move,63,0,0
gemini-3.1-flash-lite,0.2,44,1,95.82,(17;16),move,68,0,0
gemini-3.1-flash-lite,0.2,44,2,91.81,(18;16),move,51,0,0
gemini-3.1-flash-lite,0.2,44,3,87.83,(19;16),move,48,0,0
gemini-3.1-flash-lite,0.2,44,4,83.91,(20;16),move,42,0,0
gemini-3.1-flash-lite,0.2,44,5,79.8,(21;16),move,61,0,0
gemini-3.1-flash-lite,0.2,44,6,75.89,(22;16),move,41,0,0
gemini-3.1-flash-lite,0.2,44,7,71.83,(23;16),move,56,0,0
gemini-3.1-flash-lite,0.2,44,8,67.79,(24;16),move,54,0,0
gemini-3.1-flash-lite,0.2,44,9,63.78,(25;16),move,51,0,0
gemini-3.1-flash-lite,0.2,44,10,59.88,(26;16),move,40,0,0
gemini-3.1-flash-lite,0.2,44,11,55.95,(27;16),move,43,0,0
gemini-3.1-flash-lite,0.2,44,12,52.02,(28;16),move,43,0,0
gemini-3.1-flash-lite,0.2,44,13,48.07,(28;17),move,45,0,0
gemini-3.1-flash-lite,0.2,44,14,44.03,(27;18),move,54,0,0
gemini-3.1-flash-lite,0.2,44,15,40.01,(27;19),move,52,0,0
gemini-3.1-flash-lite,0.2,44,16,36.03,(27;20),move,48,0,0
gemini-3.1-flash-lite,0.2,44,17,48.29,(27;20),forage,35,0,0
gemini-3.1-flash-lite,0.2,44,18,44.22,(27;19),move,57,0,0
gemini-3.1-flash-lite,0.2,44,19,40.22,(27;18),move,50,0,0
gemini-3.1-flash-lite,0.2,44,20,36.21,(27;17),move,51,0,0
gemini-3.1-flash-lite,0.2,44,21,32.2,(27;16),move,51,0,0
gemini-3.1-flash-lite,0.2,44,22,28.13,(26;15),move,57,0,0
gemini-3.1-flash-lite,0.2,44,23,24.05,(25;14),move,58,0,0
gemini-3.1-flash-lite,0.2,44,24,19.99,(25;13),move,56,0,0
gemini-3.1-flash-lite,0.2,44,25,15.99,(25;12),move,50,0,0
gemini-3.1-flash-lite,0.2,44,26,11.93,(25;11),move,56,0,0
gemini-3.1-flash-lite,0.2,44,27,7.82,(25;10),move,61,0,0
gemini-3.1-flash-lite,0.2,44,28,3.77,(25;9),move,55,0,0
gemini-3.1-flash-lite,0.2,44,29,-0.28,(25;8),move,55,0,0
gemini-3.1-flash-lite,0.2,45,1,95.79,(17;16),move,71,0,0
gemini-3.1-flash-lite,0.2,45,2,91.78,(18;16),move,51,0,0
gemini-3.1-flash-lite,0.2,45,3,87.84,(19;16),move,44,0,0
gemini-3.1-flash-lite,0.2,45,4,83.84,(20;16),move,50,0,0
gemini-3.1-flash-lite,0.2,45,5,79.86,(21;16),move,48,0,0
gemini-3.1-flash-lite,0.2,45,6,75.78,(22;16),move,58,0,0
gemini-3.1-flash-lite,0.2,45,7,71.82,(23;16),move,46,0,0
gemini-3.1-flash-lite,0.2,45,8,67.81,(24;16),move,51,0,0
gemini-3.1-flash-lite,0.2,45,9,63.79,(25;16),move,52,0,0
gemini-3.1-flash-lite,0.2,45,10,59.79,(26;16),move,50,0,0
gemini-3.1-flash-lite,0.2,45,11,55.81,(27;16),move,48,0,0
gemini-3.1-flash-lite,0.2,45,12,51.83,(28;16),move,48,0,0
gemini-3.1-flash-lite,0.2,45,13,47.74,(28;15),move,59,0,0
gemini-3.1-flash-lite,0.2,45,14,43.74,(28;14),move,50,0,0
gemini-3.1-flash-lite,0.2,45,15,39.59,(28;13),move,65,0,0
gemini-3.1-flash-lite,0.2,45,16,35.57,(28;12),move,52,0,0
gemini-3.1-flash-lite,0.2,45,17,31.53,(28;11),move,54,0,0
gemini-3.1-flash-lite,0.2,45,18,27.52,(28;10),move,51,0,0
gemini-3.1-flash-lite,0.2,45,19,23.48,(29;9),move,54,0,0
gemini-3.1-flash-lite,0.2,45,20,19.38,(29;8),move,60,0,0
gemini-3.1-flash-lite,0.2,45,21,15.35,(29;7),move,53,0,0
gemini-3.1-flash-lite,0.2,45,22,11.22,(29;6),move,63,0,0
gemini-3.1-flash-lite,0.2,45,23,7.16,(29;5),move,56,0,0
gemini-3.1-flash-lite,0.2,45,24,3.17,(29;4),move,49,0,0
gemini-3.1-flash-lite,0.2,45,25,-0.88,(29;3),move,55,0,0
gemini-3.1-flash-lite,0.2,46,1,95.91,(16;15),move,59,0,0
gemini-3.1-flash-lite,0.2,46,2,91.89,(15;16),move,52,0,0
gemini-3.1-flash-lite,0.2,46,3,87.9,(14;17),move,49,0,0
gemini-3.1-flash-lite,0.2,46,4,83.83,(13;17),move,57,0,0
gemini-3.1-flash-lite,0.2,46,5,99.14,(13;17),forage,35,0,0
gemini-3.1-flash-lite,0.2,46,6,94.95,(12;17),move,69,0,0
gemini-3.1-flash-lite,0.2,46,7,90.92,(11;17),move,53,0,0
gemini-3.1-flash-lite,0.2,46,8,100.0,(11;17),forage,36,0,0
gemini-3.1-flash-lite,0.2,46,9,95.92,(12;17),move,58,0,0
gemini-3.1-flash-lite,0.2,46,10,91.89,(13;17),move,53,0,0
gemini-3.1-flash-lite,0.2,46,11,88.0,(14;17),move,39,0,0
gemini-3.1-flash-lite,0.2,46,12,84.1,(15;17),move,40,0,0
gemini-3.1-flash-lite,0.2,46,13,80.1,(16;17),move,50,0,0
gemini-3.1-flash-lite,0.2,46,14,76.2,(17;17),move,40,0,0
gemini-3.1-flash-lite,0.2,46,15,72.29,(18;17),move,41,0,0
gemini-3.1-flash-lite,0.2,46,16,68.38,(19;17),move,41,0,0
gemini-3.1-flash-lite,0.2,46,17,64.36,(18;16),move,52,0,0
gemini-3.1-flash-lite,0.2,46,18,60.38,(17;15),move,48,0,0
gemini-3.1-flash-lite,0.2,46,19,56.43,(17;14),move,45,0,0
gemini-3.1-flash-lite,0.2,46,20,72.12,(17;14),forage,35,0,0
gemini-3.1-flash-lite,0.2,46,21,68.06,(18;14),move,56,0,0
gemini-3.1-flash-lite,0.2,46,22,64.07,(19;14),move,49,0,0
gemini-3.1-flash-lite,0.2,46,23,60.14,(20;14),move,43,0,0
gemini-3.1-flash-lite,0.2,46,24,56.18,(21;14),move,46,0,0
gemini-3.1-flash-lite,0.2,46,25,52.12,(22;15),move,56,0,0
gemini-3.1-flash-lite,0.2,46,26,48.03,(23;14),move,59,0,0
gemini-3.1-flash-lite,0.2,46,27,43.94,(23;13),move,59,0,0
gemini-3.1-flash-lite,0.2,46,28,39.88,(22;13),move,56,0,0
gemini-3.1-flash-lite,0.2,46,29,35.79,(21;12),move,59,0,0
gemini-3.1-flash-lite,0.2,46,30,31.74,(22;12),move,55,0,0
gemini-3.1-flash-lite,0.2,46,31,27.76,(23;12),move,48,0,0
gemini-3.1-flash-lite,0.2,46,32,23.73,(23;11),move,53,0,0
gemini-3.1-flash-lite,0.2,46,33,19.73,(23;10),move,50,0,0
gemini-3.1-flash-lite,0.2,46,34,15.75,(23;9),move,48,0,0
gemini-3.1-flash-lite,0.2,46,35,11.59,(24;8),move,66,0,0
gemini-3.1-flash-lite,0.2,46,36,7.57,(25;7),move,52,0,0
gemini-3.1-flash-lite,0.2,46,37,3.55,(25;6),move,52,0,0
gemini-3.1-flash-lite,0.2,46,38,-9.95,(25;6),attempt_vault,50,0,0
gemini-3.1-flash-lite,0.2,47,1,95.79,(17;16),move,71,0,0
gemini-3.1-flash-lite,0.2,47,2,91.74,(18;16),move,55,0,0
gemini-3.1-flash-lite,0.2,47,3,87.69,(19;16),move,55,0,0
gemini-3.1-flash-lite,0.2,47,4,83.79,(20;16),move,40,0,0
gemini-3.1-flash-lite,0.2,47,5,79.66,(21;16),move,63,0,0
gemini-3.1-flash-lite,0.2,47,6,75.65,(22;16),move,51,0,0
gemini-3.1-flash-lite,0.2,47,7,71.63,(23;16),move,52,0,0
gemini-3.1-flash-lite,0.2,47,8,67.58,(24;16),move,55,0,0
gemini-3.1-flash-lite,0.2,47,9,63.56,(25;16),move,52,0,0
gemini-3.1-flash-lite,0.2,47,10,59.58,(26;16),move,48,0,0
gemini-3.1-flash-lite,0.2,47,11,55.65,(27;16),move,43,0,0
gemini-3.1-flash-lite,0.2,47,12,51.64,(27;17),move,51,0,0
gemini-3.1-flash-lite,0.2,47,13,47.71,(27;18),move,43,0,0
gemini-3.1-flash-lite,0.2,47,14,43.79,(27;19),move,42,0,0
gemini-3.1-flash-lite,0.2,47,15,39.89,(27;20),move,40,0,0
gemini-3.1-flash-lite,0.2,47,16,35.94,(27;21),move,45,0,0
gemini-3.1-flash-lite,0.2,47,17,31.94,(28;21),move,50,0,0
gemini-3.1-flash-lite,0.2,47,18,28.03,(28;22),move,41,0,0
gemini-3.1-flash-lite,0.2,47,19,23.99,(27;23),move,54,0,0
gemini-3.1-flash-lite,0.2,47,20,19.98,(26;24),move,51,0,0
gemini-3.1-flash-lite,0.2,47,21,15.63,(25;25),move,85,0,0
gemini-3.1-flash-lite,0.2,47,22,2.17,(25;25),attempt_vault,46,0,0
gemini-3.1-flash-lite,0.2,47,22,-0.49,(25;25),rest,66,0,0
gemini-3.1-flash-lite,0.2,48,1,95.75,(17;17),move,75,0,0
gemini-3.1-flash-lite,0.2,48,2,91.55,(18;18),move,70,0,0
gemini-3.1-flash-lite,0.2,48,3,100.0,(18;18),forage,35,0,0
gemini-3.1-flash-lite,0.2,48,4,95.8,(18;17),move,70,0,0
gemini-3.1-flash-lite,0.2,48,5,91.69,(18;16),move,61,0,0
gemini-3.1-flash-lite,0.2,48,6,87.73,(18;15),move,46,0,0
gemini-3.1-flash-lite,0.2,48,7,83.79,(18;14),move,44,0,0
gemini-3.1-flash-lite,0.2,48,8,79.89,(18;13),move,40,0,0
gemini-3.1-flash-lite,0.2,48,9,75.95,(18;13),move,44,0,0
gemini-3.1-flash-lite,0.2,48,10,71.97,(19;13),move,48,0,0
gemini-3.1-flash-lite,0.2,48,11,67.99,(20;13),move,48,0,0
gemini-3.1-flash-lite,0.2,48,12,64.06,(21;13),move,43,0,0
gemini-3.1-flash-lite,0.2,48,13,60.03,(22;13),move,53,0,0
gemini-3.1-flash-lite,0.2,48,14,55.93,(23;14),move,60,0,0
gemini-3.1-flash-lite,0.2,48,15,51.84,(23;15),move,59,0,0
gemini-3.1-flash-lite,0.2,48,16,47.82,(23;16),move,52,0,0
gemini-3.1-flash-lite,0.2,48,17,43.77,(23;17),move,55,0,0
gemini-3.1-flash-lite,0.2,48,18,39.83,(23;18),move,44,0,0
gemini-3.1-flash-lite,0.2,48,19,35.82,(24;18),move,51,0,0
gemini-3.1-flash-lite,0.2,48,20,31.79,(25;18),move,53,0,0
gemini-3.1-flash-lite,0.2,48,21,27.77,(26;18),move,52,0,0
gemini-3.1-flash-lite,0.2,48,22,23.78,(27;18),move,49,0,0
gemini-3.1-flash-lite,0.2,48,23,19.72,(27;19),move,56,0,0
gemini-3.1-flash-lite,0.2,48,24,15.62,(27;20),move,60,0,0
gemini-3.1-flash-lite,0.2,48,25,11.61,(27;21),move,51,0,0
gemini-3.1-flash-lite,0.2,48,26,7.63,(27;22),move,48,0,0
gemini-3.1-flash-lite,0.2,48,27,3.52,(26;23),move,61,0,0
gemini-3.1-flash-lite,0.2,48,28,-0.64,(25;24),move,66,0,0
gemini-3.1-flash-lite,0.2,49,1,95.73,(17;16),move,77,0,0
gemini-3.1-flash-lite,0.2,49,2,91.72,(18;16),move,51,0,0
gemini-3.1-flash-lite,0.2,49,3,87.71,(19;16),move,51,0,0
gemini-3.1-flash-lite,0.2,49,4,83.73,(20;16),move,48,0,0
gemini-3.1-flash-lite,0.2,49,5,79.58,(21;16),move,65,0,0
gemini-3.1-flash-lite,0.2,49,6,75.57,(22;16),move,51,0,0
gemini-3.1-flash-lite,0.2,49,7,71.49,(23;16),move,58,0,0
gemini-3.1-flash-lite,0.2,49,8,67.48,(24;16),move,51,0,0
gemini-3.1-flash-lite,0.2,49,9,63.43,(25;16),move,55,0,0
gemini-3.1-flash-lite,0.2,49,10,59.41,(26;16),move,52,0,0
gemini-3.1-flash-lite,0.2,49,11,55.42,(27;16),move,49,0,0
gemini-3.1-flash-lite,0.2,49,12,51.41,(28;16),move,51,0,0
gemini-3.1-flash-lite,0.2,49,13,47.34,(28;15),move,57,0,0
gemini-3.1-flash-lite,0.2,49,14,43.28,(28;14),move,56,0,0
gemini-3.1-flash-lite,0.2,49,15,39.16,(28;13),move,62,0,0
gemini-3.1-flash-lite,0.2,49,16,35.13,(28;12),move,53,0,0
gemini-3.1-flash-lite,0.2,49,17,31.13,(28;11),move,50,0,0
gemini-3.1-flash-lite,0.2,49,18,27.11,(29;10),move,52,0,0
gemini-3.1-flash-lite,0.2,49,19,23.09,(30;9),move,52,0,0
gemini-3.1-flash-lite,0.2,49,20,19.08,(31;8),move,51,0,0
gemini-3.1-flash-lite,0.2,49,21,38.72,(31;8),forage,35,0,0
gemini-3.1-flash-lite,0.2,49,22,34.68,(30;8),move,54,0,0
gemini-3.1-flash-lite,0.2,49,23,30.69,(29;8),move,49,0,0
gemini-3.1-flash-lite,0.2,49,24,26.71,(28;8),move,48,0,0
gemini-3.1-flash-lite,0.2,49,25,22.71,(27;7),move,50,0,0
gemini-3.1-flash-lite,0.2,49,26,18.69,(26;6),move,52,0,0
gemini-3.1-flash-lite,0.2,49,27,14.71,(25;6),move,48,0,0
gemini-3.1-flash-lite,0.2,49,28,90.68,(25;6),attempt_vault,45,0,0
gemini-3.1-flash-lite,0.2,49,29,86.65,(26;6),move,53,0,0
gemini-3.1-flash-lite,0.2,49,30,82.55,(27;6),move,60,0,0
gemini-3.1-flash-lite,0.2,49,31,78.57,(28;6),move,48,0,0
gemini-3.1-flash-lite,0.2,49,32,74.61,(29;6),move,46,0,0
gemini-3.1-flash-lite,0.2,49,33,70.6,(29;5),move,51,0,0
gemini-3.1-flash-lite,0.2,49,34,66.51,(29;4),move,59,0,0
gemini-3.1-flash-lite,0.2,49,35,62.45,(29;3),move,56,0,0
gemini-3.1-flash-lite,0.2,49,36,58.43,(28;2),move,52,0,0
gemini-3.1-flash-lite,0.2,49,37,54.42,(27;1),move,51,0,0
gemini-3.1-flash-lite,0.2,49,38,50.43,(26;0),move,49,0,0
gemini-3.1-flash-lite,0.2,49,39,68.46,(26;0),forage,35,0,0
gemini-3.1-flash-lite,0.2,49,40,64.35,(26;1),move,61,0,0
gemini-3.1-flash-lite,0.2,49,41,60.31,(26;2),move,54,0,0
gemini-3.1-flash-lite,0.2,49,42,56.35,(26;3),move,46,0,0
gemini-3.1-flash-lite,0.2,49,43,52.26,(26;4),move,59,0,0
gemini-3.1-flash-lite,0.2,49,44,48.26,(26;5),move,50,0,0
gemini-3.1-flash-lite,0.2,49,45,44.23,(26;6),move,53,0,0
gemini-3.1-flash-lite,0.2,49,46,40.24,(26;7),move,49,0,0
gemini-3.1-flash-lite,0.2,49,47,36.23,(26;8),move,51,0,0
gemini-3.1-flash-lite,0.2,49,48,32.22,(26;9),move,51,0,0
gemini-3.1-flash-lite,0.2,49,49,28.2,(26;10),move,52,0,0
gemini-3.1-flash-lite,0.2,49,50,24.14,(26;11),move,56,0,0
gemini-3.1-flash-lite,0.2,49,51,19.99,(27;12),move,65,0,0
gemini-3.1-flash-lite,0.2,49,52,15.92,(28;13),move,57,0,0
gemini-3.1-flash-lite,0.2,49,53,11.88,(29;14),move,54,0,0
gemini-3.1-flash-lite,0.2,49,54,30.72,(29;14),forage,46,0,0
gemini-3.1-flash-lite,0.2,49,55,26.69,(29;13),move,53,0,0
gemini-3.1-flash-lite,0.2,49,56,22.61,(28;13),move,58,0,0
gemini-3.1-flash-lite,0.2,49,57,18.54,(28;12),move,57,0,0
gemini-3.1-flash-lite,0.2,49,58,14.44,(28;11),move,60,0,0
gemini-3.1-flash-lite,0.2,49,59,10.45,(28;10),move,49,0,0
gemini-3.1-flash-lite,0.2,49,60,6.36,(28;9),move,59,0,0
gemini-3.1-flash-lite,0.2,49,61,2.05,(28;8),move,81,0,0
gemini-3.1-flash-lite,0.2,49,61,-0.6,(28;8),rest,65,0,0
gemini-3.1-flash-lite,0.2,50,1,95.78,(17;16),move,72,0,0
gemini-3.1-flash-lite,0.2,50,2,91.72,(18;16),move,56,0,0
gemini-3.1-flash-lite,0.2,50,3,87.79,(19;16),move,43,0,0
gemini-3.1-flash-lite,0.2,50,4,83.89,(20;16),move,40,0,0
gemini-3.1-flash-lite,0.2,50,5,79.78,(21;16),move,61,0,0
gemini-3.1-flash-lite,0.2,50,6,75.86,(22;16),move,42,0,0
gemini-3.1-flash-lite,0.2,50,7,71.79,(23;16),move,57,0,0
gemini-3.1-flash-lite,0.2,50,8,67.76,(24;16),move,53,0,0
gemini-3.1-flash-lite,0.2,50,9,63.76,(25;16),move,50,0,0
gemini-3.1-flash-lite,0.2,50,10,59.89,(26;16),move,37,0,0
gemini-3.1-flash-lite,0.2,50,11,55.87,(27;16),move,52,0,0
gemini-3.1-flash-lite,0.2,50,12,51.86,(28;16),move,51,0,0
gemini-3.1-flash-lite,0.2,50,13,47.84,(29;15),move,52,0,0
gemini-3.1-flash-lite,0.2,50,14,43.88,(30;15),move,46,0,0
gemini-3.1-flash-lite,0.2,50,15,39.95,(31;15),move,43,0,0
gemini-3.1-flash-lite,0.2,50,16,60.09,(31;15),forage,35,0,0
gemini-3.1-flash-lite,0.2,50,17,56.11,(30;15),move,48,0,0
gemini-3.1-flash-lite,0.2,50,18,52.09,(29;15),move,52,0,0
gemini-3.1-flash-lite,0.2,50,19,48.09,(28;15),move,50,0,0
gemini-3.1-flash-lite,0.2,50,20,44.11,(27;15),move,48,0,0
gemini-3.1-flash-lite,0.2,50,21,40.08,(26;15),move,53,0,0
gemini-3.1-flash-lite,0.2,50,22,36.1,(25;15),move,48,0,0
gemini-3.1-flash-lite,0.2,50,23,32.18,(24;15),move,42,0,0
gemini-3.1-flash-lite,0.2,50,24,28.23,(23;15),move,45,0,0
gemini-3.1-flash-lite,0.2,50,25,24.27,(22;15),move,46,0,0
gemini-3.1-flash-lite,0.2,50,26,20.35,(21;15),move,42,0,0
gemini-3.1-flash-lite,0.2,50,27,16.43,(20;15),move,42,0,0
gemini-3.1-flash-lite,0.2,50,28,12.5,(19;15),move,43,0,0
gemini-3.1-flash-lite,0.2,50,29,8.57,(18;15),move,43,0,0
gemini-3.1-flash-lite,0.2,50,30,4.65,(17;15),move,42,0,0
gemini-3.1-flash-lite,0.2,50,31,0.69,(16;15),move,46,0,0
gemini-3.1-flash-lite,0.2,50,31,-1.77,(16;15),rest,46,0,0
gemini-3.1-flash-lite,0.2,51,1,95.82,(17;16),move,68,0,0
gemini-3.1-flash-lite,0.2,51,2,91.81,(18;16),move,51,0,0
gemini-3.1-flash-lite,0.2,51,3,87.83,(19;16),move,48,0,0
gemini-3.1-flash-lite,0.2,51,4,83.85,(20;16),move,48,0,0
gemini-3.1-flash-lite,0.2,51,5,79.75,(21;16),move,60,0,0
gemini-3.1-flash-lite,0.2,51,6,75.77,(22;16),move,48,0,0
gemini-3.1-flash-lite,0.2,51,7,71.7,(23;16),move,57,0,0
gemini-3.1-flash-lite,0.2,51,8,67.69,(24;16),move,51,0,0
gemini-3.1-flash-lite,0.2,51,9,63.68,(25;16),move,51,0,0
gemini-3.1-flash-lite,0.2,51,10,59.62,(26;16),move,56,0,0
gemini-3.1-flash-lite,0.2,51,11,55.6,(27;16),move,52,0,0
gemini-3.1-flash-lite,0.2,51,12,51.59,(28;16),move,51,0,0
gemini-3.1-flash-lite,0.2,51,13,47.56,(28;15),move,53,0,0
gemini-3.1-flash-lite,0.2,51,14,43.57,(28;14),move,49,0,0
gemini-3.1-flash-lite,0.2,51,15,39.47,(28;13),move,60,0,0
gemini-3.1-flash-lite,0.2,51,16,35.4,(28;12),move,57,0,0
gemini-3.1-flash-lite,0.2,51,17,31.38,(28;11),move,52,0,0
gemini-3.1-flash-lite,0.2,51,18,27.42,(28;10),move,46,0,0
gemini-3.1-flash-lite,0.2,51,19,23.41,(28;9),move,51,0,0
gemini-3.1-flash-lite,0.2,51,20,19.37,(27;8),move,54,0,0
gemini-3.1-flash-lite,0.2,51,21,15.35,(26;7),move,52,0,0
gemini-3.1-flash-lite,0.2,51,22,11.37,(25;6),move,48,0,0
gemini-3.1-flash-lite,0.2,51,23,-2.09,(25;6),attempt_vault,46,0,0
gemini-3.1-flash-lite,0.2,52,1,95.75,(17;16),move,75,0,0
gemini-3.1-flash-lite,0.2,52,2,91.69,(18;16),move,56,0,0
gemini-3.1-flash-lite,0.2,52,3,87.75,(19;16),move,44,0,0
gemini-3.1-flash-lite,0.2,52,4,83.75,(20;16),move,50,0,0
gemini-3.1-flash-lite,0.2,52,5,79.67,(21;16),move,58,0,0
gemini-3.1-flash-lite,0.2,52,6,75.72,(22;16),move,45,0,0
gemini-3.1-flash-lite,0.2,52,7,71.69,(23;16),move,53,0,0
gemini-3.1-flash-lite,0.2,52,8,67.79,(24;16),move,40,0,0
gemini-3.1-flash-lite,0.2,52,9,63.88,(25;16),move,41,0,0
gemini-3.1-flash-lite,0.2,52,10,59.97,(26;16),move,41,0,0
gemini-3.1-flash-lite,0.2,52,11,56.06,(27;16),move,41,0,0
gemini-3.1-flash-lite,0.2,52,12,52.15,(28;16),move,41,0,0
gemini-3.1-flash-lite,0.2,52,13,48.17,(28;17),move,48,0,0
gemini-3.1-flash-lite,0.2,52,14,44.24,(28;18),move,43,0,0
gemini-3.1-flash-lite,0.2,52,15,40.3,(28;19),move,44,0,0
gemini-3.1-flash-lite,0.2,52,16,36.37,(28;20),move,43,0,0
gemini-3.1-flash-lite,0.2,52,17,32.33,(27;21),move,54,0,0
gemini-3.1-flash-lite,0.2,52,18,28.35,(26;22),move,48,0,0
gemini-3.1-flash-lite,0.2,52,19,24.3,(26;23),move,55,0,0
gemini-3.1-flash-lite,0.2,52,20,42.38,(26;23),forage,41,0,0
gemini-3.1-flash-lite,0.2,52,21,38.27,(25;24),move,61,0,0
gemini-3.1-flash-lite,0.2,52,22,34.32,(25;25),move,45,0,0
gemini-3.1-flash-lite,0.2,52,23,20.95,(25;25),attempt_vault,37,0,0
gemini-3.1-flash-lite,0.2,52,24,16.95,(24;26),move,50,0,0
gemini-3.1-flash-lite,0.2,52,25,28.99,(24;26),forage,48,0,0
gemini-3.1-flash-lite,0.2,52,26,25.03,(23;26),move,46,0,0
gemini-3.1-flash-lite,0.2,52,27,37.43,(23;26),forage,46,0,0
gemini-3.1-flash-lite,0.2,52,28,33.38,(24;25),move,55,0,0
gemini-3.1-flash-lite,0.2,52,29,29.42,(25;25),move,46,0,0
gemini-3.1-flash-lite,0.2,52,30,16.06,(25;25),attempt_vault,36,0,0
gemini-3.1-flash-lite,0.2,52,31,11.93,(24;25),move,63,0,0
gemini-3.1-flash-lite,0.2,52,32,7.7,(24;24),move,73,0,0
gemini-3.1-flash-lite,0.2,52,33,3.51,(24;23),move,69,0,0
gemini-3.1-flash-lite,0.2,52,34,-0.54,(24;22),move,55,0,0
gemini-3.1-flash-lite,0.2,53,1,95.8,(17;16),move,70,0,0
gemini-3.1-flash-lite,0.2,53,2,91.77,(18;16),move,53,0,0
gemini-3.1-flash-lite,0.2,53,3,87.84,(19;16),move,43,0,0
gemini-3.1-flash-lite,0.2,53,4,83.93,(20;16),move,41,0,0
gemini-3.1-flash-lite,0.2,53,5,79.84,(20;17),move,59,0,0
gemini-3.1-flash-lite,0.2,53,6,75.8,(19;18),move,54,0,0
gemini-3.1-flash-lite,0.2,53,7,71.79,(18;19),move,51,0,0
gemini-3.1-flash-lite,0.2,53,8,67.8,(17;20),move,49,0,0
gemini-3.1-flash-lite,0.2,53,9,86.83,(17;20),forage,35,0,0
gemini-3.1-flash-lite,0.2,53,10,82.82,(17;19),move,51,0,0
gemini-3.1-flash-lite,0.2,53,11,78.8,(17;18),move,52,0,0
gemini-3.1-flash-lite,0.2,53,12,74.89,(17;17),move,41,0,0
gemini-3.1-flash-lite,0.2,53,13,70.98,(17;16),move,41,0,0
gemini-3.1-flash-lite,0.2,53,14,67.07,(17;15),move,41,0,0
gemini-3.1-flash-lite,0.2,53,15,63.16,(17;14),move,41,0,0
gemini-3.1-flash-lite,0.2,53,16,59.25,(17;13),move,41,0,0
gemini-3.1-flash-lite,0.2,53,17,55.34,(17;12),move,41,0,0
gemini-3.1-flash-lite,0.2,53,18,51.43,(17;12),move,41,0,0
gemini-3.1-flash-lite,0.2,53,19,47.44,(17;12),move,49,0,0
gemini-3.1-flash-lite,0.2,53,20,43.44,(16;12),move,50,0,0
gemini-3.1-flash-lite,0.2,53,21,39.53,(15;12),move,41,0,0
gemini-3.1-flash-lite,0.2,53,22,35.64,(14;12),move,39,0,0
gemini-3.1-flash-lite,0.2,53,23,31.7,(14;13),move,44,0,0
gemini-3.1-flash-lite,0.2,53,24,27.67,(14;14),move,53,0,0
gemini-3.1-flash-lite,0.2,53,25,23.62,(14;15),move,55,0,0
gemini-3.1-flash-lite,0.2,53,26,19.62,(14;16),move,50,0,0
gemini-3.1-flash-lite,0.2,53,27,15.57,(15;16),move,55,0,0
gemini-3.1-flash-lite,0.2,53,28,11.55,(16;16),move,52,0,0
gemini-3.1-flash-lite,0.2,53,29,7.5,(17;16),move,55,0,0
gemini-3.1-flash-lite,0.2,53,30,3.51,(18;16),move,49,0,0
gemini-3.1-flash-lite,0.2,53,31,-0.55,(19;16),move,56,0,0
gemini-3.1-flash-lite,0.2,54,1,95.86,(17;16),move,64,0,0
gemini-3.1-flash-lite,0.2,54,2,91.9,(18;16),move,46,0,0
gemini-3.1-flash-lite,0.2,54,3,87.97,(19;16),move,43,0,0
gemini-3.1-flash-lite,0.2,54,4,84.07,(20;16),move,40,0,0
gemini-3.1-flash-lite,0.2,54,5,79.98,(21;16),move,59,0,0
gemini-3.1-flash-lite,0.2,54,6,75.99,(22;16),move,49,0,0
gemini-3.1-flash-lite,0.2,54,7,71.96,(22;17),move,53,0,0
gemini-3.1-flash-lite,0.2,54,8,68.02,(23;18),move,44,0,0
gemini-3.1-flash-lite,0.2,54,9,64.0,(24;19),move,52,0,0
gemini-3.1-flash-lite,0.2,54,10,60.02,(24;20),move,48,0,0
gemini-3.1-flash-lite,0.2,54,11,76.99,(24;20),forage,35,0,0
gemini-3.1-flash-lite,0.2,54,12,72.97,(24;19),move,52,0,0
gemini-3.1-flash-lite,0.2,54,13,68.92,(24;18),move,55,0,0
gemini-3.1-flash-lite,0.2,54,14,64.84,(24;17),move,58,0,0
gemini-3.1-flash-lite,0.2,54,15,60.86,(24;16),move,48,0,0
gemini-3.1-flash-lite,0.2,54,16,56.92,(24;15),move,44,0,0
gemini-3.1-flash-lite,0.2,54,17,52.99,(24;14),move,43,0,0
gemini-3.1-flash-lite,0.2,54,18,49.08,(24;13),move,41,0,0
gemini-3.1-flash-lite,0.2,54,19,45.2,(24;12),move,38,0,0
gemini-3.1-flash-lite,0.2,54,20,41.32,(24;11),move,38,0,0
gemini-3.1-flash-lite,0.2,54,21,37.44,(24;10),move,38,0,0
gemini-3.1-flash-lite,0.2,54,22,33.56,(24;9),move,38,0,0
gemini-3.1-flash-lite,0.2,54,23,29.51,(25;8),move,55,0,0
gemini-3.1-flash-lite,0.2,54,24,25.6,(25;7),move,41,0,0
gemini-3.1-flash-lite,0.2,54,25,21.64,(25;6),move,46,0,0
gemini-3.1-flash-lite,0.2,54,26,8.2,(25;6),attempt_vault,44,0,0
gemini-3.1-flash-lite,0.2,54,27,-5.33,(25;6),attempt_vault,53,0,0
gemini-3.1-flash-lite,0.2,55,1,95.79,(17;16),move,71,0,0
gemini-3.1-flash-lite,0.2,55,2,91.78,(18;16),move,51,0,0
gemini-3.1-flash-lite,0.2,55,3,87.77,(19;16),move,51,0,0
gemini-3.1-flash-lite,0.2,55,4,83.85,(20;16),move,42,0,0
gemini-3.1-flash-lite,0.2,55,5,79.73,(21;16),move,62,0,0
gemini-3.1-flash-lite,0.2,55,6,75.75,(22;16),move,48,0,0
gemini-3.1-flash-lite,0.2,55,7,71.6,(22;17),move,65,0,0
gemini-3.1-flash-lite,0.2,55,8,67.56,(22;18),move,54,0,0
gemini-3.1-flash-lite,0.2,55,9,63.46,(22;19),move,60,0,0
gemini-3.1-flash-lite,0.2,55,10,59.37,(22;20),move,59,0,0
gemini-3.1-flash-lite,0.2,55,11,55.29,(22;20),move,58,0,0
gemini-3.1-flash-lite,0.2,55,12,51.25,(21;20),move,54,0,0
gemini-3.1-flash-lite,0.2,55,13,47.25,(20;20),move,50,0,0
gemini-3.1-flash-lite,0.2,55,14,43.27,(19;20),move,48,0,0
gemini-3.1-flash-lite,0.2,55,15,39.33,(19;20),move,44,0,0
gemini-3.1-flash-lite,0.2,55,16,35.32,(19;19),move,51,0,0
gemini-3.1-flash-lite,0.2,55,17,31.32,(19;18),move,50,0,0
gemini-3.1-flash-lite,0.2,55,18,27.41,(19;17),move,41,0,0
gemini-3.1-flash-lite,0.2,55,19,23.41,(19;16),move,50,0,0
gemini-3.1-flash-lite,0.2,55,20,19.5,(19;15),move,41,0,0
gemini-3.1-flash-lite,0.2,55,21,15.51,(19;14),move,49,0,0
gemini-3.1-flash-lite,0.2,55,22,11.43,(19;13),move,58,0,0
gemini-3.1-flash-lite,0.2,55,23,7.51,(19;12),move,42,0,0
gemini-3.1-flash-lite,0.2,55,24,3.59,(19;11),move,42,0,0
gemini-3.1-flash-lite,0.2,55,25,-0.47,(19;11),move,56,0,0
gemini-3.1-flash-lite,0.2,56,1,95.79,(17;16),move,71,0,0
gemini-3.1-flash-lite,0.2,56,2,91.76,(18;16),move,53,0,0
gemini-3.1-flash-lite,0.2,56,3,87.77,(19;16),move,49,0,0
gemini-3.1-flash-lite,0.2,56,4,83.84,(20;16),move,43,0,0
gemini-3.1-flash-lite,0.2,56,5,79.81,(21;16),move,53,0,0
gemini-3.1-flash-lite,0.2,56,6,75.83,(22;16),move,48,0,0
gemini-3.1-flash-lite,0.2,56,7,71.81,(23;16),move,52,0,0
gemini-3.1-flash-lite,0.2,56,8,67.83,(24;16),move,48,0,0
gemini-3.1-flash-lite,0.2,56,9,63.84,(25;16),move,49,0,0
gemini-3.1-flash-lite,0.2,56,10,59.82,(26;16),move,52,0,0
gemini-3.1-flash-lite,0.2,56,11,55.88,(27;16),move,44,0,0
gemini-3.1-flash-lite,0.2,56,12,51.93,(28;16),move,45,0,0
gemini-3.1-flash-lite,0.2,56,13,47.89,(28;15),move,54,0,0
gemini-3.1-flash-lite,0.2,56,14,43.87,(29;14),move,52,0,0
gemini-3.1-flash-lite,0.2,56,15,39.87,(30;13),move,50,0,0
gemini-3.1-flash-lite,0.2,56,16,35.97,(30;12),move,40,0,0
gemini-3.1-flash-lite,0.2,56,17,56.22,(30;12),forage,35,0,0
gemini-3.1-flash-lite,0.2,56,18,52.13,(29;12),move,59,0,0
gemini-3.1-flash-lite,0.2,56,19,48.08,(28;12),move,55,0,0
gemini-3.1-flash-lite,0.2,56,20,44.02,(27;12),move,56,0,0
gemini-3.1-flash-lite,0.2,56,21,40.0,(26;12),move,52,0,0
gemini-3.1-flash-lite,0.2,56,22,35.99,(25;12),move,51,0,0
gemini-3.1-flash-lite,0.2,56,23,31.95,(24;12),move,54,0,0
gemini-3.1-flash-lite,0.2,56,24,28.05,(23;12),move,40,0,0
gemini-3.1-flash-lite,0.2,56,25,23.98,(22;12),move,57,0,0
gemini-3.1-flash-lite,0.2,56,26,20.0,(21;12),move,48,0,0
gemini-3.1-flash-lite,0.2,56,27,15.94,(20;12),move,56,0,0
gemini-3.1-flash-lite,0.2,56,28,12.01,(19;12),move,43,0,0
gemini-3.1-flash-lite,0.2,56,29,7.93,(19;12),move,58,0,0
gemini-3.1-flash-lite,0.2,56,30,3.95,(19;13),move,48,0,0
gemini-3.1-flash-lite,0.2,56,31,-0.16,(19;14),move,61,0,0
gemini-3.1-flash-lite,0.2,57,1,95.75,(17;16),move,75,0,0
gemini-3.1-flash-lite,0.2,57,2,91.69,(18;16),move,56,0,0
gemini-3.1-flash-lite,0.2,57,3,87.76,(19;16),move,43,0,0
gemini-3.1-flash-lite,0.2,57,4,83.85,(20;16),move,41,0,0
gemini-3.1-flash-lite,0.2,57,5,79.77,(20;17),move,58,0,0
gemini-3.1-flash-lite,0.2,57,6,75.7,(20;18),move,57,0,0
gemini-3.1-flash-lite,0.2,57,7,71.64,(21;19),move,56,0,0
gemini-3.1-flash-lite,0.2,57,8,67.66,(22;20),move,48,0,0
gemini-3.1-flash-lite,0.2,57,9,63.63,(22;20),move,53,0,0
gemini-3.1-flash-lite,0.2,57,10,59.61,(23;20),move,52,0,0
gemini-3.1-flash-lite,0.2,57,11,55.53,(23;19),move,58,0,0
gemini-3.1-flash-lite,0.2,57,12,51.45,(23;18),move,58,0,0
gemini-3.1-flash-lite,0.2,57,13,47.4,(23;17),move,55,0,0
gemini-3.1-flash-lite,0.2,57,14,43.39,(23;16),move,51,0,0
gemini-3.1-flash-lite,0.2,57,15,39.35,(22;16),move,54,0,0
gemini-3.1-flash-lite,0.2,57,16,35.31,(21;16),move,54,0,0
gemini-3.1-flash-lite,0.2,57,17,31.29,(20;16),move,52,0,0
gemini-3.1-flash-lite,0.2,57,18,27.34,(19;16),move,45,0,0
gemini-3.1-flash-lite,0.2,57,19,23.33,(18;16),move,51,0,0
gemini-3.1-flash-lite,0.2,57,20,19.35,(17;16),move,48,0,0
gemini-3.1-flash-lite,0.2,57,21,15.41,(16;16),move,44,0,0
gemini-3.1-flash-lite,0.2,57,22,11.35,(15;16),move,56,0,0
gemini-3.1-flash-lite,0.2,57,23,7.37,(14;16),move,48,0,0
gemini-3.1-flash-lite,0.2,57,24,3.39,(13;16),move,48,0,0
gemini-3.1-flash-lite,0.2,57,25,-0.71,(12;16),move,60,0,0
gemini-3.1-flash-lite,0.2,58,1,95.7,(17;16),move,80,0,0
gemini-3.1-flash-lite,0.2,58,2,91.65,(18;16),move,55,0,0
gemini-3.1-flash-lite,0.2,58,3,87.72,(19;16),move,43,0,0
gemini-3.1-flash-lite,0.2,58,4,83.73,(20;16),move,49,0,0
gemini-3.1-flash-lite,0.2,58,5,79.62,(21;16),move,61,0,0
gemini-3.1-flash-lite,0.2,58,6,75.64,(22;16),move,48,0,0
gemini-3.1-flash-lite,0.2,58,7,71.58,(23;16),move,56,0,0
gemini-3.1-flash-lite,0.2,58,8,67.57,(24;16),move,51,0,0
gemini-3.1-flash-lite,0.2,58,9,63.58,(25;16),move,49,0,0
gemini-3.1-flash-lite,0.2,58,10,59.59,(26;16),move,49,0,0
gemini-3.1-flash-lite,0.2,58,11,55.57,(27;16),move,52,0,0
gemini-3.1-flash-lite,0.2,58,12,51.59,(28;16),move,48,0,0
gemini-3.1-flash-lite,0.2,58,13,47.58,(28;15),move,51,0,0
gemini-3.1-flash-lite,0.2,58,14,43.6,(28;14),move,48,0,0
gemini-3.1-flash-lite,0.2,58,15,39.54,(28;13),move,56,0,0
gemini-3.1-flash-lite,0.2,58,16,35.46,(28;12),move,58,0,0
gemini-3.1-flash-lite,0.2,58,17,31.41,(28;11),move,55,0,0
gemini-3.1-flash-lite,0.2,58,18,27.43,(28;10),move,48,0,0
gemini-3.1-flash-lite,0.2,58,19,23.36,(28;9),move,57,0,0
gemini-3.1-flash-lite,0.2,58,20,19.26,(27;8),move,60,0,0
gemini-3.1-flash-lite,0.2,58,21,15.24,(26;7),move,52,0,0
gemini-3.1-flash-lite,0.2,58,22,11.24,(25;6),move,50,0,0
gemini-3.1-flash-lite,0.2,58,23,-2.21,(25;6),attempt_vault,45,0,0
gemini-3.1-flash-lite,0.2,59,1,95.76,(17;16),move,74,0,0
gemini-3.1-flash-lite,0.2,59,2,91.8,(18;16),move,46,0,0
gemini-3.1-flash-lite,0.2,59,3,87.89,(19;16),move,41,0,0
gemini-3.1-flash-lite,0.2,59,4,83.99,(20;16),move,40,0,0
gemini-3.1-flash-lite,0.2,59,5,79.88,(21;16),move,61,0,0
gemini-3.1-flash-lite,0.2,59,6,75.86,(22;16),move,52,0,0
gemini-3.1-flash-lite,0.2,59,7,71.79,(23;17),move,57,0,0
gemini-3.1-flash-lite,0.2,59,8,67.75,(24;18),move,54,0,0
gemini-3.1-flash-lite,0.2,59,9,63.75,(25;18),move,50,0,0
gemini-3.1-flash-lite,0.2,59,10,59.71,(26;18),move,54,0,0
gemini-3.1-flash-lite,0.2,59,11,55.65,(27;18),move,56,0,0
gemini-3.1-flash-lite,0.2,59,12,51.6,(27;19),move,55,0,0
gemini-3.1-flash-lite,0.2,59,13,47.58,(27;20),move,52,0,0
gemini-3.1-flash-lite,0.2,59,14,43.6,(27;21),move,48,0,0
gemini-3.1-flash-lite,0.2,59,15,39.56,(27;22),move,54,0,0
gemini-3.1-flash-lite,0.2,59,16,35.47,(26;23),move,59,0,0
gemini-3.1-flash-lite,0.2,59,17,31.45,(25;24),move,52,0,0
gemini-3.1-flash-lite,0.2,59,18,27.51,(25;25),move,44,0,0
gemini-3.1-flash-lite,0.2,59,19,13.97,(25;25),attempt_vault,54,0,0
gemini-3.1-flash-lite,0.2,59,20,0.4,(25;25),attempt_vault,57,0,0
gemini-3.1-flash-lite,0.2,59,20,-2.28,(25;25),rest,68,0,0
gemini-3.1-flash-lite,0.2,60,1,95.79,(17;16),move,71,0,0
gemini-3.1-flash-lite,0.2,60,2,91.79,(18;16),move,50,0,0
gemini-3.1-flash-lite,0.2,60,3,87.79,(19;16),move,50,0,0
gemini-3.1-flash-lite,0.2,60,4,83.79,(20;16),move,50,0,0
gemini-3.1-flash-lite,0.2,60,5,79.65,(21;16),move,64,0,0
gemini-3.1-flash-lite,0.2,60,6,75.59,(22;16),move,56,0,0
gemini-3.1-flash-lite,0.2,60,7,71.55,(23;16),move,54,0,0
gemini-3.1-flash-lite,0.2,60,8,67.55,(24;16),move,50,0,0
gemini-3.1-flash-lite,0.2,60,9,63.45,(25;16),move,60,0,0
gemini-3.1-flash-lite,0.2,60,10,60.45,(25;16),rest,0,0,0
gemini-3.1-flash-lite,0.2,60,11,57.45,(25;16),rest,0,0,0
gemini-3.1-flash-lite,0.2,60,12,54.45,(25;16),rest,0,0,0
gemini-3.1-flash-lite,0.2,60,13,51.45,(25;16),rest,0,0,0
gemini-3.1-flash-lite,0.2,60,14,48.45,(25;16),rest,0,0,0
gemini-3.1-flash-lite,0.2,60,15,45.45,(25;16),rest,0,0,0
gemini-3.1-flash-lite,0.2,60,16,42.45,(25;16),rest,0,0,0
gemini-3.1-flash-lite,0.2,60,17,39.45,(25;16),rest,0,0,0
gemini-3.1-flash-lite,0.2,60,18,36.45,(25;16),rest,0,0,0
gemini-3.1-flash-lite,0.2,60,19,33.45,(25;16),rest,0,0,0
gemini-3.1-flash-lite,0.2,60,20,30.45,(25;16),rest,0,0,0
gemini-3.1-flash-lite,0.2,60,21,27.45,(25;16),rest,0,0,0
gemini-3.1-flash-lite,0.2,60,22,24.45,(25;16),rest,0,0,0
gemini-3.1-flash-lite,0.2,60,23,21.45,(25;16),rest,0,0,0
gemini-3.1-flash-lite,0.2,60,24,18.45,(25;16),rest,0,0,0
gemini-3.1-flash-lite,0.2,60,25,15.45,(25;16),rest,0,0,0
gemini-3.1-flash-lite,0.2,60,26,12.45,(25;16),rest,0,0,0
gemini-3.1-flash-lite,0.2,60,27,9.45,(25;16),rest,0,0,0
gemini-3.1-flash-lite,0.2,60,28,6.45,(25;16),rest,0,0,0
gemini-3.1-flash-lite,0.2,60,29,3.45,(25;16),rest,0,0,0
gemini-3.1-flash-lite,0.2,60,30,0.45,(25;16),rest,0,0,0
gemini-3.1-flash-lite,0.2,60,30,-1.55,(25;16),rest,0,0,0
gemini-3.1-flash-lite,0.2,61,1,97.0,(16;16),rest,0,0,0
gemini-3.1-flash-lite,0.2,61,2,94.0,(16;16),rest,0,0,0
gemini-3.1-flash-lite,0.2,61,3,91.0,(16;16),rest,0,0,0
gemini-3.1-flash-lite,0.2,61,4,88.0,(16;16),rest,0,0,0
gemini-3.1-flash-lite,0.2,61,5,85.0,(16;16),rest,0,0,0
gemini-3.1-flash-lite,0.2,61,6,82.0,(16;16),rest,0,0,0
gemini-3.1-flash-lite,0.2,61,7,79.0,(16;16),rest,0,0,0
gemini-3.1-flash-lite,0.2,61,8,76.0,(16;16),rest,0,0,0
gemini-3.1-flash-lite,0.2,61,9,73.0,(16;16),rest,0,0,0
gemini-3.1-flash-lite,0.2,61,10,70.0,(16;16),rest,0,0,0
gemini-3.1-flash-lite,0.2,61,11,67.0,(16;16),rest,0,0,0
gemini-3.1-flash-lite,0.2,61,12,64.0,(16;16),rest,0,0,0
gemini-3.1-flash-lite,0.2,61,13,61.0,(16;16),rest,0,0,0
gemini-3.1-flash-lite,0.2,61,14,58.0,(16;16),rest,0,0,0
gemini-3.1-flash-lite,0.2,61,15,55.0,(16;16),rest,0,0,0
gemini-3.1-flash-lite,0.2,61,16,52.0,(16;16),rest,0,0,0
gemini-3.1-flash-lite,0.2,61,17,49.0,(16;16),rest,0,0,0
gemini-3.1-flash-lite,0.2,61,18,46.0,(16;16),rest,0,0,0
gemini-3.1-flash-lite,0.2,61,19,43.0,(16;16),rest,0,0,0
gemini-3.1-flash-lite,0.2,61,20,40.0,(16;16),rest,0,0,0
gemini-3.1-flash-lite,0.2,61,21,37.0,(16;16),rest,0,0,0
gemini-3.1-flash-lite,0.2,61,22,34.0,(16;16),rest,0,0,0
gemini-3.1-flash-lite,0.2,61,23,31.0,(16;16),rest,0,0,0
gemini-3.1-flash-lite,0.2,61,24,28.0,(16;16),rest,0,0,0
gemini-3.1-flash-lite,0.2,61,25,25.0,(16;16),rest,0,0,0
gemini-3.1-flash-lite,0.2,61,26,22.0,(16;16),rest,0,0,0
gemini-3.1-flash-lite,0.2,61,27,19.0,(16;16),rest,0,0,0
gemini-3.1-flash-lite,0.2,61,28,16.0,(16;16),rest,0,0,0
gemini-3.1-flash-lite,0.2,61,29,13.0,(16;16),rest,0,0,0
gemini-3.1-flash-lite,0.2,61,30,10.0,(16;16),rest,0,0,0
gemini-3.1-flash-lite,0.2,61,31,7.0,(16;16),rest,0,0,0
gemini-3.1-flash-lite,0.2,61,32,4.0,(16;16),rest,0,0,0
gemini-3.1-flash-lite,0.2,61,33,1.0,(16;16),rest,0,0,0
gemini-3.1-flash-lite,0.2,61,33,-1.0,(16;16),rest,0,0,0
gemini-3.1-flash-lite,0.2,62,1,97.0,(16;16),rest,0,0,0
gemini-3.1-flash-lite,0.2,62,2,94.0,(16;16),rest,0,0,0
gemini-3.1-flash-lite,0.2,62,3,91.0,(16;16),rest,0,0,0
gemini-3.1-flash-lite,0.2,62,4,88.0,(16;16),rest,0,0,0
gemini-3.1-flash-lite,0.2,62,5,85.0,(16;16),rest,0,0,0
gemini-3.1-flash-lite,0.2,62,6,82.0,(16;16),rest,0,0,0
gemini-3.1-flash-lite,0.2,62,7,79.0,(16;16),rest,0,0,0
gemini-3.1-flash-lite,0.2,62,8,76.0,(16;16),rest,0,0,0
gemini-3.1-flash-lite,0.2,62,9,73.0,(16;16),rest,0,0,0
gemini-3.1-flash-lite,0.2,62,10,70.0,(16;16),rest,0,0,0
gemini-3.1-flash-lite,0.2,62,11,67.0,(16;16),rest,0,0,0
gemini-3.1-flash-lite,0.2,62,12,64.0,(16;16),rest,0,0,0
gemini-3.1-flash-lite,0.2,62,13,61.0,(16;16),rest,0,0,0
gemini-3.1-flash-lite,0.2,62,14,58.0,(16;16),rest,0,0,0
gemini-3.1-flash-lite,0.2,62,15,55.0,(16;16),rest,0,0,0
gemini-3.1-flash-lite,0.2,62,16,52.0,(16;16),rest,0,0,0
gemini-3.1-flash-lite,0.2,62,17,49.0,(16;16),rest,0,0,0
gemini-3.1-flash-lite,0.2,62,18,46.0,(16;16),rest,0,0,0
gemini-3.1-flash-lite,0.2,62,19,43.0,(16;16),rest,0,0,0
gemini-3.1-flash-lite,0.2,62,20,40.0,(16;16),rest,0,0,0
gemini-3.1-flash-lite,0.2,62,21,37.0,(16;16),rest,0,0,0
gemini-3.1-flash-lite,0.2,62,22,34.0,(16;16),rest,0,0,0
gemini-3.1-flash-lite,0.2,62,23,31.0,(16;16),rest,0,0,0
gemini-3.1-flash-lite,0.2,62,24,28.0,(16;16),rest,0,0,0
gemini-3.1-flash-lite,0.2,62,25,25.0,(16;16),rest,0,0,0
gemini-3.1-flash-lite,0.2,62,26,22.0,(16;16),rest,0,0,0
gemini-3.1-flash-lite,0.2,62,27,19.0,(16;16),rest,0,0,0
gemini-3.1-flash-lite,0.2,62,28,16.0,(16;16),rest,0,0,0
gemini-3.1-flash-lite,0.2,62,29,13.0,(16;16),rest,0,0,0
gemini-3.1-flash-lite,0.2,62,30,10.0,(16;16),rest,0,0,0
gemini-3.1-flash-lite,0.2,62,31,7.0,(16;16),rest,0,0,0
gemini-3.1-flash-lite,0.2,62,32,4.0,(16;16),rest,0,0,0
gemini-3.1-flash-lite,0.2,62,33,1.0,(16;16),rest,0,0,0
gemini-3.1-flash-lite,0.2,62,33,-1.0,(16;16),rest,0,0,0
gemini-3.1-flash-lite,0.2,63,1,97.0,(16;16),rest,0,0,0
gemini-3.1-flash-lite,0.2,63,2,94.0,(16;16),rest,0,0,0
gemini-3.1-flash-lite,0.2,63,3,91.0,(16;16),rest,0,0,0
gemini-3.1-flash-lite,0.2,63,4,88.0,(16;16),rest,0,0,0
gemini-3.1-flash-lite,0.2,63,5,85.0,(16;16),rest,0,0,0
gemini-3.1-flash-lite,0.2,63,6,82.0,(16;16),rest,0,0,0
gemini-3.1-flash-lite,0.2,63,7,79.0,(16;16),rest,0,0,0
gemini-3.1-flash-lite,0.2,63,8,76.0,(16;16),rest,0,0,0
gemini-3.1-flash-lite,0.2,63,9,73.0,(16;16),rest,0,0,0
gemini-3.1-flash-lite,0.2,63,10,70.0,(16;16),rest,0,0,0
gemini-3.1-flash-lite,0.2,63,11,67.0,(16;16),rest,0,0,0
gemini-3.1-flash-lite,0.2,63,12,64.0,(16;16),rest,0,0,0
gemini-3.1-flash-lite,0.2,63,13,61.0,(16;16),rest,0,0,0
gemini-3.1-flash-lite,0.2,63,14,58.0,(16;16),rest,0,0,0
gemini-3.1-flash-lite,0.2,63,15,55.0,(16;16),rest,0,0,0
gemini-3.1-flash-lite,0.2,63,16,52.0,(16;16),rest,0,0,0
gemini-3.1-flash-lite,0.2,63,17,49.0,(16;16),rest,0,0,0
gemini-3.1-flash-lite,0.2,63,18,46.0,(16;16),rest,0,0,0
gemini-3.1-flash-lite,0.2,63,19,43.0,(16;16),rest,0,0,0
gemini-3.1-flash-lite,0.2,63,20,40.0,(16;16),rest,0,0,0
gemini-3.1-flash-lite,0.2,63,21,37.0,(16;16),rest,0,0,0
gemini-3.1-flash-lite,0.2,63,22,34.0,(16;16),rest,0,0,0
gemini-3.1-flash-lite,0.2,63,23,31.0,(16;16),rest,0,0,0
gemini-3.1-flash-lite,0.2,63,24,28.0,(16;16),rest,0,0,0
gemini-3.1-flash-lite,0.2,63,25,25.0,(16;16),rest,0,0,0
gemini-3.1-flash-lite,0.2,63,26,22.0,(16;16),rest,0,0,0
gemini-3.1-flash-lite,0.2,63,27,19.0,(16;16),rest,0,0,0
gemini-3.1-flash-lite,0.2,63,28,16.0,(16;16),rest,0,0,0
gemini-3.1-flash-lite,0.2,63,29,13.0,(16;16),rest,0,0,0
gemini-3.1-flash-lite,0.2,63,30,10.0,(16;16),rest,0,0,0
gemini-3.1-flash-lite,0.2,63,31,7.0,(16;16),rest,0,0,0
gemini-3.1-flash-lite,0.2,63,32,4.0,(16;16),rest,0,0,0
gemini-3.1-flash-lite,0.2,63,33,1.0,(16;16),rest,0,0,0
gemini-3.1-flash-lite,0.2,63,33,-1.0,(16;16),rest,0,0,0
gemini-3.1-flash-lite,0.2,64,1,97.0,(16;16),rest,0,0,0
gemini-3.1-flash-lite,0.2,64,2,94.0,(16;16),rest,0,0,0
gemini-3.1-flash-lite,0.2,64,3,91.0,(16;16),rest,0,0,0
gemini-3.1-flash-lite,0.2,64,4,88.0,(16;16),rest,0,0,0
gemini-3.1-flash-lite,0.2,64,5,85.0,(16;16),rest,0,0,0
gemini-3.1-flash-lite,0.2,64,6,82.0,(16;16),rest,0,0,0
gemini-3.1-flash-lite,0.2,64,7,79.0,(16;16),rest,0,0,0
gemini-3.1-flash-lite,0.2,64,8,76.0,(16;16),rest,0,0,0
gemini-3.1-flash-lite,0.2,64,9,73.0,(16;16),rest,0,0,0
gemini-3.1-flash-lite,0.2,64,10,70.0,(16;16),rest,0,0,0
gemini-3.1-flash-lite,0.2,64,11,67.0,(16;16),rest,0,0,0
gemini-3.1-flash-lite,0.2,64,12,64.0,(16;16),rest,0,0,0
gemini-3.1-flash-lite,0.2,64,13,61.0,(16;16),rest,0,0,0
gemini-3.1-flash-lite,0.2,64,14,58.0,(16;16),rest,0,0,0
gemini-3.1-flash-lite,0.2,64,15,55.0,(16;16),rest,0,0,0
gemini-3.1-flash-lite,0.2,64,16,52.0,(16;16),rest,0,0,0
gemini-3.1-flash-lite,0.2,64,17,49.0,(16;16),rest,0,0,0
gemini-3.1-flash-lite,0.2,64,18,46.0,(16;16),rest,0,0,0
gemini-3.1-flash-lite,0.2,64,19,43.0,(16;16),rest,0,0,0
gemini-3.1-flash-lite,0.2,64,20,40.0,(16;16),rest,0,0,0
gemini-3.1-flash-lite,0.2,64,21,37.0,(16;16),rest,0,0,0
gemini-3.1-flash-lite,0.2,64,22,34.0,(16;16),rest,0,0,0
gemini-3.1-flash-lite,0.2,64,23,31.0,(16;16),rest,0,0,0
gemini-3.1-flash-lite,0.2,64,24,28.0,(16;16),rest,0,0,0
gemini-3.1-flash-lite,0.2,64,25,25.0,(16;16),rest,0,0,0
gemini-3.1-flash-lite,0.2,64,26,22.0,(16;16),rest,0,0,0
gemini-3.1-flash-lite,0.2,64,27,19.0,(16;16),rest,0,0,0
gemini-3.1-flash-lite,0.2,64,28,16.0,(16;16),rest,0,0,0
gemini-3.1-flash-lite,0.2,64,29,13.0,(16;16),rest,0,0,0
gemini-3.1-flash-lite,0.2,64,30,10.0,(16;16),rest,0,0,0
gemini-3.1-flash-lite,0.2,64,31,7.0,(16;16),rest,0,0,0
gemini-3.1-flash-lite,0.2,64,32,4.0,(16;16),rest,0,0,0
gemini-3.1-flash-lite,0.2,64,33,1.0,(16;16),rest,0,0,0
gemini-3.1-flash-lite,0.2,64,33,-1.0,(16;16),rest,0,0,0
gemini-3.1-flash-lite,0.2,65,1,97.0,(16;16),rest,0,0,0
gemini-3.1-flash-lite,0.2,65,2,94.0,(16;16),rest,0,0,0
gemini-3.1-flash-lite,0.2,65,3,91.0,(16;16),rest,0,0,0
gemini-3.1-flash-lite,0.2,65,4,88.0,(16;16),rest,0,0,0
gemini-3.1-flash-lite,0.2,65,5,85.0,(16;16),rest,0,0,0
gemini-3.1-flash-lite,0.2,65,6,82.0,(16;16),rest,0,0,0
gemini-3.1-flash-lite,0.2,65,7,79.0,(16;16),rest,0,0,0
gemini-3.1-flash-lite,0.2,65,8,76.0,(16;16),rest,0,0,0
gemini-3.1-flash-lite,0.2,65,9,73.0,(16;16),rest,0,0,0
gemini-3.1-flash-lite,0.2,65,10,70.0,(16;16),rest,0,0,0
gemini-3.1-flash-lite,0.2,65,11,67.0,(16;16),rest,0,0,0
gemini-3.1-flash-lite,0.2,65,12,64.0,(16;16),rest,0,0,0
gemini-3.1-flash-lite,0.2,65,13,61.0,(16;16),rest,0,0,0
gemini-3.1-flash-lite,0.2,65,14,58.0,(16;16),rest,0,0,0
gemini-3.1-flash-lite,0.2,65,15,55.0,(16;16),rest,0,0,0
gemini-3.1-flash-lite,0.2,65,16,52.0,(16;16),rest,0,0,0
gemini-3.1-flash-lite,0.2,65,17,49.0,(16;16),rest,0,0,0
gemini-3.1-flash-lite,0.2,65,18,46.0,(16;16),rest,0,0,0
gemini-3.1-flash-lite,0.2,65,19,43.0,(16;16),rest,0,0,0
gemini-3.1-flash-lite,0.2,65,20,40.0,(16;16),rest,0,0,0
gemini-3.1-flash-lite,0.2,65,21,37.0,(16;16),rest,0,0,0
gemini-3.1-flash-lite,0.2,65,22,34.0,(16;16),rest,0,0,0
gemini-3.1-flash-lite,0.2,65,23,31.0,(16;16),rest,0,0,0
gemini-3.1-flash-lite,0.2,65,24,28.0,(16;16),rest,0,0,0
gemini-3.1-flash-lite,0.2,65,25,25.0,(16;16),rest,0,0,0
gemini-3.1-flash-lite,0.2,65,26,22.0,(16;16),rest,0,0,0
gemini-3.1-flash-lite,0.2,65,27,19.0,(16;16),rest,0,0,0
gemini-3.1-flash-lite,0.2,65,28,16.0,(16;16),rest,0,0,0
gemini-3.1-flash-lite,0.2,65,29,13.0,(16;16),rest,0,0,0
gemini-3.1-flash-lite,0.2,65,30,10.0,(16;16),rest,0,0,0
gemini-3.1-flash-lite,0.2,65,31,7.0,(16;16),rest,0,0,0
gemini-3.1-flash-lite,0.2,65,32,4.0,(16;16),rest,0,0,0
gemini-3.1-flash-lite,0.2,65,33,1.0,(16;16),rest,0,0,0
gemini-3.1-flash-lite,0.2,65,33,-1.0,(16;16),rest,0,0,0
gemini-3.1-flash-lite,0.2,66,1,97.0,(16;16),rest,0,0,0
gemini-3.1-flash-lite,0.2,66,2,94.0,(16;16),rest,0,0,0
gemini-3.1-flash-lite,0.2,66,3,91.0,(16;16),rest,0,0,0
gemini-3.1-flash-lite,0.2,66,4,88.0,(16;16),rest,0,0,0
gemini-3.1-flash-lite,0.2,66,5,85.0,(16;16),rest,0,0,0
gemini-3.1-flash-lite,0.2,66,6,82.0,(16;16),rest,0,0,0
gemini-3.1-flash-lite,0.2,66,7,79.0,(16;16),rest,0,0,0
gemini-3.1-flash-lite,0.2,66,8,76.0,(16;16),rest,0,0,0
gemini-3.1-flash-lite,0.2,66,9,73.0,(16;16),rest,0,0,0
gemini-3.1-flash-lite,0.2,66,10,70.0,(16;16),rest,0,0,0
gemini-3.1-flash-lite,0.2,66,11,67.0,(16;16),rest,0,0,0
gemini-3.1-flash-lite,0.2,66,12,64.0,(16;16),rest,0,0,0
gemini-3.1-flash-lite,0.2,66,13,61.0,(16;16),rest,0,0,0
gemini-3.1-flash-lite,0.2,66,14,58.0,(16;16),rest,0,0,0
gemini-3.1-flash-lite,0.2,66,15,55.0,(16;16),rest,0,0,0
gemini-3.1-flash-lite,0.2,66,16,52.0,(16;16),rest,0,0,0
gemini-3.1-flash-lite,0.2,66,17,49.0,(16;16),rest,0,0,0
gemini-3.1-flash-lite,0.2,66,18,46.0,(16;16),rest,0,0,0
gemini-3.1-flash-lite,0.2,66,19,43.0,(16;16),rest,0,0,0
gemini-3.1-flash-lite,0.2,66,20,40.0,(16;16),rest,0,0,0
gemini-3.1-flash-lite,0.2,66,21,37.0,(16;16),rest,0,0,0
gemini-3.1-flash-lite,0.2,66,22,34.0,(16;16),rest,0,0,0
gemini-3.1-flash-lite,0.2,66,23,31.0,(16;16),rest,0,0,0
gemini-3.1-flash-lite,0.2,66,24,28.0,(16;16),rest,0,0,0
gemini-3.1-flash-lite,0.2,66,25,25.0,(16;16),rest,0,0,0
gemini-3.1-flash-lite,0.2,66,26,22.0,(16;16),rest,0,0,0
gemini-3.1-flash-lite,0.2,66,27,19.0,(16;16),rest,0,0,0
gemini-3.1-flash-lite,0.2,66,28,16.0,(16;16),rest,0,0,0
gemini-3.1-flash-lite,0.2,66,29,13.0,(16;16),rest,0,0,0
gemini-3.1-flash-lite,0.2,66,30,10.0,(16;16),rest,0,0,0
gemini-3.1-flash-lite,0.2,66,31,7.0,(16;16),rest,0,0,0
gemini-3.1-flash-lite,0.2,66,32,4.0,(16;16),rest,0,0,0
gemini-3.1-flash-lite,0.2,66,33,1.0,(16;16),rest,0,0,0
gemini-3.1-flash-lite,0.2,66,33,-1.0,(16;16),rest,0,0,0
gemini-3.1-flash-lite,0.2,67,1,97.0,(16;16),rest,0,0,0
gemini-3.1-flash-lite,0.2,67,2,94.0,(16;16),rest,0,0,0
gemini-3.1-flash-lite,0.2,67,3,91.0,(16;16),rest,0,0,0
gemini-3.1-flash-lite,0.2,67,4,88.0,(16;16),rest,0,0,0
gemini-3.1-flash-lite,0.2,67,5,85.0,(16;16),rest,0,0,0
gemini-3.1-flash-lite,0.2,67,6,82.0,(16;16),rest,0,0,0
gemini-3.1-flash-lite,0.2,67,7,79.0,(16;16),rest,0,0,0
gemini-3.1-flash-lite,0.2,67,8,76.0,(16;16),rest,0,0,0
gemini-3.1-flash-lite,0.2,67,9,73.0,(16;16),rest,0,0,0
gemini-3.1-flash-lite,0.2,67,10,70.0,(16;16),rest,0,0,0
gemini-3.1-flash-lite,0.2,67,11,67.0,(16;16),rest,0,0,0
gemini-3.1-flash-lite,0.2,67,12,64.0,(16;16),rest,0,0,0
gemini-3.1-flash-lite,0.2,67,13,61.0,(16;16),rest,0,0,0
gemini-3.1-flash-lite,0.2,67,14,58.0,(16;16),rest,0,0,0
gemini-3.1-flash-lite,0.2,67,15,55.0,(16;16),rest,0,0,0
gemini-3.1-flash-lite,0.2,67,16,52.0,(16;16),rest,0,0,0
gemini-3.1-flash-lite,0.2,67,17,49.0,(16;16),rest,0,0,0
gemini-3.1-flash-lite,0.2,67,18,46.0,(16;16),rest,0,0,0
gemini-3.1-flash-lite,0.2,67,19,43.0,(16;16),rest,0,0,0
gemini-3.1-flash-lite,0.2,67,20,40.0,(16;16),rest,0,0,0
gemini-3.1-flash-lite,0.2,67,21,37.0,(16;16),rest,0,0,0
gemini-3.1-flash-lite,0.2,67,22,34.0,(16;16),rest,0,0,0
gemini-3.1-flash-lite,0.2,67,23,31.0,(16;16),rest,0,0,0
gemini-3.1-flash-lite,0.2,67,24,28.0,(16;16),rest,0,0,0
gemini-3.1-flash-lite,0.2,67,25,25.0,(16;16),rest,0,0,0
gemini-3.1-flash-lite,0.2,67,26,22.0,(16;16),rest,0,0,0
gemini-3.1-flash-lite,0.2,67,27,19.0,(16;16),rest,0,0,0
gemini-3.1-flash-lite,0.2,67,28,16.0,(16;16),rest,0,0,0
gemini-3.1-flash-lite,0.2,67,29,13.0,(16;16),rest,0,0,0
gemini-3.1-flash-lite,0.2,67,30,10.0,(16;16),rest,0,0,0
gemini-3.1-flash-lite,0.2,67,31,7.0,(16;16),rest,0,0,0
gemini-3.1-flash-lite,0.2,67,32,4.0,(16;16),rest,0,0,0
gemini-3.1-flash-lite,0.2,67,33,1.0,(16;16),rest,0,0,0
gemini-3.1-flash-lite,0.2,67,33,-1.0,(16;16),rest,0,0,0
gemini-3.1-flash-lite,0.2,68,1,97.0,(16;16),rest,0,0,0
gemini-3.1-flash-lite,0.2,68,2,94.0,(16;16),rest,0,0,0
gemini-3.1-flash-lite,0.2,68,3,91.0,(16;16),rest,0,0,0
gemini-3.1-flash-lite,0.2,68,4,88.0,(16;16),rest,0,0,0
gemini-3.1-flash-lite,0.2,68,5,85.0,(16;16),rest,0,0,0
gemini-3.1-flash-lite,0.2,68,6,82.0,(16;16),rest,0,0,0
gemini-3.1-flash-lite,0.2,68,7,79.0,(16;16),rest,0,0,0
gemini-3.1-flash-lite,0.2,68,8,76.0,(16;16),rest,0,0,0
gemini-3.1-flash-lite,0.2,68,9,73.0,(16;16),rest,0,0,0
gemini-3.1-flash-lite,0.2,68,10,70.0,(16;16),rest,0,0,0
gemini-3.1-flash-lite,0.2,68,11,67.0,(16;16),rest,0,0,0
gemini-3.1-flash-lite,0.2,68,12,64.0,(16;16),rest,0,0,0
gemini-3.1-flash-lite,0.2,68,13,61.0,(16;16),rest,0,0,0
gemini-3.1-flash-lite,0.2,68,14,58.0,(16;16),rest,0,0,0
gemini-3.1-flash-lite,0.2,68,15,55.0,(16;16),rest,0,0,0
gemini-3.1-flash-lite,0.2,68,16,52.0,(16;16),rest,0,0,0
gemini-3.1-flash-lite,0.2,68,17,49.0,(16;16),rest,0,0,0
gemini-3.1-flash-lite,0.2,68,18,46.0,(16;16),rest,0,0,0
gemini-3.1-flash-lite,0.2,68,19,43.0,(16;16),rest,0,0,0
gemini-3.1-flash-lite,0.2,68,20,40.0,(16;16),rest,0,0,0
gemini-3.1-flash-lite,0.2,68,21,37.0,(16;16),rest,0,0,0
gemini-3.1-flash-lite,0.2,68,22,34.0,(16;16),rest,0,0,0
gemini-3.1-flash-lite,0.2,68,23,31.0,(16;16),rest,0,0,0
gemini-3.1-flash-lite,0.2,68,24,28.0,(16;16),rest,0,0,0
gemini-3.1-flash-lite,0.2,68,25,25.0,(16;16),rest,0,0,0
gemini-3.1-flash-lite,0.2,68,26,22.0,(16;16),rest,0,0,0
gemini-3.1-flash-lite,0.2,68,27,19.0,(16;16),rest,0,0,0
gemini-3.1-flash-lite,0.2,68,28,16.0,(16;16),rest,0,0,0
gemini-3.1-flash-lite,0.2,68,29,13.0,(16;16),rest,0,0,0
gemini-3.1-flash-lite,0.2,68,30,10.0,(16;16),rest,0,0,0
gemini-3.1-flash-lite,0.2,68,31,7.0,(16;16),rest,0,0,0
gemini-3.1-flash-lite,0.2,68,32,4.0,(16;16),rest,0,0,0
gemini-3.1-flash-lite,0.2,68,33,1.0,(16;16),rest,0,0,0
gemini-3.1-flash-lite,0.2,68,33,-1.0,(16;16),rest,0,0,0
gemini-3.1-flash-lite,0.2,69,1,97.0,(16;16),rest,0,0,0
gemini-3.1-flash-lite,0.2,69,2,94.0,(16;16),rest,0,0,0
gemini-3.1-flash-lite,0.2,69,3,91.0,(16;16),rest,0,0,0
gemini-3.1-flash-lite,0.2,69,4,88.0,(16;16),rest,0,0,0
gemini-3.1-flash-lite,0.2,69,5,85.0,(16;16),rest,0,0,0
gemini-3.1-flash-lite,0.2,69,6,82.0,(16;16),rest,0,0,0
gemini-3.1-flash-lite,0.2,69,7,79.0,(16;16),rest,0,0,0
gemini-3.1-flash-lite,0.2,69,8,76.0,(16;16),rest,0,0,0
gemini-3.1-flash-lite,0.2,69,9,73.0,(16;16),rest,0,0,0
gemini-3.1-flash-lite,0.2,69,10,70.0,(16;16),rest,0,0,0
gemini-3.1-flash-lite,0.2,69,11,67.0,(16;16),rest,0,0,0
gemini-3.1-flash-lite,0.2,69,12,64.0,(16;16),rest,0,0,0
gemini-3.1-flash-lite,0.2,69,13,61.0,(16;16),rest,0,0,0
gemini-3.1-flash-lite,0.2,69,14,58.0,(16;16),rest,0,0,0
gemini-3.1-flash-lite,0.2,69,15,55.0,(16;16),rest,0,0,0
gemini-3.1-flash-lite,0.2,69,16,52.0,(16;16),rest,0,0,0
gemini-3.1-flash-lite,0.2,69,17,49.0,(16;16),rest,0,0,0
gemini-3.1-flash-lite,0.2,69,18,46.0,(16;16),rest,0,0,0
gemini-3.1-flash-lite,0.2,69,19,43.0,(16;16),rest,0,0,0
gemini-3.1-flash-lite,0.2,69,20,40.0,(16;16),rest,0,0,0
gemini-3.1-flash-lite,0.2,69,21,37.0,(16;16),rest,0,0,0
gemini-3.1-flash-lite,0.2,69,22,34.0,(16;16),rest,0,0,0
gemini-3.1-flash-lite,0.2,69,23,31.0,(16;16),rest,0,0,0
gemini-3.1-flash-lite,0.2,69,24,28.0,(16;16),rest,0,0,0
gemini-3.1-flash-lite,0.2,69,25,25.0,(16;16),rest,0,0,0
gemini-3.1-flash-lite,0.2,69,26,22.0,(16;16),rest,0,0,0
gemini-3.1-flash-lite,0.2,69,27,19.0,(16;16),rest,0,0,0
gemini-3.1-flash-lite,0.2,69,28,16.0,(16;16),rest,0,0,0
gemini-3.1-flash-lite,0.2,69,29,13.0,(16;16),rest,0,0,0
gemini-3.1-flash-lite,0.2,69,30,10.0,(16;16),rest,0,0,0
gemini-3.1-flash-lite,0.2,69,31,7.0,(16;16),rest,0,0,0
gemini-3.1-flash-lite,0.2,69,32,4.0,(16;16),rest,0,0,0
gemini-3.1-flash-lite,0.2,69,33,1.0,(16;16),rest,0,0,0
gemini-3.1-flash-lite,0.2,69,33,-1.0,(16;16),rest,0,0,0
gemini-3.1-flash-lite,0.2,70,1,97.0,(16;16),rest,0,0,0
gemini-3.1-flash-lite,0.2,70,2,94.0,(16;16),rest,0,0,0
gemini-3.1-flash-lite,0.2,70,3,91.0,(16;16),rest,0,0,0
gemini-3.1-flash-lite,0.2,70,4,88.0,(16;16),rest,0,0,0
gemini-3.1-flash-lite,0.2,70,5,85.0,(16;16),rest,0,0,0
gemini-3.1-flash-lite,0.2,70,6,82.0,(16;16),rest,0,0,0
gemini-3.1-flash-lite,0.2,70,7,79.0,(16;16),rest,0,0,0
gemini-3.1-flash-lite,0.2,70,8,76.0,(16;16),rest,0,0,0
gemini-3.1-flash-lite,0.2,70,9,73.0,(16;16),rest,0,0,0
gemini-3.1-flash-lite,0.2,70,10,70.0,(16;16),rest,0,0,0
gemini-3.1-flash-lite,0.2,70,11,67.0,(16;16),rest,0,0,0
gemini-3.1-flash-lite,0.2,70,12,64.0,(16;16),rest,0,0,0
gemini-3.1-flash-lite,0.2,70,13,61.0,(16;16),rest,0,0,0
gemini-3.1-flash-lite,0.2,70,14,58.0,(16;16),rest,0,0,0
gemini-3.1-flash-lite,0.2,70,15,55.0,(16;16),rest,0,0,0
gemini-3.1-flash-lite,0.2,70,16,52.0,(16;16),rest,0,0,0
gemini-3.1-flash-lite,0.2,70,17,49.0,(16;16),rest,0,0,0
gemini-3.1-flash-lite,0.2,70,18,46.0,(16;16),rest,0,0,0
gemini-3.1-flash-lite,0.2,70,19,43.0,(16;16),rest,0,0,0
gemini-3.1-flash-lite,0.2,70,20,40.0,(16;16),rest,0,0,0
gemini-3.1-flash-lite,0.2,70,21,37.0,(16;16),rest,0,0,0
gemini-3.1-flash-lite,0.2,70,22,34.0,(16;16),rest,0,0,0
gemini-3.1-flash-lite,0.2,70,23,31.0,(16;16),rest,0,0,0
gemini-3.1-flash-lite,0.2,70,24,28.0,(16;16),rest,0,0,0
gemini-3.1-flash-lite,0.2,70,25,25.0,(16;16),rest,0,0,0
gemini-3.1-flash-lite,0.2,70,26,22.0,(16;16),rest,0,0,0
gemini-3.1-flash-lite,0.2,70,27,19.0,(16;16),rest,0,0,0
gemini-3.1-flash-lite,0.2,70,28,16.0,(16;16),rest,0,0,0
gemini-3.1-flash-lite,0.2,70,29,13.0,(16;16),rest,0,0,0
gemini-3.1-flash-lite,0.2,70,30,10.0,(16;16),rest,0,0,0
gemini-3.1-flash-lite,0.2,70,31,7.0,(16;16),rest,0,0,0
gemini-3.1-flash-lite,0.2,70,32,4.0,(16;16),rest,0,0,0
gemini-3.1-flash-lite,0.2,70,33,1.0,(16;16),rest,0,0,0
gemini-3.1-flash-lite,0.2,70,33,-1.0,(16;16),rest,0,0,0
gemini-3.1-flash-lite,0.2,71,1,97.0,(16;16),rest,0,0,0
gemini-3.1-flash-lite,0.2,71,2,94.0,(16;16),rest,0,0,0
gemini-3.1-flash-lite,0.2,71,3,91.0,(16;16),rest,0,0,0
gemini-3.1-flash-lite,0.2,71,4,88.0,(16;16),rest,0,0,0
gemini-3.1-flash-lite,0.2,71,5,85.0,(16;16),rest,0,0,0
gemini-3.1-flash-lite,0.2,71,6,82.0,(16;16),rest,0,0,0
gemini-3.1-flash-lite,0.2,71,7,79.0,(16;16),rest,0,0,0
gemini-3.1-flash-lite,0.2,71,8,76.0,(16;16),rest,0,0,0
gemini-3.1-flash-lite,0.2,71,9,73.0,(16;16),rest,0,0,0
gemini-3.1-flash-lite,0.2,71,10,70.0,(16;16),rest,0,0,0
gemini-3.1-flash-lite,0.2,71,11,67.0,(16;16),rest,0,0,0
gemini-3.1-flash-lite,0.2,71,12,64.0,(16;16),rest,0,0,0
gemini-3.1-flash-lite,0.2,71,13,61.0,(16;16),rest,0,0,0
gemini-3.1-flash-lite,0.2,71,14,58.0,(16;16),rest,0,0,0
gemini-3.1-flash-lite,0.2,71,15,55.0,(16;16),rest,0,0,0
gemini-3.1-flash-lite,0.2,71,16,52.0,(16;16),rest,0,0,0
gemini-3.1-flash-lite,0.2,71,17,49.0,(16;16),rest,0,0,0
gemini-3.1-flash-lite,0.2,71,18,46.0,(16;16),rest,0,0,0
gemini-3.1-flash-lite,0.2,71,19,43.0,(16;16),rest,0,0,0
gemini-3.1-flash-lite,0.2,71,20,40.0,(16;16),rest,0,0,0
gemini-3.1-flash-lite,0.2,71,21,37.0,(16;16),rest,0,0,0
gemini-3.1-flash-lite,0.2,71,22,34.0,(16;16),rest,0,0,0
gemini-3.1-flash-lite,0.2,71,23,31.0,(16;16),rest,0,0,0
gemini-3.1-flash-lite,0.2,71,24,28.0,(16;16),rest,0,0,0
gemini-3.1-flash-lite,0.2,71,25,25.0,(16;16),rest,0,0,0
gemini-3.1-flash-lite,0.2,71,26,22.0,(16;16),rest,0,0,0
gemini-3.1-flash-lite,0.2,71,27,19.0,(16;16),rest,0,0,0
gemini-3.1-flash-lite,0.2,71,28,16.0,(16;16),rest,0,0,0
gemini-3.1-flash-lite,0.2,71,29,13.0,(16;16),rest,0,0,0
gemini-3.1-flash-lite,0.2,71,30,10.0,(16;16),rest,0,0,0
gemini-3.1-flash-lite,0.2,71,31,7.0,(16;16),rest,0,0,0
gemini-3.1-flash-lite,0.2,71,32,4.0,(16;16),rest,0,0,0
gemini-3.1-flash-lite,0.2,71,33,1.0,(16;16),rest,0,0,0
gemini-3.1-flash-lite,0.2,71,33,-1.0,(16;16),rest,0,0,0
gemini-3.1-flash-lite,0.2,72,1,97.0,(16;16),rest,0,0,0
gemini-3.1-flash-lite,0.2,72,2,94.0,(16;16),rest,0,0,0
gemini-3.1-flash-lite,0.2,72,3,91.0,(16;16),rest,0,0,0
gemini-3.1-flash-lite,0.2,72,4,88.0,(16;16),rest,0,0,0
gemini-3.1-flash-lite,0.2,72,5,85.0,(16;16),rest,0,0,0
gemini-3.1-flash-lite,0.2,72,6,82.0,(16;16),rest,0,0,0
gemini-3.1-flash-lite,0.2,72,7,79.0,(16;16),rest,0,0,0
gemini-3.1-flash-lite,0.2,72,8,76.0,(16;16),rest,0,0,0
gemini-3.1-flash-lite,0.2,72,9,73.0,(16;16),rest,0,0,0
gemini-3.1-flash-lite,0.2,72,10,70.0,(16;16),rest,0,0,0
gemini-3.1-flash-lite,0.2,72,11,67.0,(16;16),rest,0,0,0
gemini-3.1-flash-lite,0.2,72,12,64.0,(16;16),rest,0,0,0
gemini-3.1-flash-lite,0.2,72,13,61.0,(16;16),rest,0,0,0
gemini-3.1-flash-lite,0.2,72,14,58.0,(16;16),rest,0,0,0
gemini-3.1-flash-lite,0.2,72,15,55.0,(16;16),rest,0,0,0
gemini-3.1-flash-lite,0.2,72,16,52.0,(16;16),rest,0,0,0
gemini-3.1-flash-lite,0.2,72,17,49.0,(16;16),rest,0,0,0
gemini-3.1-flash-lite,0.2,72,18,46.0,(16;16),rest,0,0,0
gemini-3.1-flash-lite,0.2,72,19,43.0,(16;16),rest,0,0,0
gemini-3.1-flash-lite,0.2,72,20,40.0,(16;16),rest,0,0,0
gemini-3.1-flash-lite,0.2,72,21,37.0,(16;16),rest,0,0,0
gemini-3.1-flash-lite,0.2,72,22,34.0,(16;16),rest,0,0,0
gemini-3.1-flash-lite,0.2,72,23,31.0,(16;16),rest,0,0,0
gemini-3.1-flash-lite,0.2,72,24,28.0,(16;16),rest,0,0,0
gemini-3.1-flash-lite,0.2,72,25,25.0,(16;16),rest,0,0,0
gemini-3.1-flash-lite,0.2,72,26,22.0,(16;16),rest,0,0,0
gemini-3.1-flash-lite,0.2,72,27,19.0,(16;16),rest,0,0,0
gemini-3.1-flash-lite,0.2,72,28,16.0,(16;16),rest,0,0,0
gemini-3.1-flash-lite,0.2,72,29,13.0,(16;16),rest,0,0,0
gemini-3.1-flash-lite,0.2,72,30,10.0,(16;16),rest,0,0,0
gemini-3.1-flash-lite,0.2,72,31,7.0,(16;16),rest,0,0,0
gemini-3.1-flash-lite,0.2,72,32,4.0,(16;16),rest,0,0,0
gemini-3.1-flash-lite,0.2,72,33,1.0,(16;16),rest,0,0,0
gemini-3.1-flash-lite,0.2,72,33,-1.0,(16;16),rest,0,0,0
gemini-3.1-flash-lite,0.2,73,1,97.0,(16;16),rest,0,0,0
gemini-3.1-flash-lite,0.2,73,2,94.0,(16;16),rest,0,0,0
gemini-3.1-flash-lite,0.2,73,3,91.0,(16;16),rest,0,0,0
gemini-3.1-flash-lite,0.2,73,4,88.0,(16;16),rest,0,0,0
gemini-3.1-flash-lite,0.2,73,5,85.0,(16;16),rest,0,0,0
gemini-3.1-flash-lite,0.2,73,6,82.0,(16;16),rest,0,0,0
gemini-3.1-flash-lite,0.2,73,7,79.0,(16;16),rest,0,0,0
gemini-3.1-flash-lite,0.2,73,8,76.0,(16;16),rest,0,0,0
gemini-3.1-flash-lite,0.2,73,9,73.0,(16;16),rest,0,0,0
gemini-3.1-flash-lite,0.2,73,10,70.0,(16;16),rest,0,0,0
gemini-3.1-flash-lite,0.2,73,11,67.0,(16;16),rest,0,0,0
gemini-3.1-flash-lite,0.2,73,12,64.0,(16;16),rest,0,0,0
gemini-3.1-flash-lite,0.2,73,13,61.0,(16;16),rest,0,0,0
gemini-3.1-flash-lite,0.2,73,14,58.0,(16;16),rest,0,0,0
gemini-3.1-flash-lite,0.2,73,15,55.0,(16;16),rest,0,0,0
gemini-3.1-flash-lite,0.2,73,16,52.0,(16;16),rest,0,0,0
gemini-3.1-flash-lite,0.2,73,17,49.0,(16;16),rest,0,0,0
gemini-3.1-flash-lite,0.2,73,18,46.0,(16;16),rest,0,0,0
gemini-3.1-flash-lite,0.2,73,19,43.0,(16;16),rest,0,0,0
gemini-3.1-flash-lite,0.2,73,20,40.0,(16;16),rest,0,0,0
gemini-3.1-flash-lite,0.2,73,21,37.0,(16;16),rest,0,0,0
gemini-3.1-flash-lite,0.2,73,22,34.0,(16;16),rest,0,0,0
gemini-3.1-flash-lite,0.2,73,23,31.0,(16;16),rest,0,0,0
gemini-3.1-flash-lite,0.2,73,24,28.0,(16;16),rest,0,0,0
gemini-3.1-flash-lite,0.2,73,25,25.0,(16;16),rest,0,0,0
gemini-3.1-flash-lite,0.2,73,26,22.0,(16;16),rest,0,0,0
gemini-3.1-flash-lite,0.2,73,27,19.0,(16;16),rest,0,0,0
gemini-3.1-flash-lite,0.2,73,28,16.0,(16;16),rest,0,0,0
gemini-3.1-flash-lite,0.2,73,29,13.0,(16;16),rest,0,0,0
gemini-3.1-flash-lite,0.2,73,30,10.0,(16;16),rest,0,0,0
gemini-3.1-flash-lite,0.2,73,31,7.0,(16;16),rest,0,0,0
gemini-3.1-flash-lite,0.2,73,32,4.0,(16;16),rest,0,0,0
gemini-3.1-flash-lite,0.2,73,33,1.0,(16;16),rest,0,0,0
gemini-3.1-flash-lite,0.2,73,33,-1.0,(16;16),rest,0,0,0
gemini-3.1-flash-lite,0.2,74,1,97.0,(16;16),rest,0,0,0
gemini-3.1-flash-lite,0.2,74,2,94.0,(16;16),rest,0,0,0
gemini-3.1-flash-lite,0.2,74,3,91.0,(16;16),rest,0,0,0
gemini-3.1-flash-lite,0.2,74,4,88.0,(16;16),rest,0,0,0
gemini-3.1-flash-lite,0.2,74,5,85.0,(16;16),rest,0,0,0
gemini-3.1-flash-lite,0.2,74,6,82.0,(16;16),rest,0,0,0
gemini-3.1-flash-lite,0.2,74,7,79.0,(16;16),rest,0,0,0
gemini-3.1-flash-lite,0.2,74,8,76.0,(16;16),rest,0,0,0
gemini-3.1-flash-lite,0.2,74,9,73.0,(16;16),rest,0,0,0
gemini-3.1-flash-lite,0.2,74,10,70.0,(16;16),rest,0,0,0
gemini-3.1-flash-lite,0.2,74,11,67.0,(16;16),rest,0,0,0
gemini-3.1-flash-lite,0.2,74,12,64.0,(16;16),rest,0,0,0
gemini-3.1-flash-lite,0.2,74,13,61.0,(16;16),rest,0,0,0
gemini-3.1-flash-lite,0.2,74,14,58.0,(16;16),rest,0,0,0
gemini-3.1-flash-lite,0.2,74,15,55.0,(16;16),rest,0,0,0
gemini-3.1-flash-lite,0.2,74,16,52.0,(16;16),rest,0,0,0
gemini-3.1-flash-lite,0.2,74,17,49.0,(16;16),rest,0,0,0
gemini-3.1-flash-lite,0.2,74,18,46.0,(16;16),rest,0,0,0
gemini-3.1-flash-lite,0.2,74,19,43.0,(16;16),rest,0,0,0
gemini-3.1-flash-lite,0.2,74,20,40.0,(16;16),rest,0,0,0
gemini-3.1-flash-lite,0.2,74,21,37.0,(16;16),rest,0,0,0
gemini-3.1-flash-lite,0.2,74,22,34.0,(16;16),rest,0,0,0
gemini-3.1-flash-lite,0.2,74,23,31.0,(16;16),rest,0,0,0
gemini-3.1-flash-lite,0.2,74,24,28.0,(16;16),rest,0,0,0
gemini-3.1-flash-lite,0.2,74,25,25.0,(16;16),rest,0,0,0
gemini-3.1-flash-lite,0.2,74,26,22.0,(16;16),rest,0,0,0
gemini-3.1-flash-lite,0.2,74,27,19.0,(16;16),rest,0,0,0
gemini-3.1-flash-lite,0.2,74,28,16.0,(16;16),rest,0,0,0
gemini-3.1-flash-lite,0.2,74,29,13.0,(16;16),rest,0,0,0
gemini-3.1-flash-lite,0.2,74,30,10.0,(16;16),rest,0,0,0
gemini-3.1-flash-lite,0.2,74,31,7.0,(16;16),rest,0,0,0
gemini-3.1-flash-lite,0.2,74,32,4.0,(16;16),rest,0,0,0
gemini-3.1-flash-lite,0.2,74,33,1.0,(16;16),rest,0,0,0
gemini-3.1-flash-lite,0.2,74,33,-1.0,(16;16),rest,0,0,0
gemini-3.1-flash-lite,0.2,75,1,97.0,(16;16),rest,0,0,0
gemini-3.1-flash-lite,0.2,75,2,94.0,(16;16),rest,0,0,0
gemini-3.1-flash-lite,0.2,75,3,91.0,(16;16),rest,0,0,0
gemini-3.1-flash-lite,0.2,75,4,88.0,(16;16),rest,0,0,0
gemini-3.1-flash-lite,0.2,75,5,85.0,(16;16),rest,0,0,0
gemini-3.1-flash-lite,0.2,75,6,82.0,(16;16),rest,0,0,0
gemini-3.1-flash-lite,0.2,75,7,79.0,(16;16),rest,0,0,0
gemini-3.1-flash-lite,0.2,75,8,76.0,(16;16),rest,0,0,0
gemini-3.1-flash-lite,0.2,75,9,73.0,(16;16),rest,0,0,0
gemini-3.1-flash-lite,0.2,75,10,70.0,(16;16),rest,0,0,0
gemini-3.1-flash-lite,0.2,75,11,67.0,(16;16),rest,0,0,0
gemini-3.1-flash-lite,0.2,75,12,64.0,(16;16),rest,0,0,0
gemini-3.1-flash-lite,0.2,75,13,61.0,(16;16),rest,0,0,0
gemini-3.1-flash-lite,0.2,75,14,58.0,(16;16),rest,0,0,0
gemini-3.1-flash-lite,0.2,75,15,55.0,(16;16),rest,0,0,0
gemini-3.1-flash-lite,0.2,75,16,52.0,(16;16),rest,0,0,0
gemini-3.1-flash-lite,0.2,75,17,49.0,(16;16),rest,0,0,0
gemini-3.1-flash-lite,0.2,75,18,46.0,(16;16),rest,0,0,0
gemini-3.1-flash-lite,0.2,75,19,43.0,(16;16),rest,0,0,0
gemini-3.1-flash-lite,0.2,75,20,40.0,(16;16),rest,0,0,0
gemini-3.1-flash-lite,0.2,75,21,37.0,(16;16),rest,0,0,0
gemini-3.1-flash-lite,0.2,75,22,34.0,(16;16),rest,0,0,0
gemini-3.1-flash-lite,0.2,75,23,31.0,(16;16),rest,0,0,0
gemini-3.1-flash-lite,0.2,75,24,28.0,(16;16),rest,0,0,0
gemini-3.1-flash-lite,0.2,75,25,25.0,(16;16),rest,0,0,0
gemini-3.1-flash-lite,0.2,75,26,22.0,(16;16),rest,0,0,0
gemini-3.1-flash-lite,0.2,75,27,19.0,(16;16),rest,0,0,0
gemini-3.1-flash-lite,0.2,75,28,16.0,(16;16),rest,0,0,0
gemini-3.1-flash-lite,0.2,75,29,13.0,(16;16),rest,0,0,0
gemini-3.1-flash-lite,0.2,75,30,10.0,(16;16),rest,0,0,0
gemini-3.1-flash-lite,0.2,75,31,7.0,(16;16),rest,0,0,0
gemini-3.1-flash-lite,0.2,75,32,4.0,(16;16),rest,0,0,0
gemini-3.1-flash-lite,0.2,75,33,1.0,(16;16),rest,0,0,0
gemini-3.1-flash-lite,0.2,75,33,-1.0,(16;16),rest,0,0,0
gemini-3.1-flash-lite,0.2,76,1,97.0,(16;16),rest,0,0,0
gemini-3.1-flash-lite,0.2,76,2,94.0,(16;16),rest,0,0,0
gemini-3.1-flash-lite,0.2,76,3,91.0,(16;16),rest,0,0,0
gemini-3.1-flash-lite,0.2,76,4,88.0,(16;16),rest,0,0,0
gemini-3.1-flash-lite,0.2,76,5,85.0,(16;16),rest,0,0,0
gemini-3.1-flash-lite,0.2,76,6,82.0,(16;16),rest,0,0,0
gemini-3.1-flash-lite,0.2,76,7,79.0,(16;16),rest,0,0,0
gemini-3.1-flash-lite,0.2,76,8,76.0,(16;16),rest,0,0,0
gemini-3.1-flash-lite,0.2,76,9,73.0,(16;16),rest,0,0,0
gemini-3.1-flash-lite,0.2,76,10,70.0,(16;16),rest,0,0,0
gemini-3.1-flash-lite,0.2,76,11,67.0,(16;16),rest,0,0,0
gemini-3.1-flash-lite,0.2,76,12,64.0,(16;16),rest,0,0,0
gemini-3.1-flash-lite,0.2,76,13,61.0,(16;16),rest,0,0,0
gemini-3.1-flash-lite,0.2,76,14,58.0,(16;16),rest,0,0,0
gemini-3.1-flash-lite,0.2,76,15,55.0,(16;16),rest,0,0,0
gemini-3.1-flash-lite,0.2,76,16,52.0,(16;16),rest,0,0,0
gemini-3.1-flash-lite,0.2,76,17,49.0,(16;16),rest,0,0,0
gemini-3.1-flash-lite,0.2,76,18,46.0,(16;16),rest,0,0,0
gemini-3.1-flash-lite,0.2,76,19,43.0,(16;16),rest,0,0,0
gemini-3.1-flash-lite,0.2,76,20,40.0,(16;16),rest,0,0,0
gemini-3.1-flash-lite,0.2,76,21,37.0,(16;16),rest,0,0,0
gemini-3.1-flash-lite,0.2,76,22,34.0,(16;16),rest,0,0,0
gemini-3.1-flash-lite,0.2,76,23,31.0,(16;16),rest,0,0,0
gemini-3.1-flash-lite,0.2,76,24,28.0,(16;16),rest,0,0,0
gemini-3.1-flash-lite,0.2,76,25,25.0,(16;16),rest,0,0,0
gemini-3.1-flash-lite,0.2,76,26,22.0,(16;16),rest,0,0,0
gemini-3.1-flash-lite,0.2,76,27,19.0,(16;16),rest,0,0,0
gemini-3.1-flash-lite,0.2,76,28,16.0,(16;16),rest,0,0,0
gemini-3.1-flash-lite,0.2,76,29,13.0,(16;16),rest,0,0,0
gemini-3.1-flash-lite,0.2,76,30,10.0,(16;16),rest,0,0,0
gemini-3.1-flash-lite,0.2,76,31,7.0,(16;16),rest,0,0,0
gemini-3.1-flash-lite,0.2,76,32,4.0,(16;16),rest,0,0,0
gemini-3.1-flash-lite,0.2,76,33,1.0,(16;16),rest,0,0,0
gemini-3.1-flash-lite,0.2,76,33,-1.0,(16;16),rest,0,0,0
gemini-3.1-flash-lite,0.2,77,1,97.0,(16;16),rest,0,0,0
gemini-3.1-flash-lite,0.2,77,2,94.0,(16;16),rest,0,0,0
gemini-3.1-flash-lite,0.2,77,3,91.0,(16;16),rest,0,0,0
gemini-3.1-flash-lite,0.2,77,4,88.0,(16;16),rest,0,0,0
gemini-3.1-flash-lite,0.2,77,5,85.0,(16;16),rest,0,0,0
gemini-3.1-flash-lite,0.2,77,6,82.0,(16;16),rest,0,0,0
gemini-3.1-flash-lite,0.2,77,7,79.0,(16;16),rest,0,0,0
gemini-3.1-flash-lite,0.2,77,8,76.0,(16;16),rest,0,0,0
gemini-3.1-flash-lite,0.2,77,9,73.0,(16;16),rest,0,0,0
gemini-3.1-flash-lite,0.2,77,10,70.0,(16;16),rest,0,0,0
gemini-3.1-flash-lite,0.2,77,11,67.0,(16;16),rest,0,0,0
gemini-3.1-flash-lite,0.2,77,12,64.0,(16;16),rest,0,0,0
gemini-3.1-flash-lite,0.2,77,13,61.0,(16;16),rest,0,0,0
gemini-3.1-flash-lite,0.2,77,14,58.0,(16;16),rest,0,0,0
gemini-3.1-flash-lite,0.2,77,15,55.0,(16;16),rest,0,0,0
gemini-3.1-flash-lite,0.2,77,16,52.0,(16;16),rest,0,0,0
gemini-3.1-flash-lite,0.2,77,17,49.0,(16;16),rest,0,0,0
gemini-3.1-flash-lite,0.2,77,18,46.0,(16;16),rest,0,0,0
gemini-3.1-flash-lite,0.2,77,19,43.0,(16;16),rest,0,0,0
gemini-3.1-flash-lite,0.2,77,20,40.0,(16;16),rest,0,0,0
gemini-3.1-flash-lite,0.2,77,21,37.0,(16;16),rest,0,0,0
gemini-3.1-flash-lite,0.2,77,22,34.0,(16;16),rest,0,0,0
gemini-3.1-flash-lite,0.2,77,23,31.0,(16;16),rest,0,0,0
gemini-3.1-flash-lite,0.2,77,24,28.0,(16;16),rest,0,0,0
gemini-3.1-flash-lite,0.2,77,25,25.0,(16;16),rest,0,0,0
gemini-3.1-flash-lite,0.2,77,26,22.0,(16;16),rest,0,0,0
gemini-3.1-flash-lite,0.2,77,27,19.0,(16;16),rest,0,0,0
gemini-3.1-flash-lite,0.2,77,28,16.0,(16;16),rest,0,0,0
gemini-3.1-flash-lite,0.2,77,29,13.0,(16;16),rest,0,0,0
gemini-3.1-flash-lite,0.2,77,30,10.0,(16;16),rest,0,0,0
gemini-3.1-flash-lite,0.2,77,31,7.0,(16;16),rest,0,0,0
gemini-3.1-flash-lite,0.2,77,32,4.0,(16;16),rest,0,0,0
gemini-3.1-flash-lite,0.2,77,33,1.0,(16;16),rest,0,0,0
gemini-3.1-flash-lite,0.2,77,33,-1.0,(16;16),rest,0,0,0
gemini-3.1-flash-lite,0.2,78,1,97.0,(16;16),rest,0,0,0
gemini-3.1-flash-lite,0.2,78,2,94.0,(16;16),rest,0,0,0
gemini-3.1-flash-lite,0.2,78,3,91.0,(16;16),rest,0,0,0
gemini-3.1-flash-lite,0.2,78,4,88.0,(16;16),rest,0,0,0
gemini-3.1-flash-lite,0.2,78,5,85.0,(16;16),rest,0,0,0
gemini-3.1-flash-lite,0.2,78,6,82.0,(16;16),rest,0,0,0
gemini-3.1-flash-lite,0.2,78,7,79.0,(16;16),rest,0,0,0
gemini-3.1-flash-lite,0.2,78,8,76.0,(16;16),rest,0,0,0
gemini-3.1-flash-lite,0.2,78,9,73.0,(16;16),rest,0,0,0
gemini-3.1-flash-lite,0.2,78,10,70.0,(16;16),rest,0,0,0
gemini-3.1-flash-lite,0.2,78,11,67.0,(16;16),rest,0,0,0
gemini-3.1-flash-lite,0.2,78,12,64.0,(16;16),rest,0,0,0
gemini-3.1-flash-lite,0.2,78,13,61.0,(16;16),rest,0,0,0
gemini-3.1-flash-lite,0.2,78,14,58.0,(16;16),rest,0,0,0
gemini-3.1-flash-lite,0.2,78,15,55.0,(16;16),rest,0,0,0
gemini-3.1-flash-lite,0.2,78,16,52.0,(16;16),rest,0,0,0
gemini-3.1-flash-lite,0.2,78,17,49.0,(16;16),rest,0,0,0
gemini-3.1-flash-lite,0.2,78,18,46.0,(16;16),rest,0,0,0
gemini-3.1-flash-lite,0.2,78,19,43.0,(16;16),rest,0,0,0
gemini-3.1-flash-lite,0.2,78,20,40.0,(16;16),rest,0,0,0
gemini-3.1-flash-lite,0.2,78,21,37.0,(16;16),rest,0,0,0
gemini-3.1-flash-lite,0.2,78,22,34.0,(16;16),rest,0,0,0
gemini-3.1-flash-lite,0.2,78,23,31.0,(16;16),rest,0,0,0
gemini-3.1-flash-lite,0.2,78,24,28.0,(16;16),rest,0,0,0
gemini-3.1-flash-lite,0.2,78,25,25.0,(16;16),rest,0,0,0
gemini-3.1-flash-lite,0.2,78,26,22.0,(16;16),rest,0,0,0
gemini-3.1-flash-lite,0.2,78,27,19.0,(16;16),rest,0,0,0
gemini-3.1-flash-lite,0.2,78,28,16.0,(16;16),rest,0,0,0
gemini-3.1-flash-lite,0.2,78,29,13.0,(16;16),rest,0,0,0
gemini-3.1-flash-lite,0.2,78,30,10.0,(16;16),rest,0,0,0
gemini-3.1-flash-lite,0.2,78,31,7.0,(16;16),rest,0,0,0
gemini-3.1-flash-lite,0.2,78,32,4.0,(16;16),rest,0,0,0
gemini-3.1-flash-lite,0.2,78,33,1.0,(16;16),rest,0,0,0
gemini-3.1-flash-lite,0.2,78,33,-1.0,(16;16),rest,0,0,0
gemini-3.1-flash-lite,0.2,79,1,97.0,(16;16),rest,0,0,0
gemini-3.1-flash-lite,0.2,79,2,94.0,(16;16),rest,0,0,0
gemini-3.1-flash-lite,0.2,79,3,91.0,(16;16),rest,0,0,0
gemini-3.1-flash-lite,0.2,79,4,88.0,(16;16),rest,0,0,0
gemini-3.1-flash-lite,0.2,79,5,85.0,(16;16),rest,0,0,0
gemini-3.1-flash-lite,0.2,79,6,82.0,(16;16),rest,0,0,0
gemini-3.1-flash-lite,0.2,79,7,79.0,(16;16),rest,0,0,0
gemini-3.1-flash-lite,0.2,79,8,76.0,(16;16),rest,0,0,0
gemini-3.1-flash-lite,0.2,79,9,73.0,(16;16),rest,0,0,0
gemini-3.1-flash-lite,0.2,79,10,70.0,(16;16),rest,0,0,0
gemini-3.1-flash-lite,0.2,79,11,67.0,(16;16),rest,0,0,0
gemini-3.1-flash-lite,0.2,79,12,64.0,(16;16),rest,0,0,0
gemini-3.1-flash-lite,0.2,79,13,61.0,(16;16),rest,0,0,0
gemini-3.1-flash-lite,0.2,79,14,58.0,(16;16),rest,0,0,0
gemini-3.1-flash-lite,0.2,79,15,55.0,(16;16),rest,0,0,0
gemini-3.1-flash-lite,0.2,79,16,52.0,(16;16),rest,0,0,0
gemini-3.1-flash-lite,0.2,79,17,49.0,(16;16),rest,0,0,0
gemini-3.1-flash-lite,0.2,79,18,46.0,(16;16),rest,0,0,0
gemini-3.1-flash-lite,0.2,79,19,43.0,(16;16),rest,0,0,0
gemini-3.1-flash-lite,0.2,79,20,40.0,(16;16),rest,0,0,0
gemini-3.1-flash-lite,0.2,79,21,37.0,(16;16),rest,0,0,0
gemini-3.1-flash-lite,0.2,79,22,34.0,(16;16),rest,0,0,0
gemini-3.1-flash-lite,0.2,79,23,31.0,(16;16),rest,0,0,0
gemini-3.1-flash-lite,0.2,79,24,28.0,(16;16),rest,0,0,0
gemini-3.1-flash-lite,0.2,79,25,25.0,(16;16),rest,0,0,0
gemini-3.1-flash-lite,0.2,79,26,22.0,(16;16),rest,0,0,0
gemini-3.1-flash-lite,0.2,79,27,19.0,(16;16),rest,0,0,0
gemini-3.1-flash-lite,0.2,79,28,16.0,(16;16),rest,0,0,0
gemini-3.1-flash-lite,0.2,79,29,13.0,(16;16),rest,0,0,0
gemini-3.1-flash-lite,0.2,79,30,10.0,(16;16),rest,0,0,0
gemini-3.1-flash-lite,0.2,79,31,7.0,(16;16),rest,0,0,0
gemini-3.1-flash-lite,0.2,79,32,4.0,(16;16),rest,0,0,0
gemini-3.1-flash-lite,0.2,79,33,1.0,(16;16),rest,0,0,0
gemini-3.1-flash-lite,0.2,79,33,-1.0,(16;16),rest,0,0,0
gemini-3.1-flash-lite,0.2,80,1,97.0,(16;16),rest,0,0,0
gemini-3.1-flash-lite,0.2,80,2,94.0,(16;16),rest,0,0,0
gemini-3.1-flash-lite,0.2,80,3,91.0,(16;16),rest,0,0,0
gemini-3.1-flash-lite,0.2,80,4,88.0,(16;16),rest,0,0,0
gemini-3.1-flash-lite,0.2,80,5,85.0,(16;16),rest,0,0,0
gemini-3.1-flash-lite,0.2,80,6,82.0,(16;16),rest,0,0,0
gemini-3.1-flash-lite,0.2,80,7,79.0,(16;16),rest,0,0,0
gemini-3.1-flash-lite,0.2,80,8,76.0,(16;16),rest,0,0,0
gemini-3.1-flash-lite,0.2,80,9,73.0,(16;16),rest,0,0,0
gemini-3.1-flash-lite,0.2,80,10,70.0,(16;16),rest,0,0,0
gemini-3.1-flash-lite,0.2,80,11,67.0,(16;16),rest,0,0,0
gemini-3.1-flash-lite,0.2,80,12,64.0,(16;16),rest,0,0,0
gemini-3.1-flash-lite,0.2,80,13,61.0,(16;16),rest,0,0,0
gemini-3.1-flash-lite,0.2,80,14,58.0,(16;16),rest,0,0,0
gemini-3.1-flash-lite,0.2,80,15,55.0,(16;16),rest,0,0,0
gemini-3.1-flash-lite,0.2,80,16,52.0,(16;16),rest,0,0,0
gemini-3.1-flash-lite,0.2,80,17,49.0,(16;16),rest,0,0,0
gemini-3.1-flash-lite,0.2,80,18,46.0,(16;16),rest,0,0,0
gemini-3.1-flash-lite,0.2,80,19,43.0,(16;16),rest,0,0,0
gemini-3.1-flash-lite,0.2,80,20,40.0,(16;16),rest,0,0,0
gemini-3.1-flash-lite,0.2,80,21,37.0,(16;16),rest,0,0,0
gemini-3.1-flash-lite,0.2,80,22,34.0,(16;16),rest,0,0,0
gemini-3.1-flash-lite,0.2,80,23,31.0,(16;16),rest,0,0,0
gemini-3.1-flash-lite,0.2,80,24,28.0,(16;16),rest,0,0,0
gemini-3.1-flash-lite,0.2,80,25,25.0,(16;16),rest,0,0,0
gemini-3.1-flash-lite,0.2,80,26,22.0,(16;16),rest,0,0,0
gemini-3.1-flash-lite,0.2,80,27,19.0,(16;16),rest,0,0,0
gemini-3.1-flash-lite,0.2,80,28,16.0,(16;16),rest,0,0,0
gemini-3.1-flash-lite,0.2,80,29,13.0,(16;16),rest,0,0,0
gemini-3.1-flash-lite,0.2,80,30,10.0,(16;16),rest,0,0,0
gemini-3.1-flash-lite,0.2,80,31,7.0,(16;16),rest,0,0,0
gemini-3.1-flash-lite,0.2,80,32,4.0,(16;16),rest,0,0,0
gemini-3.1-flash-lite,0.2,80,33,1.0,(16;16),rest,0,0,0
gemini-3.1-flash-lite,0.2,80,33,-1.0,(16;16),rest,0,0,0
gemini-3.1-flash-lite,0.2,81,1,97.0,(16;16),rest,0,0,0
gemini-3.1-flash-lite,0.2,81,2,94.0,(16;16),rest,0,0,0
gemini-3.1-flash-lite,0.2,81,3,91.0,(16;16),rest,0,0,0
gemini-3.1-flash-lite,0.2,81,4,88.0,(16;16),rest,0,0,0
gemini-3.1-flash-lite,0.2,81,5,85.0,(16;16),rest,0,0,0
gemini-3.1-flash-lite,0.2,81,6,82.0,(16;16),rest,0,0,0
gemini-3.1-flash-lite,0.2,81,7,79.0,(16;16),rest,0,0,0
gemini-3.1-flash-lite,0.2,81,8,76.0,(16;16),rest,0,0,0
gemini-3.1-flash-lite,0.2,81,9,73.0,(16;16),rest,0,0,0
gemini-3.1-flash-lite,0.2,81,10,70.0,(16;16),rest,0,0,0
gemini-3.1-flash-lite,0.2,81,11,67.0,(16;16),rest,0,0,0
gemini-3.1-flash-lite,0.2,81,12,64.0,(16;16),rest,0,0,0
gemini-3.1-flash-lite,0.2,81,13,61.0,(16;16),rest,0,0,0
gemini-3.1-flash-lite,0.2,81,14,58.0,(16;16),rest,0,0,0
gemini-3.1-flash-lite,0.2,81,15,55.0,(16;16),rest,0,0,0
gemini-3.1-flash-lite,0.2,81,16,52.0,(16;16),rest,0,0,0
gemini-3.1-flash-lite,0.2,81,17,49.0,(16;16),rest,0,0,0
gemini-3.1-flash-lite,0.2,81,18,46.0,(16;16),rest,0,0,0
gemini-3.1-flash-lite,0.2,81,19,43.0,(16;16),rest,0,0,0
gemini-3.1-flash-lite,0.2,81,20,40.0,(16;16),rest,0,0,0
gemini-3.1-flash-lite,0.2,81,21,37.0,(16;16),rest,0,0,0
gemini-3.1-flash-lite,0.2,81,22,34.0,(16;16),rest,0,0,0
gemini-3.1-flash-lite,0.2,81,23,31.0,(16;16),rest,0,0,0
gemini-3.1-flash-lite,0.2,81,24,28.0,(16;16),rest,0,0,0
gemini-3.1-flash-lite,0.2,81,25,25.0,(16;16),rest,0,0,0
gemini-3.1-flash-lite,0.2,81,26,22.0,(16;16),rest,0,0,0
gemini-3.1-flash-lite,0.2,81,27,19.0,(16;16),rest,0,0,0
gemini-3.1-flash-lite,0.2,81,28,16.0,(16;16),rest,0,0,0
gemini-3.1-flash-lite,0.2,81,29,13.0,(16;16),rest,0,0,0
gemini-3.1-flash-lite,0.2,81,30,10.0,(16;16),rest,0,0,0
gemini-3.1-flash-lite,0.2,81,31,7.0,(16;16),rest,0,0,0
gemini-3.1-flash-lite,0.2,81,32,4.0,(16;16),rest,0,0,0
gemini-3.1-flash-lite,0.2,81,33,1.0,(16;16),rest,0,0,0
gemini-3.1-flash-lite,0.2,81,33,-1.0,(16;16),rest,0,0,0
gemini-3.1-flash-lite,0.2,82,1,97.0,(16;16),rest,0,0,0
gemini-3.1-flash-lite,0.2,82,2,94.0,(16;16),rest,0,0,0
gemini-3.1-flash-lite,0.2,82,3,91.0,(16;16),rest,0,0,0
gemini-3.1-flash-lite,0.2,82,4,88.0,(16;16),rest,0,0,0
gemini-3.1-flash-lite,0.2,82,5,85.0,(16;16),rest,0,0,0
gemini-3.1-flash-lite,0.2,82,6,82.0,(16;16),rest,0,0,0
gemini-3.1-flash-lite,0.2,82,7,79.0,(16;16),rest,0,0,0
gemini-3.1-flash-lite,0.2,82,8,76.0,(16;16),rest,0,0,0
gemini-3.1-flash-lite,0.2,82,9,73.0,(16;16),rest,0,0,0
gemini-3.1-flash-lite,0.2,82,10,70.0,(16;16),rest,0,0,0
gemini-3.1-flash-lite,0.2,82,11,67.0,(16;16),rest,0,0,0
gemini-3.1-flash-lite,0.2,82,12,64.0,(16;16),rest,0,0,0
gemini-3.1-flash-lite,0.2,82,13,61.0,(16;16),rest,0,0,0
gemini-3.1-flash-lite,0.2,82,14,58.0,(16;16),rest,0,0,0
gemini-3.1-flash-lite,0.2,82,15,55.0,(16;16),rest,0,0,0
gemini-3.1-flash-lite,0.2,82,16,52.0,(16;16),rest,0,0,0
gemini-3.1-flash-lite,0.2,82,17,49.0,(16;16),rest,0,0,0
gemini-3.1-flash-lite,0.2,82,18,46.0,(16;16),rest,0,0,0
gemini-3.1-flash-lite,0.2,82,19,43.0,(16;16),rest,0,0,0
gemini-3.1-flash-lite,0.2,82,20,40.0,(16;16),rest,0,0,0
gemini-3.1-flash-lite,0.2,82,21,37.0,(16;16),rest,0,0,0
gemini-3.1-flash-lite,0.2,82,22,34.0,(16;16),rest,0,0,0
gemini-3.1-flash-lite,0.2,82,23,31.0,(16;16),rest,0,0,0
gemini-3.1-flash-lite,0.2,82,24,28.0,(16;16),rest,0,0,0
gemini-3.1-flash-lite,0.2,82,25,25.0,(16;16),rest,0,0,0
gemini-3.1-flash-lite,0.2,82,26,22.0,(16;16),rest,0,0,0
gemini-3.1-flash-lite,0.2,82,27,19.0,(16;16),rest,0,0,0
gemini-3.1-flash-lite,0.2,82,28,16.0,(16;16),rest,0,0,0
gemini-3.1-flash-lite,0.2,82,29,13.0,(16;16),rest,0,0,0
gemini-3.1-flash-lite,0.2,82,30,10.0,(16;16),rest,0,0,0
gemini-3.1-flash-lite,0.2,82,31,7.0,(16;16),rest,0,0,0
gemini-3.1-flash-lite,0.2,82,32,4.0,(16;16),rest,0,0,0
gemini-3.1-flash-lite,0.2,82,33,1.0,(16;16),rest,0,0,0
gemini-3.1-flash-lite,0.2,82,33,-1.0,(16;16),rest,0,0,0
gemini-3.1-flash-lite,0.2,83,1,97.0,(16;16),rest,0,0,0
gemini-3.1-flash-lite,0.2,83,2,94.0,(16;16),rest,0,0,0
gemini-3.1-flash-lite,0.2,83,3,91.0,(16;16),rest,0,0,0
gemini-3.1-flash-lite,0.2,83,4,88.0,(16;16),rest,0,0,0
gemini-3.1-flash-lite,0.2,83,5,85.0,(16;16),rest,0,0,0
gemini-3.1-flash-lite,0.2,83,6,82.0,(16;16),rest,0,0,0
gemini-3.1-flash-lite,0.2,83,7,79.0,(16;16),rest,0,0,0
gemini-3.1-flash-lite,0.2,83,8,76.0,(16;16),rest,0,0,0
gemini-3.1-flash-lite,0.2,83,9,73.0,(16;16),rest,0,0,0
gemini-3.1-flash-lite,0.2,83,10,70.0,(16;16),rest,0,0,0
gemini-3.1-flash-lite,0.2,83,11,67.0,(16;16),rest,0,0,0
gemini-3.1-flash-lite,0.2,83,12,64.0,(16;16),rest,0,0,0
gemini-3.1-flash-lite,0.2,83,13,61.0,(16;16),rest,0,0,0
gemini-3.1-flash-lite,0.2,83,14,58.0,(16;16),rest,0,0,0
gemini-3.1-flash-lite,0.2,83,15,55.0,(16;16),rest,0,0,0
gemini-3.1-flash-lite,0.2,83,16,52.0,(16;16),rest,0,0,0
gemini-3.1-flash-lite,0.2,83,17,49.0,(16;16),rest,0,0,0
gemini-3.1-flash-lite,0.2,83,18,46.0,(16;16),rest,0,0,0
gemini-3.1-flash-lite,0.2,83,19,43.0,(16;16),rest,0,0,0
gemini-3.1-flash-lite,0.2,83,20,40.0,(16;16),rest,0,0,0
gemini-3.1-flash-lite,0.2,83,21,37.0,(16;16),rest,0,0,0
gemini-3.1-flash-lite,0.2,83,22,34.0,(16;16),rest,0,0,0
gemini-3.1-flash-lite,0.2,83,23,31.0,(16;16),rest,0,0,0
gemini-3.1-flash-lite,0.2,83,24,28.0,(16;16),rest,0,0,0
gemini-3.1-flash-lite,0.2,83,25,25.0,(16;16),rest,0,0,0
gemini-3.1-flash-lite,0.2,83,26,22.0,(16;16),rest,0,0,0
gemini-3.1-flash-lite,0.2,83,27,19.0,(16;16),rest,0,0,0
gemini-3.1-flash-lite,0.2,83,28,16.0,(16;16),rest,0,0,0
gemini-3.1-flash-lite,0.2,83,29,13.0,(16;16),rest,0,0,0
gemini-3.1-flash-lite,0.2,83,30,10.0,(16;16),rest,0,0,0
gemini-3.1-flash-lite,0.2,83,31,7.0,(16;16),rest,0,0,0
gemini-3.1-flash-lite,0.2,83,32,4.0,(16;16),rest,0,0,0
gemini-3.1-flash-lite,0.2,83,33,1.0,(16;16),rest,0,0,0
gemini-3.1-flash-lite,0.2,83,33,-1.0,(16;16),rest,0,0,0
gemini-3.1-flash-lite,0.2,84,1,97.0,(16;16),rest,0,0,0
gemini-3.1-flash-lite,0.2,84,2,94.0,(16;16),rest,0,0,0
gemini-3.1-flash-lite,0.2,84,3,91.0,(16;16),rest,0,0,0
gemini-3.1-flash-lite,0.2,84,4,88.0,(16;16),rest,0,0,0
gemini-3.1-flash-lite,0.2,84,5,85.0,(16;16),rest,0,0,0
gemini-3.1-flash-lite,0.2,84,6,82.0,(16;16),rest,0,0,0
gemini-3.1-flash-lite,0.2,84,7,79.0,(16;16),rest,0,0,0
gemini-3.1-flash-lite,0.2,84,8,76.0,(16;16),rest,0,0,0
gemini-3.1-flash-lite,0.2,84,9,73.0,(16;16),rest,0,0,0
gemini-3.1-flash-lite,0.2,84,10,70.0,(16;16),rest,0,0,0
gemini-3.1-flash-lite,0.2,84,11,67.0,(16;16),rest,0,0,0
gemini-3.1-flash-lite,0.2,84,12,64.0,(16;16),rest,0,0,0
gemini-3.1-flash-lite,0.2,84,13,61.0,(16;16),rest,0,0,0
gemini-3.1-flash-lite,0.2,84,14,58.0,(16;16),rest,0,0,0
gemini-3.1-flash-lite,0.2,84,15,55.0,(16;16),rest,0,0,0
gemini-3.1-flash-lite,0.2,84,16,52.0,(16;16),rest,0,0,0
gemini-3.1-flash-lite,0.2,84,17,49.0,(16;16),rest,0,0,0
gemini-3.1-flash-lite,0.2,84,18,46.0,(16;16),rest,0,0,0
gemini-3.1-flash-lite,0.2,84,19,43.0,(16;16),rest,0,0,0
gemini-3.1-flash-lite,0.2,84,20,40.0,(16;16),rest,0,0,0
gemini-3.1-flash-lite,0.2,84,21,37.0,(16;16),rest,0,0,0
gemini-3.1-flash-lite,0.2,84,22,34.0,(16;16),rest,0,0,0
gemini-3.1-flash-lite,0.2,84,23,31.0,(16;16),rest,0,0,0
gemini-3.1-flash-lite,0.2,84,24,28.0,(16;16),rest,0,0,0
gemini-3.1-flash-lite,0.2,84,25,25.0,(16;16),rest,0,0,0
gemini-3.1-flash-lite,0.2,84,26,22.0,(16;16),rest,0,0,0
gemini-3.1-flash-lite,0.2,84,27,19.0,(16;16),rest,0,0,0
gemini-3.1-flash-lite,0.2,84,28,16.0,(16;16),rest,0,0,0
gemini-3.1-flash-lite,0.2,84,29,13.0,(16;16),rest,0,0,0
gemini-3.1-flash-lite,0.2,84,30,10.0,(16;16),rest,0,0,0
gemini-3.1-flash-lite,0.2,84,31,7.0,(16;16),rest,0,0,0
gemini-3.1-flash-lite,0.2,84,32,4.0,(16;16),rest,0,0,0
gemini-3.1-flash-lite,0.2,84,33,1.0,(16;16),rest,0,0,0
gemini-3.1-flash-lite,0.2,84,33,-1.0,(16;16),rest,0,0,0
gemini-3.1-flash-lite,0.2,85,1,97.0,(16;16),rest,0,0,0
gemini-3.1-flash-lite,0.2,85,2,94.0,(16;16),rest,0,0,0
gemini-3.1-flash-lite,0.2,85,3,91.0,(16;16),rest,0,0,0
gemini-3.1-flash-lite,0.2,85,4,88.0,(16;16),rest,0,0,0
gemini-3.1-flash-lite,0.2,85,5,85.0,(16;16),rest,0,0,0
gemini-3.1-flash-lite,0.2,85,6,82.0,(16;16),rest,0,0,0
gemini-3.1-flash-lite,0.2,85,7,79.0,(16;16),rest,0,0,0
gemini-3.1-flash-lite,0.2,85,8,76.0,(16;16),rest,0,0,0
gemini-3.1-flash-lite,0.2,85,9,73.0,(16;16),rest,0,0,0
gemini-3.1-flash-lite,0.2,85,10,70.0,(16;16),rest,0,0,0
gemini-3.1-flash-lite,0.2,85,11,67.0,(16;16),rest,0,0,0
gemini-3.1-flash-lite,0.2,85,12,64.0,(16;16),rest,0,0,0
gemini-3.1-flash-lite,0.2,85,13,61.0,(16;16),rest,0,0,0
gemini-3.1-flash-lite,0.2,85,14,58.0,(16;16),rest,0,0,0
gemini-3.1-flash-lite,0.2,85,15,55.0,(16;16),rest,0,0,0
gemini-3.1-flash-lite,0.2,85,16,52.0,(16;16),rest,0,0,0
gemini-3.1-flash-lite,0.2,85,17,49.0,(16;16),rest,0,0,0
gemini-3.1-flash-lite,0.2,85,18,46.0,(16;16),rest,0,0,0
gemini-3.1-flash-lite,0.2,85,19,43.0,(16;16),rest,0,0,0
gemini-3.1-flash-lite,0.2,85,20,40.0,(16;16),rest,0,0,0
gemini-3.1-flash-lite,0.2,85,21,37.0,(16;16),rest,0,0,0
gemini-3.1-flash-lite,0.2,85,22,34.0,(16;16),rest,0,0,0
gemini-3.1-flash-lite,0.2,85,23,31.0,(16;16),rest,0,0,0
gemini-3.1-flash-lite,0.2,85,24,28.0,(16;16),rest,0,0,0
gemini-3.1-flash-lite,0.2,85,25,25.0,(16;16),rest,0,0,0
gemini-3.1-flash-lite,0.2,85,26,22.0,(16;16),rest,0,0,0
gemini-3.1-flash-lite,0.2,85,27,19.0,(16;16),rest,0,0,0
gemini-3.1-flash-lite,0.2,85,28,16.0,(16;16),rest,0,0,0
gemini-3.1-flash-lite,0.2,85,29,13.0,(16;16),rest,0,0,0
gemini-3.1-flash-lite,0.2,85,30,10.0,(16;16),rest,0,0,0
gemini-3.1-flash-lite,0.2,85,31,7.0,(16;16),rest,0,0,0
gemini-3.1-flash-lite,0.2,85,32,4.0,(16;16),rest,0,0,0
gemini-3.1-flash-lite,0.2,85,33,1.0,(16;16),rest,0,0,0
gemini-3.1-flash-lite,0.2,85,33,-1.0,(16;16),rest,0,0,0
gemini-3.1-flash-lite,0.2,86,1,97.0,(16;16),rest,0,0,0
gemini-3.1-flash-lite,0.2,86,2,94.0,(16;16),rest,0,0,0
gemini-3.1-flash-lite,0.2,86,3,91.0,(16;16),rest,0,0,0
gemini-3.1-flash-lite,0.2,86,4,88.0,(16;16),rest,0,0,0
gemini-3.1-flash-lite,0.2,86,5,85.0,(16;16),rest,0,0,0
gemini-3.1-flash-lite,0.2,86,6,82.0,(16;16),rest,0,0,0
gemini-3.1-flash-lite,0.2,86,7,79.0,(16;16),rest,0,0,0
gemini-3.1-flash-lite,0.2,86,8,76.0,(16;16),rest,0,0,0
gemini-3.1-flash-lite,0.2,86,9,73.0,(16;16),rest,0,0,0
gemini-3.1-flash-lite,0.2,86,10,70.0,(16;16),rest,0,0,0
gemini-3.1-flash-lite,0.2,86,11,67.0,(16;16),rest,0,0,0
gemini-3.1-flash-lite,0.2,86,12,64.0,(16;16),rest,0,0,0
gemini-3.1-flash-lite,0.2,86,13,61.0,(16;16),rest,0,0,0
gemini-3.1-flash-lite,0.2,86,14,58.0,(16;16),rest,0,0,0
gemini-3.1-flash-lite,0.2,86,15,55.0,(16;16),rest,0,0,0
gemini-3.1-flash-lite,0.2,86,16,52.0,(16;16),rest,0,0,0
gemini-3.1-flash-lite,0.2,86,17,49.0,(16;16),rest,0,0,0
gemini-3.1-flash-lite,0.2,86,18,46.0,(16;16),rest,0,0,0
gemini-3.1-flash-lite,0.2,86,19,43.0,(16;16),rest,0,0,0
gemini-3.1-flash-lite,0.2,86,20,40.0,(16;16),rest,0,0,0
gemini-3.1-flash-lite,0.2,86,21,37.0,(16;16),rest,0,0,0
gemini-3.1-flash-lite,0.2,86,22,34.0,(16;16),rest,0,0,0
gemini-3.1-flash-lite,0.2,86,23,31.0,(16;16),rest,0,0,0
gemini-3.1-flash-lite,0.2,86,24,28.0,(16;16),rest,0,0,0
gemini-3.1-flash-lite,0.2,86,25,25.0,(16;16),rest,0,0,0
gemini-3.1-flash-lite,0.2,86,26,22.0,(16;16),rest,0,0,0
gemini-3.1-flash-lite,0.2,86,27,19.0,(16;16),rest,0,0,0
gemini-3.1-flash-lite,0.2,86,28,16.0,(16;16),rest,0,0,0
gemini-3.1-flash-lite,0.2,86,29,13.0,(16;16),rest,0,0,0
gemini-3.1-flash-lite,0.2,86,30,10.0,(16;16),rest,0,0,0
gemini-3.1-flash-lite,0.2,86,31,7.0,(16;16),rest,0,0,0
gemini-3.1-flash-lite,0.2,86,32,4.0,(16;16),rest,0,0,0
gemini-3.1-flash-lite,0.2,86,33,1.0,(16;16),rest,0,0,0
gemini-3.1-flash-lite,0.2,86,33,-1.0,(16;16),rest,0,0,0
gemini-3.1-flash-lite,0.2,87,1,97.0,(16;16),rest,0,0,0
gemini-3.1-flash-lite,0.2,87,2,94.0,(16;16),rest,0,0,0
gemini-3.1-flash-lite,0.2,87,3,91.0,(16;16),rest,0,0,0
gemini-3.1-flash-lite,0.2,87,4,88.0,(16;16),rest,0,0,0
gemini-3.1-flash-lite,0.2,87,5,85.0,(16;16),rest,0,0,0
gemini-3.1-flash-lite,0.2,87,6,82.0,(16;16),rest,0,0,0
gemini-3.1-flash-lite,0.2,87,7,79.0,(16;16),rest,0,0,0
gemini-3.1-flash-lite,0.2,87,8,76.0,(16;16),rest,0,0,0
gemini-3.1-flash-lite,0.2,87,9,73.0,(16;16),rest,0,0,0
gemini-3.1-flash-lite,0.2,87,10,70.0,(16;16),rest,0,0,0
gemini-3.1-flash-lite,0.2,87,11,67.0,(16;16),rest,0,0,0
gemini-3.1-flash-lite,0.2,87,12,64.0,(16;16),rest,0,0,0
gemini-3.1-flash-lite,0.2,87,13,61.0,(16;16),rest,0,0,0
gemini-3.1-flash-lite,0.2,87,14,58.0,(16;16),rest,0,0,0
gemini-3.1-flash-lite,0.2,87,15,55.0,(16;16),rest,0,0,0
gemini-3.1-flash-lite,0.2,87,16,52.0,(16;16),rest,0,0,0
gemini-3.1-flash-lite,0.2,87,17,49.0,(16;16),rest,0,0,0
gemini-3.1-flash-lite,0.2,87,18,46.0,(16;16),rest,0,0,0
gemini-3.1-flash-lite,0.2,87,19,43.0,(16;16),rest,0,0,0
gemini-3.1-flash-lite,0.2,87,20,40.0,(16;16),rest,0,0,0
gemini-3.1-flash-lite,0.2,87,21,37.0,(16;16),rest,0,0,0
gemini-3.1-flash-lite,0.2,87,22,34.0,(16;16),rest,0,0,0
gemini-3.1-flash-lite,0.2,87,23,31.0,(16;16),rest,0,0,0
gemini-3.1-flash-lite,0.2,87,24,28.0,(16;16),rest,0,0,0
gemini-3.1-flash-lite,0.2,87,25,25.0,(16;16),rest,0,0,0
gemini-3.1-flash-lite,0.2,87,26,22.0,(16;16),rest,0,0,0
gemini-3.1-flash-lite,0.2,87,27,19.0,(16;16),rest,0,0,0
gemini-3.1-flash-lite,0.2,87,28,16.0,(16;16),rest,0,0,0
gemini-3.1-flash-lite,0.2,87,29,13.0,(16;16),rest,0,0,0
gemini-3.1-flash-lite,0.2,87,30,10.0,(16;16),rest,0,0,0
gemini-3.1-flash-lite,0.2,87,31,7.0,(16;16),rest,0,0,0
gemini-3.1-flash-lite,0.2,87,32,4.0,(16;16),rest,0,0,0
gemini-3.1-flash-lite,0.2,87,33,1.0,(16;16),rest,0,0,0
gemini-3.1-flash-lite,0.2,87,33,-1.0,(16;16),rest,0,0,0
gemini-3.1-flash-lite,0.2,88,1,97.0,(16;16),rest,0,0,0
gemini-3.1-flash-lite,0.2,88,2,94.0,(16;16),rest,0,0,0
gemini-3.1-flash-lite,0.2,88,3,91.0,(16;16),rest,0,0,0
gemini-3.1-flash-lite,0.2,88,4,88.0,(16;16),rest,0,0,0
gemini-3.1-flash-lite,0.2,88,5,85.0,(16;16),rest,0,0,0
gemini-3.1-flash-lite,0.2,88,6,82.0,(16;16),rest,0,0,0
gemini-3.1-flash-lite,0.2,88,7,79.0,(16;16),rest,0,0,0
gemini-3.1-flash-lite,0.2,88,8,76.0,(16;16),rest,0,0,0
gemini-3.1-flash-lite,0.2,88,9,73.0,(16;16),rest,0,0,0
gemini-3.1-flash-lite,0.2,88,10,70.0,(16;16),rest,0,0,0
gemini-3.1-flash-lite,0.2,88,11,67.0,(16;16),rest,0,0,0
gemini-3.1-flash-lite,0.2,88,12,64.0,(16;16),rest,0,0,0
gemini-3.1-flash-lite,0.2,88,13,61.0,(16;16),rest,0,0,0
gemini-3.1-flash-lite,0.2,88,14,58.0,(16;16),rest,0,0,0
gemini-3.1-flash-lite,0.2,88,15,55.0,(16;16),rest,0,0,0
gemini-3.1-flash-lite,0.2,88,16,52.0,(16;16),rest,0,0,0
gemini-3.1-flash-lite,0.2,88,17,49.0,(16;16),rest,0,0,0
gemini-3.1-flash-lite,0.2,88,18,46.0,(16;16),rest,0,0,0
gemini-3.1-flash-lite,0.2,88,19,43.0,(16;16),rest,0,0,0
gemini-3.1-flash-lite,0.2,88,20,40.0,(16;16),rest,0,0,0
gemini-3.1-flash-lite,0.2,88,21,37.0,(16;16),rest,0,0,0
gemini-3.1-flash-lite,0.2,88,22,34.0,(16;16),rest,0,0,0
gemini-3.1-flash-lite,0.2,88,23,31.0,(16;16),rest,0,0,0
gemini-3.1-flash-lite,0.2,88,24,28.0,(16;16),rest,0,0,0
gemini-3.1-flash-lite,0.2,88,25,25.0,(16;16),rest,0,0,0
gemini-3.1-flash-lite,0.2,88,26,22.0,(16;16),rest,0,0,0
gemini-3.1-flash-lite,0.2,88,27,19.0,(16;16),rest,0,0,0
gemini-3.1-flash-lite,0.2,88,28,16.0,(16;16),rest,0,0,0
gemini-3.1-flash-lite,0.2,88,29,13.0,(16;16),rest,0,0,0
gemini-3.1-flash-lite,0.2,88,30,10.0,(16;16),rest,0,0,0
gemini-3.1-flash-lite,0.2,88,31,7.0,(16;16),rest,0,0,0
gemini-3.1-flash-lite,0.2,88,32,4.0,(16;16),rest,0,0,0
gemini-3.1-flash-lite,0.2,88,33,1.0,(16;16),rest,0,0,0
gemini-3.1-flash-lite,0.2,88,33,-1.0,(16;16),rest,0,0,0
gemini-3.1-flash-lite,0.2,89,1,97.0,(16;16),rest,0,0,0
gemini-3.1-flash-lite,0.2,89,2,94.0,(16;16),rest,0,0,0
gemini-3.1-flash-lite,0.2,89,3,91.0,(16;16),rest,0,0,0
gemini-3.1-flash-lite,0.2,89,4,88.0,(16;16),rest,0,0,0
gemini-3.1-flash-lite,0.2,89,5,85.0,(16;16),rest,0,0,0
gemini-3.1-flash-lite,0.2,89,6,82.0,(16;16),rest,0,0,0
gemini-3.1-flash-lite,0.2,89,7,79.0,(16;16),rest,0,0,0
gemini-3.1-flash-lite,0.2,89,8,76.0,(16;16),rest,0,0,0
gemini-3.1-flash-lite,0.2,89,9,73.0,(16;16),rest,0,0,0
gemini-3.1-flash-lite,0.2,89,10,70.0,(16;16),rest,0,0,0
gemini-3.1-flash-lite,0.2,89,11,67.0,(16;16),rest,0,0,0
gemini-3.1-flash-lite,0.2,89,12,64.0,(16;16),rest,0,0,0
gemini-3.1-flash-lite,0.2,89,13,61.0,(16;16),rest,0,0,0
gemini-3.1-flash-lite,0.2,89,14,58.0,(16;16),rest,0,0,0
gemini-3.1-flash-lite,0.2,89,15,55.0,(16;16),rest,0,0,0
gemini-3.1-flash-lite,0.2,89,16,52.0,(16;16),rest,0,0,0
gemini-3.1-flash-lite,0.2,89,17,49.0,(16;16),rest,0,0,0
gemini-3.1-flash-lite,0.2,89,18,46.0,(16;16),rest,0,0,0
gemini-3.1-flash-lite,0.2,89,19,43.0,(16;16),rest,0,0,0
gemini-3.1-flash-lite,0.2,89,20,40.0,(16;16),rest,0,0,0
gemini-3.1-flash-lite,0.2,89,21,37.0,(16;16),rest,0,0,0
gemini-3.1-flash-lite,0.2,89,22,34.0,(16;16),rest,0,0,0
gemini-3.1-flash-lite,0.2,89,23,31.0,(16;16),rest,0,0,0
gemini-3.1-flash-lite,0.2,89,24,28.0,(16;16),rest,0,0,0
gemini-3.1-flash-lite,0.2,89,25,25.0,(16;16),rest,0,0,0
gemini-3.1-flash-lite,0.2,89,26,22.0,(16;16),rest,0,0,0
gemini-3.1-flash-lite,0.2,89,27,19.0,(16;16),rest,0,0,0
gemini-3.1-flash-lite,0.2,89,28,16.0,(16;16),rest,0,0,0
gemini-3.1-flash-lite,0.2,89,29,13.0,(16;16),rest,0,0,0
gemini-3.1-flash-lite,0.2,89,30,10.0,(16;16),rest,0,0,0
gemini-3.1-flash-lite,0.2,89,31,7.0,(16;16),rest,0,0,0
gemini-3.1-flash-lite,0.2,89,32,4.0,(16;16),rest,0,0,0
gemini-3.1-flash-lite,0.2,89,33,1.0,(16;16),rest,0,0,0
gemini-3.1-flash-lite,0.2,89,33,-1.0,(16;16),rest,0,0,0
gemini-3.1-flash-lite,0.2,90,1,97.0,(16;16),rest,0,0,0
gemini-3.1-flash-lite,0.2,90,2,94.0,(16;16),rest,0,0,0
gemini-3.1-flash-lite,0.2,90,3,91.0,(16;16),rest,0,0,0
gemini-3.1-flash-lite,0.2,90,4,88.0,(16;16),rest,0,0,0
gemini-3.1-flash-lite,0.2,90,5,85.0,(16;16),rest,0,0,0
gemini-3.1-flash-lite,0.2,90,6,82.0,(16;16),rest,0,0,0
gemini-3.1-flash-lite,0.2,90,7,79.0,(16;16),rest,0,0,0
gemini-3.1-flash-lite,0.2,90,8,76.0,(16;16),rest,0,0,0
gemini-3.1-flash-lite,0.2,90,9,73.0,(16;16),rest,0,0,0
gemini-3.1-flash-lite,0.2,90,10,70.0,(16;16),rest,0,0,0
gemini-3.1-flash-lite,0.2,90,11,67.0,(16;16),rest,0,0,0
gemini-3.1-flash-lite,0.2,90,12,64.0,(16;16),rest,0,0,0
gemini-3.1-flash-lite,0.2,90,13,61.0,(16;16),rest,0,0,0
gemini-3.1-flash-lite,0.2,90,14,58.0,(16;16),rest,0,0,0
gemini-3.1-flash-lite,0.2,90,15,55.0,(16;16),rest,0,0,0
gemini-3.1-flash-lite,0.2,90,16,52.0,(16;16),rest,0,0,0
gemini-3.1-flash-lite,0.2,90,17,49.0,(16;16),rest,0,0,0
gemini-3.1-flash-lite,0.2,90,18,46.0,(16;16),rest,0,0,0
gemini-3.1-flash-lite,0.2,90,19,43.0,(16;16),rest,0,0,0
gemini-3.1-flash-lite,0.2,90,20,40.0,(16;16),rest,0,0,0
gemini-3.1-flash-lite,0.2,90,21,37.0,(16;16),rest,0,0,0
gemini-3.1-flash-lite,0.2,90,22,34.0,(16;16),rest,0,0,0
gemini-3.1-flash-lite,0.2,90,23,31.0,(16;16),rest,0,0,0
gemini-3.1-flash-lite,0.2,90,24,28.0,(16;16),rest,0,0,0
gemini-3.1-flash-lite,0.2,90,25,25.0,(16;16),rest,0,0,0
gemini-3.1-flash-lite,0.2,90,26,22.0,(16;16),rest,0,0,0
gemini-3.1-flash-lite,0.2,90,27,19.0,(16;16),rest,0,0,0
gemini-3.1-flash-lite,0.2,90,28,16.0,(16;16),rest,0,0,0
gemini-3.1-flash-lite,0.2,90,29,13.0,(16;16),rest,0,0,0
gemini-3.1-flash-lite,0.2,90,30,10.0,(16;16),rest,0,0,0
gemini-3.1-flash-lite,0.2,90,31,7.0,(16;16),rest,0,0,0
gemini-3.1-flash-lite,0.2,90,32,4.0,(16;16),rest,0,0,0
gemini-3.1-flash-lite,0.2,90,33,1.0,(16;16),rest,0,0,0
gemini-3.1-flash-lite,0.2,90,33,-1.0,(16;16),rest,0,0,0
gemini-3.1-flash-lite,0.2,91,1,97.0,(16;16),rest,0,0,0
gemini-3.1-flash-lite,0.2,91,2,94.0,(16;16),rest,0,0,0
gemini-3.1-flash-lite,0.2,91,3,91.0,(16;16),rest,0,0,0
gemini-3.1-flash-lite,0.2,91,4,88.0,(16;16),rest,0,0,0
gemini-3.1-flash-lite,0.2,91,5,85.0,(16;16),rest,0,0,0
gemini-3.1-flash-lite,0.2,91,6,82.0,(16;16),rest,0,0,0
gemini-3.1-flash-lite,0.2,91,7,79.0,(16;16),rest,0,0,0
gemini-3.1-flash-lite,0.2,91,8,76.0,(16;16),rest,0,0,0
gemini-3.1-flash-lite,0.2,91,9,73.0,(16;16),rest,0,0,0
gemini-3.1-flash-lite,0.2,91,10,70.0,(16;16),rest,0,0,0
gemini-3.1-flash-lite,0.2,91,11,67.0,(16;16),rest,0,0,0
gemini-3.1-flash-lite,0.2,91,12,64.0,(16;16),rest,0,0,0
gemini-3.1-flash-lite,0.2,91,13,61.0,(16;16),rest,0,0,0
gemini-3.1-flash-lite,0.2,91,14,58.0,(16;16),rest,0,0,0
gemini-3.1-flash-lite,0.2,91,15,55.0,(16;16),rest,0,0,0
gemini-3.1-flash-lite,0.2,91,16,52.0,(16;16),rest,0,0,0
gemini-3.1-flash-lite,0.2,91,17,49.0,(16;16),rest,0,0,0
gemini-3.1-flash-lite,0.2,91,18,46.0,(16;16),rest,0,0,0
gemini-3.1-flash-lite,0.2,91,19,43.0,(16;16),rest,0,0,0
gemini-3.1-flash-lite,0.2,91,20,40.0,(16;16),rest,0,0,0
gemini-3.1-flash-lite,0.2,91,21,37.0,(16;16),rest,0,0,0
gemini-3.1-flash-lite,0.2,91,22,34.0,(16;16),rest,0,0,0
gemini-3.1-flash-lite,0.2,91,23,31.0,(16;16),rest,0,0,0
gemini-3.1-flash-lite,0.2,91,24,28.0,(16;16),rest,0,0,0
gemini-3.1-flash-lite,0.2,91,25,25.0,(16;16),rest,0,0,0
gemini-3.1-flash-lite,0.2,91,26,22.0,(16;16),rest,0,0,0
gemini-3.1-flash-lite,0.2,91,27,19.0,(16;16),rest,0,0,0
gemini-3.1-flash-lite,0.2,91,28,16.0,(16;16),rest,0,0,0
gemini-3.1-flash-lite,0.2,91,29,13.0,(16;16),rest,0,0,0
gemini-3.1-flash-lite,0.2,91,30,10.0,(16;16),rest,0,0,0
gemini-3.1-flash-lite,0.2,91,31,7.0,(16;16),rest,0,0,0
gemini-3.1-flash-lite,0.2,91,32,4.0,(16;16),rest,0,0,0
gemini-3.1-flash-lite,0.2,91,33,1.0,(16;16),rest,0,0,0
gemini-3.1-flash-lite,0.2,91,33,-1.0,(16;16),rest,0,0,0
gemini-3.1-flash-lite,0.2,92,1,97.0,(16;16),rest,0,0,0
gemini-3.1-flash-lite,0.2,92,2,94.0,(16;16),rest,0,0,0
gemini-3.1-flash-lite,0.2,92,3,91.0,(16;16),rest,0,0,0
gemini-3.1-flash-lite,0.2,92,4,88.0,(16;16),rest,0,0,0
gemini-3.1-flash-lite,0.2,92,5,85.0,(16;16),rest,0,0,0
gemini-3.1-flash-lite,0.2,92,6,82.0,(16;16),rest,0,0,0
gemini-3.1-flash-lite,0.2,92,7,79.0,(16;16),rest,0,0,0
gemini-3.1-flash-lite,0.2,92,8,76.0,(16;16),rest,0,0,0
gemini-3.1-flash-lite,0.2,92,9,73.0,(16;16),rest,0,0,0
gemini-3.1-flash-lite,0.2,92,10,70.0,(16;16),rest,0,0,0
gemini-3.1-flash-lite,0.2,92,11,67.0,(16;16),rest,0,0,0
gemini-3.1-flash-lite,0.2,92,12,64.0,(16;16),rest,0,0,0
gemini-3.1-flash-lite,0.2,92,13,61.0,(16;16),rest,0,0,0
gemini-3.1-flash-lite,0.2,92,14,58.0,(16;16),rest,0,0,0
gemini-3.1-flash-lite,0.2,92,15,55.0,(16;16),rest,0,0,0
gemini-3.1-flash-lite,0.2,92,16,52.0,(16;16),rest,0,0,0
gemini-3.1-flash-lite,0.2,92,17,49.0,(16;16),rest,0,0,0
gemini-3.1-flash-lite,0.2,92,18,46.0,(16;16),rest,0,0,0
gemini-3.1-flash-lite,0.2,92,19,43.0,(16;16),rest,0,0,0
gemini-3.1-flash-lite,0.2,92,20,40.0,(16;16),rest,0,0,0
gemini-3.1-flash-lite,0.2,92,21,37.0,(16;16),rest,0,0,0
gemini-3.1-flash-lite,0.2,92,22,34.0,(16;16),rest,0,0,0
gemini-3.1-flash-lite,0.2,92,23,31.0,(16;16),rest,0,0,0
gemini-3.1-flash-lite,0.2,92,24,28.0,(16;16),rest,0,0,0
gemini-3.1-flash-lite,0.2,92,25,25.0,(16;16),rest,0,0,0
gemini-3.1-flash-lite,0.2,92,26,22.0,(16;16),rest,0,0,0
gemini-3.1-flash-lite,0.2,92,27,19.0,(16;16),rest,0,0,0
gemini-3.1-flash-lite,0.2,92,28,16.0,(16;16),rest,0,0,0
gemini-3.1-flash-lite,0.2,92,29,13.0,(16;16),rest,0,0,0
gemini-3.1-flash-lite,0.2,92,30,10.0,(16;16),rest,0,0,0
gemini-3.1-flash-lite,0.2,92,31,7.0,(16;16),rest,0,0,0
gemini-3.1-flash-lite,0.2,92,32,4.0,(16;16),rest,0,0,0
gemini-3.1-flash-lite,0.2,92,33,1.0,(16;16),rest,0,0,0
gemini-3.1-flash-lite,0.2,92,33,-1.0,(16;16),rest,0,0,0
gemini-3.1-flash-lite,0.2,93,1,97.0,(16;16),rest,0,0,0
gemini-3.1-flash-lite,0.2,93,2,94.0,(16;16),rest,0,0,0
gemini-3.1-flash-lite,0.2,93,3,91.0,(16;16),rest,0,0,0
gemini-3.1-flash-lite,0.2,93,4,88.0,(16;16),rest,0,0,0
gemini-3.1-flash-lite,0.2,93,5,85.0,(16;16),rest,0,0,0
gemini-3.1-flash-lite,0.2,93,6,82.0,(16;16),rest,0,0,0
gemini-3.1-flash-lite,0.2,93,7,79.0,(16;16),rest,0,0,0
gemini-3.1-flash-lite,0.2,93,8,76.0,(16;16),rest,0,0,0
gemini-3.1-flash-lite,0.2,93,9,73.0,(16;16),rest,0,0,0
gemini-3.1-flash-lite,0.2,93,10,70.0,(16;16),rest,0,0,0
gemini-3.1-flash-lite,0.2,93,11,67.0,(16;16),rest,0,0,0
gemini-3.1-flash-lite,0.2,93,12,64.0,(16;16),rest,0,0,0
gemini-3.1-flash-lite,0.2,93,13,61.0,(16;16),rest,0,0,0
gemini-3.1-flash-lite,0.2,93,14,58.0,(16;16),rest,0,0,0
gemini-3.1-flash-lite,0.2,93,15,55.0,(16;16),rest,0,0,0
gemini-3.1-flash-lite,0.2,93,16,52.0,(16;16),rest,0,0,0
gemini-3.1-flash-lite,0.2,93,17,49.0,(16;16),rest,0,0,0
gemini-3.1-flash-lite,0.2,93,18,46.0,(16;16),rest,0,0,0
gemini-3.1-flash-lite,0.2,93,19,43.0,(16;16),rest,0,0,0
gemini-3.1-flash-lite,0.2,93,20,40.0,(16;16),rest,0,0,0
gemini-3.1-flash-lite,0.2,93,21,37.0,(16;16),rest,0,0,0
gemini-3.1-flash-lite,0.2,93,22,34.0,(16;16),rest,0,0,0
gemini-3.1-flash-lite,0.2,93,23,31.0,(16;16),rest,0,0,0
gemini-3.1-flash-lite,0.2,93,24,28.0,(16;16),rest,0,0,0
gemini-3.1-flash-lite,0.2,93,25,25.0,(16;16),rest,0,0,0
gemini-3.1-flash-lite,0.2,93,26,22.0,(16;16),rest,0,0,0
gemini-3.1-flash-lite,0.2,93,27,19.0,(16;16),rest,0,0,0
gemini-3.1-flash-lite,0.2,93,28,16.0,(16;16),rest,0,0,0
gemini-3.1-flash-lite,0.2,93,29,13.0,(16;16),rest,0,0,0
gemini-3.1-flash-lite,0.2,93,30,10.0,(16;16),rest,0,0,0
gemini-3.1-flash-lite,0.2,93,31,7.0,(16;16),rest,0,0,0
gemini-3.1-flash-lite,0.2,93,32,4.0,(16;16),rest,0,0,0
gemini-3.1-flash-lite,0.2,93,33,1.0,(16;16),rest,0,0,0
gemini-3.1-flash-lite,0.2,93,33,-1.0,(16;16),rest,0,0,0
gemini-3.1-flash-lite,0.2,94,1,97.0,(16;16),rest,0,0,0
gemini-3.1-flash-lite,0.2,94,2,94.0,(16;16),rest,0,0,0
gemini-3.1-flash-lite,0.2,94,3,91.0,(16;16),rest,0,0,0
gemini-3.1-flash-lite,0.2,94,4,88.0,(16;16),rest,0,0,0
gemini-3.1-flash-lite,0.2,94,5,85.0,(16;16),rest,0,0,0
gemini-3.1-flash-lite,0.2,94,6,82.0,(16;16),rest,0,0,0
gemini-3.1-flash-lite,0.2,94,7,79.0,(16;16),rest,0,0,0
gemini-3.1-flash-lite,0.2,94,8,76.0,(16;16),rest,0,0,0
gemini-3.1-flash-lite,0.2,94,9,73.0,(16;16),rest,0,0,0
gemini-3.1-flash-lite,0.2,94,10,70.0,(16;16),rest,0,0,0
gemini-3.1-flash-lite,0.2,94,11,67.0,(16;16),rest,0,0,0
gemini-3.1-flash-lite,0.2,94,12,64.0,(16;16),rest,0,0,0
gemini-3.1-flash-lite,0.2,94,13,61.0,(16;16),rest,0,0,0
gemini-3.1-flash-lite,0.2,94,14,58.0,(16;16),rest,0,0,0
gemini-3.1-flash-lite,0.2,94,15,55.0,(16;16),rest,0,0,0
gemini-3.1-flash-lite,0.2,94,16,52.0,(16;16),rest,0,0,0
gemini-3.1-flash-lite,0.2,94,17,49.0,(16;16),rest,0,0,0
gemini-3.1-flash-lite,0.2,94,18,46.0,(16;16),rest,0,0,0
gemini-3.1-flash-lite,0.2,94,19,43.0,(16;16),rest,0,0,0
gemini-3.1-flash-lite,0.2,94,20,40.0,(16;16),rest,0,0,0
gemini-3.1-flash-lite,0.2,94,21,37.0,(16;16),rest,0,0,0
gemini-3.1-flash-lite,0.2,94,22,34.0,(16;16),rest,0,0,0
gemini-3.1-flash-lite,0.2,94,23,31.0,(16;16),rest,0,0,0
gemini-3.1-flash-lite,0.2,94,24,28.0,(16;16),rest,0,0,0
gemini-3.1-flash-lite,0.2,94,25,25.0,(16;16),rest,0,0,0
gemini-3.1-flash-lite,0.2,94,26,22.0,(16;16),rest,0,0,0
gemini-3.1-flash-lite,0.2,94,27,19.0,(16;16),rest,0,0,0
gemini-3.1-flash-lite,0.2,94,28,16.0,(16;16),rest,0,0,0
gemini-3.1-flash-lite,0.2,94,29,13.0,(16;16),rest,0,0,0
gemini-3.1-flash-lite,0.2,94,30,10.0,(16;16),rest,0,0,0
gemini-3.1-flash-lite,0.2,94,31,7.0,(16;16),rest,0,0,0
gemini-3.1-flash-lite,0.2,94,32,4.0,(16;16),rest,0,0,0
gemini-3.1-flash-lite,0.2,94,33,1.0,(16;16),rest,0,0,0
gemini-3.1-flash-lite,0.2,94,33,-1.0,(16;16),rest,0,0,0
gemini-3.1-flash-lite,0.2,95,1,97.0,(16;16),rest,0,0,0
gemini-3.1-flash-lite,0.2,95,2,94.0,(16;16),rest,0,0,0
gemini-3.1-flash-lite,0.2,95,3,91.0,(16;16),rest,0,0,0
gemini-3.1-flash-lite,0.2,95,4,88.0,(16;16),rest,0,0,0
gemini-3.1-flash-lite,0.2,95,5,85.0,(16;16),rest,0,0,0
gemini-3.1-flash-lite,0.2,95,6,82.0,(16;16),rest,0,0,0
gemini-3.1-flash-lite,0.2,95,7,79.0,(16;16),rest,0,0,0
gemini-3.1-flash-lite,0.2,95,8,76.0,(16;16),rest,0,0,0
gemini-3.1-flash-lite,0.2,95,9,73.0,(16;16),rest,0,0,0
gemini-3.1-flash-lite,0.2,95,10,70.0,(16;16),rest,0,0,0
gemini-3.1-flash-lite,0.2,95,11,67.0,(16;16),rest,0,0,0
gemini-3.1-flash-lite,0.2,95,12,64.0,(16;16),rest,0,0,0
gemini-3.1-flash-lite,0.2,95,13,61.0,(16;16),rest,0,0,0
gemini-3.1-flash-lite,0.2,95,14,58.0,(16;16),rest,0,0,0
gemini-3.1-flash-lite,0.2,95,15,55.0,(16;16),rest,0,0,0
gemini-3.1-flash-lite,0.2,95,16,52.0,(16;16),rest,0,0,0
gemini-3.1-flash-lite,0.2,95,17,49.0,(16;16),rest,0,0,0
gemini-3.1-flash-lite,0.2,95,18,46.0,(16;16),rest,0,0,0
gemini-3.1-flash-lite,0.2,95,19,43.0,(16;16),rest,0,0,0
gemini-3.1-flash-lite,0.2,95,20,40.0,(16;16),rest,0,0,0
gemini-3.1-flash-lite,0.2,95,21,37.0,(16;16),rest,0,0,0
gemini-3.1-flash-lite,0.2,95,22,34.0,(16;16),rest,0,0,0
gemini-3.1-flash-lite,0.2,95,23,31.0,(16;16),rest,0,0,0
gemini-3.1-flash-lite,0.2,95,24,28.0,(16;16),rest,0,0,0
gemini-3.1-flash-lite,0.2,95,25,25.0,(16;16),rest,0,0,0
gemini-3.1-flash-lite,0.2,95,26,22.0,(16;16),rest,0,0,0
gemini-3.1-flash-lite,0.2,95,27,19.0,(16;16),rest,0,0,0
gemini-3.1-flash-lite,0.2,95,28,16.0,(16;16),rest,0,0,0
gemini-3.1-flash-lite,0.2,95,29,13.0,(16;16),rest,0,0,0
gemini-3.1-flash-lite,0.2,95,30,10.0,(16;16),rest,0,0,0
gemini-3.1-flash-lite,0.2,95,31,7.0,(16;16),rest,0,0,0
gemini-3.1-flash-lite,0.2,95,32,4.0,(16;16),rest,0,0,0
gemini-3.1-flash-lite,0.2,95,33,1.0,(16;16),rest,0,0,0
gemini-3.1-flash-lite,0.2,95,33,-1.0,(16;16),rest,0,0,0
gemini-3.1-flash-lite,0.2,96,1,97.0,(16;16),rest,0,0,0
gemini-3.1-flash-lite,0.2,96,2,94.0,(16;16),rest,0,0,0
gemini-3.1-flash-lite,0.2,96,3,91.0,(16;16),rest,0,0,0
gemini-3.1-flash-lite,0.2,96,4,88.0,(16;16),rest,0,0,0
gemini-3.1-flash-lite,0.2,96,5,85.0,(16;16),rest,0,0,0
gemini-3.1-flash-lite,0.2,96,6,82.0,(16;16),rest,0,0,0
gemini-3.1-flash-lite,0.2,96,7,79.0,(16;16),rest,0,0,0
gemini-3.1-flash-lite,0.2,96,8,76.0,(16;16),rest,0,0,0
gemini-3.1-flash-lite,0.2,96,9,73.0,(16;16),rest,0,0,0
gemini-3.1-flash-lite,0.2,96,10,70.0,(16;16),rest,0,0,0
gemini-3.1-flash-lite,0.2,96,11,67.0,(16;16),rest,0,0,0
gemini-3.1-flash-lite,0.2,96,12,64.0,(16;16),rest,0,0,0
gemini-3.1-flash-lite,0.2,96,13,61.0,(16;16),rest,0,0,0
gemini-3.1-flash-lite,0.2,96,14,58.0,(16;16),rest,0,0,0
gemini-3.1-flash-lite,0.2,96,15,55.0,(16;16),rest,0,0,0
gemini-3.1-flash-lite,0.2,96,16,52.0,(16;16),rest,0,0,0
gemini-3.1-flash-lite,0.2,96,17,49.0,(16;16),rest,0,0,0
gemini-3.1-flash-lite,0.2,96,18,46.0,(16;16),rest,0,0,0
gemini-3.1-flash-lite,0.2,96,19,43.0,(16;16),rest,0,0,0
gemini-3.1-flash-lite,0.2,96,20,40.0,(16;16),rest,0,0,0
gemini-3.1-flash-lite,0.2,96,21,37.0,(16;16),rest,0,0,0
gemini-3.1-flash-lite,0.2,96,22,34.0,(16;16),rest,0,0,0
gemini-3.1-flash-lite,0.2,96,23,31.0,(16;16),rest,0,0,0
gemini-3.1-flash-lite,0.2,96,24,28.0,(16;16),rest,0,0,0
gemini-3.1-flash-lite,0.2,96,25,25.0,(16;16),rest,0,0,0
gemini-3.1-flash-lite,0.2,96,26,22.0,(16;16),rest,0,0,0
gemini-3.1-flash-lite,0.2,96,27,19.0,(16;16),rest,0,0,0
gemini-3.1-flash-lite,0.2,96,28,16.0,(16;16),rest,0,0,0
gemini-3.1-flash-lite,0.2,96,29,13.0,(16;16),rest,0,0,0
gemini-3.1-flash-lite,0.2,96,30,10.0,(16;16),rest,0,0,0
gemini-3.1-flash-lite,0.2,96,31,7.0,(16;16),rest,0,0,0
gemini-3.1-flash-lite,0.2,96,32,4.0,(16;16),rest,0,0,0
gemini-3.1-flash-lite,0.2,96,33,1.0,(16;16),rest,0,0,0
gemini-3.1-flash-lite,0.2,96,33,-1.0,(16;16),rest,0,0,0
gemini-3.1-flash-lite,0.2,97,1,97.0,(16;16),rest,0,0,0
gemini-3.1-flash-lite,0.2,97,2,94.0,(16;16),rest,0,0,0
gemini-3.1-flash-lite,0.2,97,3,91.0,(16;16),rest,0,0,0
gemini-3.1-flash-lite,0.2,97,4,88.0,(16;16),rest,0,0,0
gemini-3.1-flash-lite,0.2,97,5,85.0,(16;16),rest,0,0,0
gemini-3.1-flash-lite,0.2,97,6,82.0,(16;16),rest,0,0,0
gemini-3.1-flash-lite,0.2,97,7,79.0,(16;16),rest,0,0,0
gemini-3.1-flash-lite,0.2,97,8,76.0,(16;16),rest,0,0,0
gemini-3.1-flash-lite,0.2,97,9,73.0,(16;16),rest,0,0,0
gemini-3.1-flash-lite,0.2,97,10,70.0,(16;16),rest,0,0,0
gemini-3.1-flash-lite,0.2,97,11,67.0,(16;16),rest,0,0,0
gemini-3.1-flash-lite,0.2,97,12,64.0,(16;16),rest,0,0,0
gemini-3.1-flash-lite,0.2,97,13,61.0,(16;16),rest,0,0,0
gemini-3.1-flash-lite,0.2,97,14,58.0,(16;16),rest,0,0,0
gemini-3.1-flash-lite,0.2,97,15,55.0,(16;16),rest,0,0,0
gemini-3.1-flash-lite,0.2,97,16,52.0,(16;16),rest,0,0,0
gemini-3.1-flash-lite,0.2,97,17,49.0,(16;16),rest,0,0,0
gemini-3.1-flash-lite,0.2,97,18,46.0,(16;16),rest,0,0,0
gemini-3.1-flash-lite,0.2,97,19,43.0,(16;16),rest,0,0,0
gemini-3.1-flash-lite,0.2,97,20,40.0,(16;16),rest,0,0,0
gemini-3.1-flash-lite,0.2,97,21,37.0,(16;16),rest,0,0,0
gemini-3.1-flash-lite,0.2,97,22,34.0,(16;16),rest,0,0,0
gemini-3.1-flash-lite,0.2,97,23,31.0,(16;16),rest,0,0,0
gemini-3.1-flash-lite,0.2,97,24,28.0,(16;16),rest,0,0,0
gemini-3.1-flash-lite,0.2,97,25,25.0,(16;16),rest,0,0,0
gemini-3.1-flash-lite,0.2,97,26,22.0,(16;16),rest,0,0,0
gemini-3.1-flash-lite,0.2,97,27,19.0,(16;16),rest,0,0,0
gemini-3.1-flash-lite,0.2,97,28,16.0,(16;16),rest,0,0,0
gemini-3.1-flash-lite,0.2,97,29,13.0,(16;16),rest,0,0,0
gemini-3.1-flash-lite,0.2,97,30,10.0,(16;16),rest,0,0,0
gemini-3.1-flash-lite,0.2,97,31,7.0,(16;16),rest,0,0,0
gemini-3.1-flash-lite,0.2,97,32,4.0,(16;16),rest,0,0,0
gemini-3.1-flash-lite,0.2,97,33,1.0,(16;16),rest,0,0,0
gemini-3.1-flash-lite,0.2,97,33,-1.0,(16;16),rest,0,0,0
gemini-3.1-flash-lite,0.2,98,1,97.0,(16;16),rest,0,0,0
gemini-3.1-flash-lite,0.2,98,2,94.0,(16;16),rest,0,0,0
gemini-3.1-flash-lite,0.2,98,3,91.0,(16;16),rest,0,0,0
gemini-3.1-flash-lite,0.2,98,4,88.0,(16;16),rest,0,0,0
gemini-3.1-flash-lite,0.2,98,5,85.0,(16;16),rest,0,0,0
gemini-3.1-flash-lite,0.2,98,6,82.0,(16;16),rest,0,0,0
gemini-3.1-flash-lite,0.2,98,7,79.0,(16;16),rest,0,0,0
gemini-3.1-flash-lite,0.2,98,8,76.0,(16;16),rest,0,0,0
gemini-3.1-flash-lite,0.2,98,9,73.0,(16;16),rest,0,0,0
gemini-3.1-flash-lite,0.2,98,10,70.0,(16;16),rest,0,0,0
gemini-3.1-flash-lite,0.2,98,11,67.0,(16;16),rest,0,0,0
gemini-3.1-flash-lite,0.2,98,12,64.0,(16;16),rest,0,0,0
gemini-3.1-flash-lite,0.2,98,13,61.0,(16;16),rest,0,0,0
gemini-3.1-flash-lite,0.2,98,14,58.0,(16;16),rest,0,0,0
gemini-3.1-flash-lite,0.2,98,15,55.0,(16;16),rest,0,0,0
gemini-3.1-flash-lite,0.2,98,16,52.0,(16;16),rest,0,0,0
gemini-3.1-flash-lite,0.2,98,17,49.0,(16;16),rest,0,0,0
gemini-3.1-flash-lite,0.2,98,18,46.0,(16;16),rest,0,0,0
gemini-3.1-flash-lite,0.2,98,19,43.0,(16;16),rest,0,0,0
gemini-3.1-flash-lite,0.2,98,20,40.0,(16;16),rest,0,0,0
gemini-3.1-flash-lite,0.2,98,21,37.0,(16;16),rest,0,0,0
gemini-3.1-flash-lite,0.2,98,22,34.0,(16;16),rest,0,0,0
gemini-3.1-flash-lite,0.2,98,23,31.0,(16;16),rest,0,0,0
gemini-3.1-flash-lite,0.2,98,24,28.0,(16;16),rest,0,0,0
gemini-3.1-flash-lite,0.2,98,25,25.0,(16;16),rest,0,0,0
gemini-3.1-flash-lite,0.2,98,26,22.0,(16;16),rest,0,0,0
gemini-3.1-flash-lite,0.2,98,27,19.0,(16;16),rest,0,0,0
gemini-3.1-flash-lite,0.2,98,28,16.0,(16;16),rest,0,0,0
gemini-3.1-flash-lite,0.2,98,29,13.0,(16;16),rest,0,0,0
gemini-3.1-flash-lite,0.2,98,30,10.0,(16;16),rest,0,0,0
gemini-3.1-flash-lite,0.2,98,31,7.0,(16;16),rest,0,0,0
gemini-3.1-flash-lite,0.2,98,32,4.0,(16;16),rest,0,0,0
gemini-3.1-flash-lite,0.2,98,33,1.0,(16;16),rest,0,0,0
gemini-3.1-flash-lite,0.2,98,33,-1.0,(16;16),rest,0,0,0
gemini-3.1-flash-lite,0.2,99,1,97.0,(16;16),rest,0,0,0
gemini-3.1-flash-lite,0.2,99,2,94.0,(16;16),rest,0,0,0
gemini-3.1-flash-lite,0.2,99,3,91.0,(16;16),rest,0,0,0
gemini-3.1-flash-lite,0.2,99,4,88.0,(16;16),rest,0,0,0
gemini-3.1-flash-lite,0.2,99,5,85.0,(16;16),rest,0,0,0
gemini-3.1-flash-lite,0.2,99,6,82.0,(16;16),rest,0,0,0
gemini-3.1-flash-lite,0.2,99,7,79.0,(16;16),rest,0,0,0
gemini-3.1-flash-lite,0.2,99,8,76.0,(16;16),rest,0,0,0
gemini-3.1-flash-lite,0.2,99,9,73.0,(16;16),rest,0,0,0
gemini-3.1-flash-lite,0.2,99,10,70.0,(16;16),rest,0,0,0
gemini-3.1-flash-lite,0.2,99,11,67.0,(16;16),rest,0,0,0
gemini-3.1-flash-lite,0.2,99,12,64.0,(16;16),rest,0,0,0
gemini-3.1-flash-lite,0.2,99,13,61.0,(16;16),rest,0,0,0
gemini-3.1-flash-lite,0.2,99,14,58.0,(16;16),rest,0,0,0
gemini-3.1-flash-lite,0.2,99,15,55.0,(16;16),rest,0,0,0
gemini-3.1-flash-lite,0.2,99,16,52.0,(16;16),rest,0,0,0
gemini-3.1-flash-lite,0.2,99,17,49.0,(16;16),rest,0,0,0
gemini-3.1-flash-lite,0.2,99,18,46.0,(16;16),rest,0,0,0
gemini-3.1-flash-lite,0.2,99,19,43.0,(16;16),rest,0,0,0
